ISO-10303-21;
HEADER;
FILE_DESCRIPTION(('Open CASCADE Model'),'2;1');
FILE_NAME('Open CASCADE Shape Model','2026-04-30T15:06:17',('Author'),(
    'Open CASCADE'),'Open CASCADE STEP processor 7.5','Open CASCADE 7.5'
  ,'Unknown');
FILE_SCHEMA(('AUTOMOTIVE_DESIGN { 1 0 10303 214 1 1 1 1 }'));
ENDSEC;
DATA;
#1 = APPLICATION_PROTOCOL_DEFINITION('international standard',
  'automotive_design',2000,#2);
#2 = APPLICATION_CONTEXT(
  'core data for automotive mechanical design processes');
#3 = SHAPE_DEFINITION_REPRESENTATION(#4,#10);
#4 = PRODUCT_DEFINITION_SHAPE('','',#5);
#5 = PRODUCT_DEFINITION('design','',#6,#9);
#6 = PRODUCT_DEFINITION_FORMATION('','',#7);
#7 = PRODUCT('Open CASCADE STEP translator 7.5 9',
  'Open CASCADE STEP translator 7.5 9','',(#8));
#8 = PRODUCT_CONTEXT('',#2,'mechanical');
#9 = PRODUCT_DEFINITION_CONTEXT('part definition',#2,'design');
#10 = ADVANCED_BREP_SHAPE_REPRESENTATION('',(#11,#15),#243);
#11 = AXIS2_PLACEMENT_3D('',#12,#13,#14);
#12 = CARTESIAN_POINT('',(0.,0.,0.));
#13 = DIRECTION('',(0.,0.,1.));
#14 = DIRECTION('',(1.,0.,-0.));
#15 = MANIFOLD_SOLID_BREP('',#16);
#16 = CLOSED_SHELL('',(#17,#57,#88,#119,#141,#174,#207,#225));
#17 = ADVANCED_FACE('',(#18),#52,.T.);
#18 = FACE_BOUND('',#19,.T.);
#19 = EDGE_LOOP('',(#20,#30,#38,#46));
#20 = ORIENTED_EDGE('',*,*,#21,.T.);
#21 = EDGE_CURVE('',#22,#24,#26,.T.);
#22 = VERTEX_POINT('',#23);
#23 = CARTESIAN_POINT('',(0.,0.,-1.59999934));
#24 = VERTEX_POINT('',#25);
#25 = CARTESIAN_POINT('',(0.,0.,0.));
#26 = LINE('',#27,#28);
#27 = CARTESIAN_POINT('',(0.,0.,-1.59999934));
#28 = VECTOR('',#29,1.);
#29 = DIRECTION('',(0.,0.,1.));
#30 = ORIENTED_EDGE('',*,*,#31,.T.);
#31 = EDGE_CURVE('',#24,#32,#34,.T.);
#32 = VERTEX_POINT('',#33);
#33 = CARTESIAN_POINT('',(0.,10.,0.));
#34 = LINE('',#35,#36);
#35 = CARTESIAN_POINT('',(0.,0.,0.));
#36 = VECTOR('',#37,1.);
#37 = DIRECTION('',(0.,1.,0.));
#38 = ORIENTED_EDGE('',*,*,#39,.F.);
#39 = EDGE_CURVE('',#40,#32,#42,.T.);
#40 = VERTEX_POINT('',#41);
#41 = CARTESIAN_POINT('',(0.,10.,-1.59999934));
#42 = LINE('',#43,#44);
#43 = CARTESIAN_POINT('',(0.,10.,-1.59999934));
#44 = VECTOR('',#45,1.);
#45 = DIRECTION('',(0.,0.,1.));
#46 = ORIENTED_EDGE('',*,*,#47,.F.);
#47 = EDGE_CURVE('',#22,#40,#48,.T.);
#48 = LINE('',#49,#50);
#49 = CARTESIAN_POINT('',(0.,0.,-1.59999934));
#50 = VECTOR('',#51,1.);
#51 = DIRECTION('',(0.,1.,0.));
#52 = PLANE('',#53);
#53 = AXIS2_PLACEMENT_3D('',#54,#55,#56);
#54 = CARTESIAN_POINT('',(0.,0.,-1.59999934));
#55 = DIRECTION('',(-1.,0.,0.));
#56 = DIRECTION('',(0.,1.,0.));
#57 = ADVANCED_FACE('',(#58),#83,.T.);
#58 = FACE_BOUND('',#59,.T.);
#59 = EDGE_LOOP('',(#60,#61,#69,#77));
#60 = ORIENTED_EDGE('',*,*,#39,.T.);
#61 = ORIENTED_EDGE('',*,*,#62,.T.);
#62 = EDGE_CURVE('',#32,#63,#65,.T.);
#63 = VERTEX_POINT('',#64);
#64 = CARTESIAN_POINT('',(16.,10.,0.));
#65 = LINE('',#66,#67);
#66 = CARTESIAN_POINT('',(0.,10.,0.));
#67 = VECTOR('',#68,1.);
#68 = DIRECTION('',(1.,0.,0.));
#69 = ORIENTED_EDGE('',*,*,#70,.F.);
#70 = EDGE_CURVE('',#71,#63,#73,.T.);
#71 = VERTEX_POINT('',#72);
#72 = CARTESIAN_POINT('',(16.,10.,-1.59999934));
#73 = LINE('',#74,#75);
#74 = CARTESIAN_POINT('',(16.,10.,-1.59999934));
#75 = VECTOR('',#76,1.);
#76 = DIRECTION('',(0.,0.,1.));
#77 = ORIENTED_EDGE('',*,*,#78,.F.);
#78 = EDGE_CURVE('',#40,#71,#79,.T.);
#79 = LINE('',#80,#81);
#80 = CARTESIAN_POINT('',(0.,10.,-1.59999934));
#81 = VECTOR('',#82,1.);
#82 = DIRECTION('',(1.,0.,0.));
#83 = PLANE('',#84);
#84 = AXIS2_PLACEMENT_3D('',#85,#86,#87);
#85 = CARTESIAN_POINT('',(0.,10.,-1.59999934));
#86 = DIRECTION('',(0.,1.,0.));
#87 = DIRECTION('',(1.,0.,0.));
#88 = ADVANCED_FACE('',(#89),#114,.T.);
#89 = FACE_BOUND('',#90,.T.);
#90 = EDGE_LOOP('',(#91,#92,#100,#108));
#91 = ORIENTED_EDGE('',*,*,#70,.T.);
#92 = ORIENTED_EDGE('',*,*,#93,.T.);
#93 = EDGE_CURVE('',#63,#94,#96,.T.);
#94 = VERTEX_POINT('',#95);
#95 = CARTESIAN_POINT('',(16.,0.,0.));
#96 = LINE('',#97,#98);
#97 = CARTESIAN_POINT('',(16.,10.,0.));
#98 = VECTOR('',#99,1.);
#99 = DIRECTION('',(0.,-1.,0.));
#100 = ORIENTED_EDGE('',*,*,#101,.F.);
#101 = EDGE_CURVE('',#102,#94,#104,.T.);
#102 = VERTEX_POINT('',#103);
#103 = CARTESIAN_POINT('',(16.,0.,-1.59999934));
#104 = LINE('',#105,#106);
#105 = CARTESIAN_POINT('',(16.,0.,-1.59999934));
#106 = VECTOR('',#107,1.);
#107 = DIRECTION('',(0.,0.,1.));
#108 = ORIENTED_EDGE('',*,*,#109,.F.);
#109 = EDGE_CURVE('',#71,#102,#110,.T.);
#110 = LINE('',#111,#112);
#111 = CARTESIAN_POINT('',(16.,10.,-1.59999934));
#112 = VECTOR('',#113,1.);
#113 = DIRECTION('',(0.,-1.,0.));
#114 = PLANE('',#115);
#115 = AXIS2_PLACEMENT_3D('',#116,#117,#118);
#116 = CARTESIAN_POINT('',(16.,10.,-1.59999934));
#117 = DIRECTION('',(1.,0.,-0.));
#118 = DIRECTION('',(0.,-1.,0.));
#119 = ADVANCED_FACE('',(#120),#136,.T.);
#120 = FACE_BOUND('',#121,.T.);
#121 = EDGE_LOOP('',(#122,#123,#129,#130));
#122 = ORIENTED_EDGE('',*,*,#101,.T.);
#123 = ORIENTED_EDGE('',*,*,#124,.T.);
#124 = EDGE_CURVE('',#94,#24,#125,.T.);
#125 = LINE('',#126,#127);
#126 = CARTESIAN_POINT('',(16.,0.,0.));
#127 = VECTOR('',#128,1.);
#128 = DIRECTION('',(-1.,0.,0.));
#129 = ORIENTED_EDGE('',*,*,#21,.F.);
#130 = ORIENTED_EDGE('',*,*,#131,.F.);
#131 = EDGE_CURVE('',#102,#22,#132,.T.);
#132 = LINE('',#133,#134);
#133 = CARTESIAN_POINT('',(16.,0.,-1.59999934));
#134 = VECTOR('',#135,1.);
#135 = DIRECTION('',(-1.,0.,0.));
#136 = PLANE('',#137);
#137 = AXIS2_PLACEMENT_3D('',#138,#139,#140);
#138 = CARTESIAN_POINT('',(16.,0.,-1.59999934));
#139 = DIRECTION('',(0.,-1.,0.));
#140 = DIRECTION('',(-1.,0.,0.));
#141 = ADVANCED_FACE('',(#142),#169,.F.);
#142 = FACE_BOUND('',#143,.T.);
#143 = EDGE_LOOP('',(#144,#154,#161,#162));
#144 = ORIENTED_EDGE('',*,*,#145,.T.);
#145 = EDGE_CURVE('',#146,#148,#150,.T.);
#146 = VERTEX_POINT('',#147);
#147 = CARTESIAN_POINT('',(8.5,8.7,-1.59999934));
#148 = VERTEX_POINT('',#149);
#149 = CARTESIAN_POINT('',(8.5,8.7,0.));
#150 = LINE('',#151,#152);
#151 = CARTESIAN_POINT('',(8.5,8.7,-1.59999934));
#152 = VECTOR('',#153,1.);
#153 = DIRECTION('',(0.,0.,1.));
#154 = ORIENTED_EDGE('',*,*,#155,.T.);
#155 = EDGE_CURVE('',#148,#148,#156,.T.);
#156 = CIRCLE('',#157,0.5);
#157 = AXIS2_PLACEMENT_3D('',#158,#159,#160);
#158 = CARTESIAN_POINT('',(8.,8.7,0.));
#159 = DIRECTION('',(0.,0.,1.));
#160 = DIRECTION('',(1.,0.,-0.));
#161 = ORIENTED_EDGE('',*,*,#145,.F.);
#162 = ORIENTED_EDGE('',*,*,#163,.F.);
#163 = EDGE_CURVE('',#146,#146,#164,.T.);
#164 = CIRCLE('',#165,0.5);
#165 = AXIS2_PLACEMENT_3D('',#166,#167,#168);
#166 = CARTESIAN_POINT('',(8.,8.7,-1.59999934));
#167 = DIRECTION('',(0.,0.,1.));
#168 = DIRECTION('',(1.,0.,-0.));
#169 = CYLINDRICAL_SURFACE('',#170,0.5);
#170 = AXIS2_PLACEMENT_3D('',#171,#172,#173);
#171 = CARTESIAN_POINT('',(8.,8.7,-1.59999934));
#172 = DIRECTION('',(-0.,-0.,-1.));
#173 = DIRECTION('',(1.,0.,-0.));
#174 = ADVANCED_FACE('',(#175),#202,.F.);
#175 = FACE_BOUND('',#176,.T.);
#176 = EDGE_LOOP('',(#177,#187,#194,#195));
#177 = ORIENTED_EDGE('',*,*,#178,.T.);
#178 = EDGE_CURVE('',#179,#181,#183,.T.);
#179 = VERTEX_POINT('',#180);
#180 = CARTESIAN_POINT('',(8.5,1.3,-1.59999934));
#181 = VERTEX_POINT('',#182);
#182 = CARTESIAN_POINT('',(8.5,1.3,0.));
#183 = LINE('',#184,#185);
#184 = CARTESIAN_POINT('',(8.5,1.3,-1.59999934));
#185 = VECTOR('',#186,1.);
#186 = DIRECTION('',(0.,0.,1.));
#187 = ORIENTED_EDGE('',*,*,#188,.T.);
#188 = EDGE_CURVE('',#181,#181,#189,.T.);
#189 = CIRCLE('',#190,0.5);
#190 = AXIS2_PLACEMENT_3D('',#191,#192,#193);
#191 = CARTESIAN_POINT('',(8.,1.3,0.));
#192 = DIRECTION('',(0.,0.,1.));
#193 = DIRECTION('',(1.,0.,-0.));
#194 = ORIENTED_EDGE('',*,*,#178,.F.);
#195 = ORIENTED_EDGE('',*,*,#196,.F.);
#196 = EDGE_CURVE('',#179,#179,#197,.T.);
#197 = CIRCLE('',#198,0.5);
#198 = AXIS2_PLACEMENT_3D('',#199,#200,#201);
#199 = CARTESIAN_POINT('',(8.,1.3,-1.59999934));
#200 = DIRECTION('',(0.,0.,1.));
#201 = DIRECTION('',(1.,0.,-0.));
#202 = CYLINDRICAL_SURFACE('',#203,0.5);
#203 = AXIS2_PLACEMENT_3D('',#204,#205,#206);
#204 = CARTESIAN_POINT('',(8.,1.3,-1.59999934));
#205 = DIRECTION('',(-0.,-0.,-1.));
#206 = DIRECTION('',(1.,0.,-0.));
#207 = ADVANCED_FACE('',(#208,#214,#217),#220,.T.);
#208 = FACE_BOUND('',#209,.T.);
#209 = EDGE_LOOP('',(#210,#211,#212,#213));
#210 = ORIENTED_EDGE('',*,*,#47,.T.);
#211 = ORIENTED_EDGE('',*,*,#78,.T.);
#212 = ORIENTED_EDGE('',*,*,#109,.T.);
#213 = ORIENTED_EDGE('',*,*,#131,.T.);
#214 = FACE_BOUND('',#215,.T.);
#215 = EDGE_LOOP('',(#216));
#216 = ORIENTED_EDGE('',*,*,#163,.T.);
#217 = FACE_BOUND('',#218,.T.);
#218 = EDGE_LOOP('',(#219));
#219 = ORIENTED_EDGE('',*,*,#196,.T.);
#220 = PLANE('',#221);
#221 = AXIS2_PLACEMENT_3D('',#222,#223,#224);
#222 = CARTESIAN_POINT('',(8.,5.,-1.59999934));
#223 = DIRECTION('',(-0.,-0.,-1.));
#224 = DIRECTION('',(-1.,0.,0.));
#225 = ADVANCED_FACE('',(#226,#232,#235),#238,.F.);
#226 = FACE_BOUND('',#227,.F.);
#227 = EDGE_LOOP('',(#228,#229,#230,#231));
#228 = ORIENTED_EDGE('',*,*,#31,.T.);
#229 = ORIENTED_EDGE('',*,*,#62,.T.);
#230 = ORIENTED_EDGE('',*,*,#93,.T.);
#231 = ORIENTED_EDGE('',*,*,#124,.T.);
#232 = FACE_BOUND('',#233,.F.);
#233 = EDGE_LOOP('',(#234));
#234 = ORIENTED_EDGE('',*,*,#155,.T.);
#235 = FACE_BOUND('',#236,.F.);
#236 = EDGE_LOOP('',(#237));
#237 = ORIENTED_EDGE('',*,*,#188,.T.);
#238 = PLANE('',#239);
#239 = AXIS2_PLACEMENT_3D('',#240,#241,#242);
#240 = CARTESIAN_POINT('',(8.,5.,0.));
#241 = DIRECTION('',(-0.,-0.,-1.));
#242 = DIRECTION('',(-1.,0.,0.));
#243 = ( GEOMETRIC_REPRESENTATION_CONTEXT(3) 
GLOBAL_UNCERTAINTY_ASSIGNED_CONTEXT((#247)) GLOBAL_UNIT_ASSIGNED_CONTEXT
((#244,#245,#246)) REPRESENTATION_CONTEXT('Context #1',
  '3D Context with UNIT and UNCERTAINTY') );
#244 = ( LENGTH_UNIT() NAMED_UNIT(*) SI_UNIT(.MILLI.,.METRE.) );
#245 = ( NAMED_UNIT(*) PLANE_ANGLE_UNIT() SI_UNIT($,.RADIAN.) );
#246 = ( NAMED_UNIT(*) SI_UNIT($,.STERADIAN.) SOLID_ANGLE_UNIT() );
#247 = UNCERTAINTY_MEASURE_WITH_UNIT(LENGTH_MEASURE(1.E-07),#244,
  'distance_accuracy_value','confusion accuracy');
#248 = PRODUCT_RELATED_PRODUCT_CATEGORY('part',$,(#7));
#249 = SHAPE_DEFINITION_REPRESENTATION(#250,#256);
#250 = PRODUCT_DEFINITION_SHAPE('','',#251);
#251 = PRODUCT_DEFINITION('design','',#252,#255);
#252 = PRODUCT_DEFINITION_FORMATION('','',#253);
#253 = PRODUCT('Open CASCADE STEP translator 7.5 10',
  'Open CASCADE STEP translator 7.5 10','',(#254));
#254 = PRODUCT_CONTEXT('',#2,'mechanical');
#255 = PRODUCT_DEFINITION_CONTEXT('part definition',#2,'design');
#256 = SHAPE_REPRESENTATION('',(#11,#257,#407),#2209);
#257 = MANIFOLD_SOLID_BREP('',#258);
#258 = CLOSED_SHELL('',(#259,#299,#330,#361,#383,#395));
#259 = ADVANCED_FACE('',(#260),#294,.F.);
#260 = FACE_BOUND('',#261,.T.);
#261 = EDGE_LOOP('',(#262,#272,#280,#288));
#262 = ORIENTED_EDGE('',*,*,#263,.T.);
#263 = EDGE_CURVE('',#264,#266,#268,.T.);
#264 = VERTEX_POINT('',#265);
#265 = CARTESIAN_POINT('',(9.630082109219,2.900045776242,3.E-02));
#266 = VERTEX_POINT('',#267);
#267 = CARTESIAN_POINT('',(9.630082109219,2.900045793289,0.42));
#268 = LINE('',#269,#270);
#269 = CARTESIAN_POINT('',(9.630082109219,2.900045776242,3.E-02));
#270 = VECTOR('',#271,1.);
#271 = DIRECTION('',(-3.82137275408E-15,4.371140912996E-08,1.));
#272 = ORIENTED_EDGE('',*,*,#273,.F.);
#273 = EDGE_CURVE('',#274,#266,#276,.T.);
#274 = VERTEX_POINT('',#275);
#275 = CARTESIAN_POINT('',(9.630082039281,3.700045793289,0.419999965031)
  );
#276 = LINE('',#277,#278);
#277 = CARTESIAN_POINT('',(9.630082039281,3.700045793289,0.419999965031)
  );
#278 = VECTOR('',#279,1.);
#279 = DIRECTION('',(8.742277657348E-08,-1.,4.371140912996E-08));
#280 = ORIENTED_EDGE('',*,*,#281,.F.);
#281 = EDGE_CURVE('',#282,#274,#284,.T.);
#282 = VERTEX_POINT('',#283);
#283 = CARTESIAN_POINT('',(9.630082039281,3.700045776242,
    2.999996503087E-02));
#284 = LINE('',#285,#286);
#285 = CARTESIAN_POINT('',(9.630082039281,3.700045776242,
    2.999996503087E-02));
#286 = VECTOR('',#287,1.);
#287 = DIRECTION('',(-3.82137275408E-15,4.371140912996E-08,1.));
#288 = ORIENTED_EDGE('',*,*,#289,.T.);
#289 = EDGE_CURVE('',#282,#264,#290,.T.);
#290 = LINE('',#291,#292);
#291 = CARTESIAN_POINT('',(9.630082039281,3.700045776242,
    2.999996503087E-02));
#292 = VECTOR('',#293,1.);
#293 = DIRECTION('',(8.742277657348E-08,-1.,4.371140912996E-08));
#294 = PLANE('',#295);
#295 = AXIS2_PLACEMENT_3D('',#296,#297,#298);
#296 = CARTESIAN_POINT('',(9.630082039281,3.700045776242,
    2.999996503087E-02));
#297 = DIRECTION('',(1.,8.742277657348E-08,-9.466853158302E-31));
#298 = DIRECTION('',(-8.742277657348E-08,1.,-4.371140912996E-08));
#299 = ADVANCED_FACE('',(#300),#325,.F.);
#300 = FACE_BOUND('',#301,.T.);
#301 = EDGE_LOOP('',(#302,#310,#318,#324));
#302 = ORIENTED_EDGE('',*,*,#303,.T.);
#303 = EDGE_CURVE('',#266,#304,#306,.T.);
#304 = VERTEX_POINT('',#305);
#305 = CARTESIAN_POINT('',(11.170082109219,2.90004592792,0.42));
#306 = LINE('',#307,#308);
#307 = CARTESIAN_POINT('',(9.630082109219,2.900045793289,0.42));
#308 = VECTOR('',#309,1.);
#309 = DIRECTION('',(1.,8.742277657348E-08,-9.466853158302E-31));
#310 = ORIENTED_EDGE('',*,*,#311,.F.);
#311 = EDGE_CURVE('',#312,#304,#314,.T.);
#312 = VERTEX_POINT('',#313);
#313 = CARTESIAN_POINT('',(11.170082039281,3.70004592792,0.419999965031)
  );
#314 = LINE('',#315,#316);
#315 = CARTESIAN_POINT('',(11.170082039281,3.70004592792,0.419999965031)
  );
#316 = VECTOR('',#317,1.);
#317 = DIRECTION('',(8.742277657348E-08,-1.,4.371140912996E-08));
#318 = ORIENTED_EDGE('',*,*,#319,.F.);
#319 = EDGE_CURVE('',#274,#312,#320,.T.);
#320 = LINE('',#321,#322);
#321 = CARTESIAN_POINT('',(9.630082039281,3.700045793289,0.419999965031)
  );
#322 = VECTOR('',#323,1.);
#323 = DIRECTION('',(1.,8.742277657348E-08,-9.466853158302E-31));
#324 = ORIENTED_EDGE('',*,*,#273,.T.);
#325 = PLANE('',#326);
#326 = AXIS2_PLACEMENT_3D('',#327,#328,#329);
#327 = CARTESIAN_POINT('',(9.630082039281,3.700045793289,0.419999965031)
  );
#328 = DIRECTION('',(3.82137275408E-15,-4.371140912996E-08,-1.));
#329 = DIRECTION('',(8.742277657348E-08,-1.,4.371140912996E-08));
#330 = ADVANCED_FACE('',(#331),#356,.F.);
#331 = FACE_BOUND('',#332,.T.);
#332 = EDGE_LOOP('',(#333,#341,#349,#355));
#333 = ORIENTED_EDGE('',*,*,#334,.T.);
#334 = EDGE_CURVE('',#304,#335,#337,.T.);
#335 = VERTEX_POINT('',#336);
#336 = CARTESIAN_POINT('',(11.170082109219,2.900045910873,3.E-02));
#337 = LINE('',#338,#339);
#338 = CARTESIAN_POINT('',(11.170082109219,2.900045910873,3.E-02));
#339 = VECTOR('',#340,1.);
#340 = DIRECTION('',(3.82137275408E-15,-4.371140912996E-08,-1.));
#341 = ORIENTED_EDGE('',*,*,#342,.F.);
#342 = EDGE_CURVE('',#343,#335,#345,.T.);
#343 = VERTEX_POINT('',#344);
#344 = CARTESIAN_POINT('',(11.170082039281,3.700045910873,
    2.999996503087E-02));
#345 = LINE('',#346,#347);
#346 = CARTESIAN_POINT('',(11.170082039281,3.700045910873,
    2.999996503087E-02));
#347 = VECTOR('',#348,1.);
#348 = DIRECTION('',(8.742277657348E-08,-1.,4.371140912996E-08));
#349 = ORIENTED_EDGE('',*,*,#350,.F.);
#350 = EDGE_CURVE('',#312,#343,#351,.T.);
#351 = LINE('',#352,#353);
#352 = CARTESIAN_POINT('',(11.170082039281,3.700045910873,
    2.999996503087E-02));
#353 = VECTOR('',#354,1.);
#354 = DIRECTION('',(3.82137275408E-15,-4.371140912996E-08,-1.));
#355 = ORIENTED_EDGE('',*,*,#311,.T.);
#356 = PLANE('',#357);
#357 = AXIS2_PLACEMENT_3D('',#358,#359,#360);
#358 = CARTESIAN_POINT('',(11.170082039281,3.700045910873,
    2.999996503087E-02));
#359 = DIRECTION('',(-1.,-8.742277657348E-08,9.466853158302E-31));
#360 = DIRECTION('',(8.742277657348E-08,-1.,4.371140912996E-08));
#361 = ADVANCED_FACE('',(#362),#378,.F.);
#362 = FACE_BOUND('',#363,.T.);
#363 = EDGE_LOOP('',(#364,#370,#371,#377));
#364 = ORIENTED_EDGE('',*,*,#365,.T.);
#365 = EDGE_CURVE('',#335,#264,#366,.T.);
#366 = LINE('',#367,#368);
#367 = CARTESIAN_POINT('',(9.630082109219,2.900045776242,3.E-02));
#368 = VECTOR('',#369,1.);
#369 = DIRECTION('',(-1.,-8.742277657348E-08,9.466853158302E-31));
#370 = ORIENTED_EDGE('',*,*,#289,.F.);
#371 = ORIENTED_EDGE('',*,*,#372,.F.);
#372 = EDGE_CURVE('',#343,#282,#373,.T.);
#373 = LINE('',#374,#375);
#374 = CARTESIAN_POINT('',(9.630082039281,3.700045776242,
    2.999996503087E-02));
#375 = VECTOR('',#376,1.);
#376 = DIRECTION('',(-1.,-8.742277657348E-08,9.466853158302E-31));
#377 = ORIENTED_EDGE('',*,*,#342,.T.);
#378 = PLANE('',#379);
#379 = AXIS2_PLACEMENT_3D('',#380,#381,#382);
#380 = CARTESIAN_POINT('',(9.630082039281,3.700045776242,
    2.999996503087E-02));
#381 = DIRECTION('',(-3.82137275408E-15,4.371140912996E-08,1.));
#382 = DIRECTION('',(-8.742277657348E-08,1.,-4.371140912996E-08));
#383 = ADVANCED_FACE('',(#384),#390,.T.);
#384 = FACE_BOUND('',#385,.T.);
#385 = EDGE_LOOP('',(#386,#387,#388,#389));
#386 = ORIENTED_EDGE('',*,*,#281,.T.);
#387 = ORIENTED_EDGE('',*,*,#319,.T.);
#388 = ORIENTED_EDGE('',*,*,#350,.T.);
#389 = ORIENTED_EDGE('',*,*,#372,.T.);
#390 = PLANE('',#391);
#391 = AXIS2_PLACEMENT_3D('',#392,#393,#394);
#392 = CARTESIAN_POINT('',(9.630082039281,3.700045793289,0.419999965031)
  );
#393 = DIRECTION('',(-8.742277657348E-08,1.,-4.371140912996E-08));
#394 = DIRECTION('',(-1.,-8.742277657348E-08,9.466853158302E-31));
#395 = ADVANCED_FACE('',(#396),#402,.F.);
#396 = FACE_BOUND('',#397,.T.);
#397 = EDGE_LOOP('',(#398,#399,#400,#401));
#398 = ORIENTED_EDGE('',*,*,#263,.F.);
#399 = ORIENTED_EDGE('',*,*,#365,.F.);
#400 = ORIENTED_EDGE('',*,*,#334,.F.);
#401 = ORIENTED_EDGE('',*,*,#303,.F.);
#402 = PLANE('',#403);
#403 = AXIS2_PLACEMENT_3D('',#404,#405,#406);
#404 = CARTESIAN_POINT('',(9.630082109219,2.900045793289,0.42));
#405 = DIRECTION('',(-8.742277657348E-08,1.,-4.371140912996E-08));
#406 = DIRECTION('',(-1.,-8.742277657348E-08,9.466853158302E-31));
#407 = MANIFOLD_SOLID_BREP('',#408);
#408 = CLOSED_SHELL('',(#409,#1085,#1148,#1181,#1231,#1243,#1300,#1312,
    #1362,#1374,#1405,#1468,#1499,#1571,#1595,#1619,#1643,#1667,#1691,
    #1816,#1840,#1864,#1888,#1912,#1936,#1983,#2004,#2025,#2042,#2059,
    #2071,#2088,#2105,#2117,#2134,#2151,#2163,#2180,#2197));
#409 = ADVANCED_FACE('',(#410,#508,#670,#768,#1014),#1080,.F.);
#410 = FACE_BOUND('',#411,.T.);
#411 = EDGE_LOOP('',(#412,#430,#438,#454,#462,#478,#486,#502));
#412 = ORIENTED_EDGE('',*,*,#413,.T.);
#413 = EDGE_CURVE('',#414,#416,#418,.T.);
#414 = VERTEX_POINT('',#415);
#415 = CARTESIAN_POINT('',(10.655383296553,3.100045884235,0.449999991258
    ));
#416 = VERTEX_POINT('',#417);
#417 = CARTESIAN_POINT('',(10.625865221684,3.129563953944,0.449999989967
    ));
#418 = B_SPLINE_CURVE_WITH_KNOTS('',3,(#419,#420,#421,#422,#423,#424,
    #425,#426,#427,#428,#429),.UNSPECIFIED.,.F.,.F.,(4,1,1,1,1,1,1,1,4),
  (0.,0.127496530193,0.250064446803,0.374669761678,0.503931498062,
    0.632339469157,0.754734267154,0.875746151733,1.),.UNSPECIFIED.);
#419 = CARTESIAN_POINT('',(10.655383296553,3.100045884235,0.449999991258
    ));
#420 = CARTESIAN_POINT('',(10.653412149847,3.100134610593,0.449999991254
    ));
#421 = CARTESIAN_POINT('',(10.649546054748,3.100308633428,0.449999991246
    ));
#422 = CARTESIAN_POINT('',(10.643983750909,3.102073294821,0.449999991169
    ));
#423 = CARTESIAN_POINT('',(10.63885429106,3.104873895452,0.449999991047)
  );
#424 = CARTESIAN_POINT('',(10.634427762591,3.108821204581,0.449999990874
    ));
#425 = CARTESIAN_POINT('',(10.630653886053,3.113340030349,0.449999990677
    ));
#426 = CARTESIAN_POINT('',(10.627898619342,3.118401389593,0.449999990455
    ));
#427 = CARTESIAN_POINT('',(10.6261334516,3.123851026972,0.449999990217)
  );
#428 = CARTESIAN_POINT('',(10.62595541609,3.127642937583,0.449999990051)
  );
#429 = CARTESIAN_POINT('',(10.625865221684,3.129563953944,0.449999989967
    ));
#430 = ORIENTED_EDGE('',*,*,#431,.T.);
#431 = EDGE_CURVE('',#416,#432,#434,.T.);
#432 = VERTEX_POINT('',#433);
#433 = CARTESIAN_POINT('',(10.625865191876,3.470527809366,0.449999975063
    ));
#434 = LINE('',#435,#436);
#435 = CARTESIAN_POINT('',(10.625865171811,3.700045881655,0.449999965031
    ));
#436 = VECTOR('',#437,1.);
#437 = DIRECTION('',(-8.742277657348E-08,1.,-4.371140912996E-08));
#438 = ORIENTED_EDGE('',*,*,#439,.T.);
#439 = EDGE_CURVE('',#432,#440,#442,.T.);
#440 = VERTEX_POINT('',#441);
#441 = CARTESIAN_POINT('',(10.655383261584,3.500045884235,0.449999973773
    ));
#442 = B_SPLINE_CURVE_WITH_KNOTS('',3,(#443,#444,#445,#446,#447,#448,
    #449,#450,#451,#452,#453),.UNSPECIFIED.,.F.,.F.,(4,1,1,1,1,1,1,1,4),
  (0.,0.124207723637,0.245174687046,0.368955211744,0.497315516145,
    0.625469320566,0.750028380342,0.872550798161,1.),.UNSPECIFIED.);
#443 = CARTESIAN_POINT('',(10.625865191876,3.470527809366,0.449999975063
    ));
#444 = CARTESIAN_POINT('',(10.625954405521,3.472449303355,0.449999974979
    ));
#445 = CARTESIAN_POINT('',(10.626130505099,3.476242156759,0.449999974814
    ));
#446 = CARTESIAN_POINT('',(10.627916879207,3.481706033065,0.449999974575
    ));
#447 = CARTESIAN_POINT('',(10.630632406054,3.48681154325,0.449999974352)
  );
#448 = CARTESIAN_POINT('',(10.634405922365,3.491348213415,0.449999974153
    ));
#449 = CARTESIAN_POINT('',(10.638880451901,3.495211691554,0.449999973984
    ));
#450 = CARTESIAN_POINT('',(10.64398068219,3.498022105283,0.449999973862)
  );
#451 = CARTESIAN_POINT('',(10.649546808594,3.499782189396,0.449999973785
    ));
#452 = CARTESIAN_POINT('',(10.653412381249,3.499956838547,0.449999973777
    ));
#453 = CARTESIAN_POINT('',(10.655383261584,3.500045884235,0.449999973773
    ));
#454 = ORIENTED_EDGE('',*,*,#455,.T.);
#455 = EDGE_CURVE('',#440,#456,#458,.T.);
#456 = VERTEX_POINT('',#457);
#457 = CARTESIAN_POINT('',(10.755383261584,3.500045892978,0.449999973773
    ));
#458 = LINE('',#459,#460);
#459 = CARTESIAN_POINT('',(10.400082056765,3.500045861916,0.449999973773
    ));
#460 = VECTOR('',#461,1.);
#461 = DIRECTION('',(1.,8.742277657348E-08,-9.466853158302E-31));
#462 = ORIENTED_EDGE('',*,*,#463,.T.);
#463 = EDGE_CURVE('',#456,#464,#466,.T.);
#464 = VERTEX_POINT('',#465);
#465 = CARTESIAN_POINT('',(10.784901336454,3.470527823269,0.449999975063
    ));
#466 = B_SPLINE_CURVE_WITH_KNOTS('',3,(#467,#468,#469,#470,#471,#472,
    #473,#474,#475,#476,#477),.UNSPECIFIED.,.F.,.F.,(4,1,1,1,1,1,1,1,4),
  (0.,0.128853565614,0.252725032213,0.377075035684,0.505013750484,
    0.632134891009,0.755707666072,0.876000742996,1.),.UNSPECIFIED.);
#467 = CARTESIAN_POINT('',(10.755383261584,3.500045892978,0.449999973773
    ));
#468 = CARTESIAN_POINT('',(10.75737853658,3.499955850909,0.449999973777)
  );
#469 = CARTESIAN_POINT('',(10.761291939638,3.499779248232,0.449999973785
    ));
#470 = CARTESIAN_POINT('',(10.76691834405,3.498040773128,0.449999973861)
  );
#471 = CARTESIAN_POINT('',(10.772031151074,3.495206201193,0.449999973985
    ));
#472 = CARTESIAN_POINT('',(10.776518660314,3.491373838319,0.449999974152
    ));
#473 = CARTESIAN_POINT('',(10.780194381724,3.486782753753,0.449999974353
    ));
#474 = CARTESIAN_POINT('',(10.782951171629,3.481723537003,0.449999974574
    ));
#475 = CARTESIAN_POINT('',(10.784611780262,3.476226857321,0.449999974814
    ));
#476 = CARTESIAN_POINT('',(10.784803846439,3.472446618065,0.44999997498)
  );
#477 = CARTESIAN_POINT('',(10.784901336454,3.470527823269,0.449999975063
    ));
#478 = ORIENTED_EDGE('',*,*,#479,.T.);
#479 = EDGE_CURVE('',#464,#480,#482,.T.);
#480 = VERTEX_POINT('',#481);
#481 = CARTESIAN_POINT('',(10.784901366262,3.129563967847,0.449999989967
    ));
#482 = LINE('',#483,#484);
#483 = CARTESIAN_POINT('',(10.784901316389,3.700045895558,0.449999965031
    ));
#484 = VECTOR('',#485,1.);
#485 = DIRECTION('',(8.742277657348E-08,-1.,4.371140912996E-08));
#486 = ORIENTED_EDGE('',*,*,#487,.T.);
#487 = EDGE_CURVE('',#480,#488,#490,.T.);
#488 = VERTEX_POINT('',#489);
#489 = CARTESIAN_POINT('',(10.755383296553,3.100045892978,0.449999991258
    ));
#490 = B_SPLINE_CURVE_WITH_KNOTS('',3,(#491,#492,#493,#494,#495,#496,
    #497,#498,#499,#500,#501),.UNSPECIFIED.,.F.,.F.,(4,1,1,1,1,1,1,1,4),
  (0.,0.124045226906,0.244382899751,0.36657219772,0.493740465514,
    0.622785172329,0.747181275733,0.871098664859,1.),.UNSPECIFIED.);
#491 = CARTESIAN_POINT('',(10.784901366262,3.129563967847,0.449999989967
    ));
#492 = CARTESIAN_POINT('',(10.784802884185,3.127645654249,0.449999990051
    ));
#493 = CARTESIAN_POINT('',(10.784608863535,3.123866363007,0.449999990216
    ));
#494 = CARTESIAN_POINT('',(10.782969105986,3.118384048907,0.449999990456
    ));
#495 = CARTESIAN_POINT('',(10.780173311292,3.113368614985,0.449999990675
    ));
#496 = CARTESIAN_POINT('',(10.776497200887,3.108795311138,0.449999990875
    ));
#497 = CARTESIAN_POINT('',(10.772057360107,3.104879433399,0.449999991046
    ));
#498 = CARTESIAN_POINT('',(10.766915300298,3.10205470303,0.44999999117)
  );
#499 = CARTESIAN_POINT('',(10.761292779076,3.100311574868,0.449999991246
    ));
#500 = CARTESIAN_POINT('',(10.757378843207,3.100135609904,0.449999991254
    ));
#501 = CARTESIAN_POINT('',(10.755383296553,3.100045892978,0.449999991258
    ));
#502 = ORIENTED_EDGE('',*,*,#503,.T.);
#503 = EDGE_CURVE('',#488,#414,#504,.T.);
#504 = LINE('',#505,#506);
#505 = CARTESIAN_POINT('',(10.400082091734,3.100045861916,0.449999991258
    ));
#506 = VECTOR('',#507,1.);
#507 = DIRECTION('',(-1.,-8.742277657348E-08,9.466853158302E-31));
#508 = FACE_BOUND('',#509,.T.);
#509 = EDGE_LOOP('',(#510,#528,#536,#552,#560,#576,#584,#600,#608,#624,
    #632,#640,#648,#656,#664));
#510 = ORIENTED_EDGE('',*,*,#511,.T.);
#511 = EDGE_CURVE('',#512,#514,#516,.T.);
#512 = VERTEX_POINT('',#513);
#513 = CARTESIAN_POINT('',(10.453455570121,3.278359119594,0.449999983463
    ));
#514 = VERTEX_POINT('',#515);
#515 = CARTESIAN_POINT('',(10.423937495252,3.307877189303,0.449999982173
    ));
#516 = B_SPLINE_CURVE_WITH_KNOTS('',3,(#517,#518,#519,#520,#521,#522,
    #523,#524,#525,#526,#527),.UNSPECIFIED.,.F.,.F.,(4,1,1,1,1,1,1,1,4),
  (0.,0.129451313832,0.251462510097,0.372575924325,0.495181989778,
    0.617575933852,0.740181999305,0.865730484491,1.),.UNSPECIFIED.);
#517 = CARTESIAN_POINT('',(10.453455570121,3.278359119594,0.449999983463
    ));
#518 = CARTESIAN_POINT('',(10.451437176121,3.278458673104,0.449999983459
    ));
#519 = CARTESIAN_POINT('',(10.447516393807,3.278652058361,0.449999983451
    ));
#520 = CARTESIAN_POINT('',(10.441881014991,3.280215791916,0.449999983382
    ));
#521 = CARTESIAN_POINT('',(10.436749661683,3.282782275761,0.44999998327)
  );
#522 = CARTESIAN_POINT('',(10.432334999122,3.286450594475,0.44999998311)
  );
#523 = CARTESIAN_POINT('',(10.428585902902,3.290818256581,0.449999982919
    ));
#524 = CARTESIAN_POINT('',(10.425829209788,3.295940124617,0.449999982695
    ));
#525 = CARTESIAN_POINT('',(10.424214152995,3.301732110975,0.449999982442
    ));
#526 = CARTESIAN_POINT('',(10.424031755282,3.305783500323,0.449999982265
    ));
#527 = CARTESIAN_POINT('',(10.423937495252,3.307877189303,0.449999982173
    ));
#528 = ORIENTED_EDGE('',*,*,#529,.T.);
#529 = EDGE_CURVE('',#514,#530,#532,.T.);
#530 = VERTEX_POINT('',#531);
#531 = CARTESIAN_POINT('',(10.423937481032,3.470527791713,0.449999975063
    ));
#532 = LINE('',#533,#534);
#533 = CARTESIAN_POINT('',(10.423937460967,3.700045864002,0.449999965031
    ));
#534 = VECTOR('',#535,1.);
#535 = DIRECTION('',(-8.742277657348E-08,1.,-4.371140912996E-08));
#536 = ORIENTED_EDGE('',*,*,#537,.T.);
#537 = EDGE_CURVE('',#530,#538,#540,.T.);
#538 = VERTEX_POINT('',#539);
#539 = CARTESIAN_POINT('',(10.453455550741,3.500045866582,0.449999973773
    ));
#540 = B_SPLINE_CURVE_WITH_KNOTS('',3,(#541,#542,#543,#544,#545,#546,
    #547,#548,#549,#550,#551),.UNSPECIFIED.,.F.,.F.,(4,1,1,1,1,1,1,1,4),
  (0.,0.123951550195,0.244198346207,0.367723578543,0.494795811162,
    0.621452230387,0.745754392104,0.86957820106,1.),.UNSPECIFIED.);
#541 = CARTESIAN_POINT('',(10.423937481032,3.470527791713,0.449999975063
    ));
#542 = CARTESIAN_POINT('',(10.424034908273,3.472446659932,0.44999997498)
  );
#543 = CARTESIAN_POINT('',(10.424226850779,3.476227043841,0.449999974814
    ));
#544 = CARTESIAN_POINT('',(10.425888368016,3.481722654474,0.449999974574
    ));
#545 = CARTESIAN_POINT('',(10.428641597748,3.486786056212,0.449999974353
    ));
#546 = CARTESIAN_POINT('',(10.432319077716,3.491346037055,0.449999974153
    ));
#547 = CARTESIAN_POINT('',(10.436737049002,3.495229685102,0.449999973984
    ));
#548 = CARTESIAN_POINT('',(10.441848321385,3.498037000846,0.449999973861
    ));
#549 = CARTESIAN_POINT('',(10.447494968494,3.49978769499,0.449999973784)
  );
#550 = CARTESIAN_POINT('',(10.451434610454,3.499958333293,0.449999973777
    ));
#551 = CARTESIAN_POINT('',(10.453455550741,3.500045866582,0.449999973773
    ));
#552 = ORIENTED_EDGE('',*,*,#553,.T.);
#553 = EDGE_CURVE('',#538,#554,#556,.T.);
#554 = VERTEX_POINT('',#555);
#555 = CARTESIAN_POINT('',(10.548636273633,3.500045874903,0.449999973773
    ));
#556 = LINE('',#557,#558);
#557 = CARTESIAN_POINT('',(10.400082056765,3.500045861916,0.449999973773
    ));
#558 = VECTOR('',#559,1.);
#559 = DIRECTION('',(1.,8.742277657348E-08,-9.466853158302E-31));
#560 = ORIENTED_EDGE('',*,*,#561,.T.);
#561 = EDGE_CURVE('',#554,#562,#564,.T.);
#562 = VERTEX_POINT('',#563);
#563 = CARTESIAN_POINT('',(10.578154348502,3.470527805195,0.449999975063
    ));
#564 = B_SPLINE_CURVE_WITH_KNOTS('',3,(#565,#566,#567,#568,#569,#570,
    #571,#572,#573,#574,#575),.UNSPECIFIED.,.F.,.F.,(4,1,1,1,1,1,1,1,4),
  (0.,0.128853565614,0.252725032213,0.377075035684,0.505013750484,
    0.632134891009,0.755707666072,0.876000742996,1.),.UNSPECIFIED.);
#565 = CARTESIAN_POINT('',(10.548636273633,3.500045874903,0.449999973773
    ));
#566 = CARTESIAN_POINT('',(10.550631548628,3.499955832835,0.449999973777
    ));
#567 = CARTESIAN_POINT('',(10.554544951686,3.499779230158,0.449999973785
    ));
#568 = CARTESIAN_POINT('',(10.560171356098,3.498040755054,0.449999973861
    ));
#569 = CARTESIAN_POINT('',(10.565284163122,3.495206183118,0.449999973985
    ));
#570 = CARTESIAN_POINT('',(10.569771672362,3.491373820245,0.449999974152
    ));
#571 = CARTESIAN_POINT('',(10.573447393772,3.486782735679,0.449999974353
    ));
#572 = CARTESIAN_POINT('',(10.576204183677,3.481723518929,0.449999974574
    ));
#573 = CARTESIAN_POINT('',(10.57786479231,3.476226839247,0.449999974814)
  );
#574 = CARTESIAN_POINT('',(10.578056858487,3.472446599991,0.44999997498)
  );
#575 = CARTESIAN_POINT('',(10.578154348502,3.470527805195,0.449999975063
    ));
#576 = ORIENTED_EDGE('',*,*,#577,.T.);
#577 = EDGE_CURVE('',#562,#578,#580,.T.);
#578 = VERTEX_POINT('',#579);
#579 = CARTESIAN_POINT('',(10.57815437831,3.129563949773,0.449999989967)
  );
#580 = LINE('',#581,#582);
#581 = CARTESIAN_POINT('',(10.578154328437,3.700045877484,0.449999965031
    ));
#582 = VECTOR('',#583,1.);
#583 = DIRECTION('',(8.742277657348E-08,-1.,4.371140912996E-08));
#584 = ORIENTED_EDGE('',*,*,#585,.T.);
#585 = EDGE_CURVE('',#578,#586,#588,.T.);
#586 = VERTEX_POINT('',#587);
#587 = CARTESIAN_POINT('',(10.548636308602,3.100045874903,0.449999991258
    ));
#588 = B_SPLINE_CURVE_WITH_KNOTS('',3,(#589,#590,#591,#592,#593,#594,
    #595,#596,#597,#598,#599),.UNSPECIFIED.,.F.,.F.,(4,1,1,1,1,1,1,1,4),
  (0.,0.124045226906,0.244382899751,0.36657219772,0.493740465514,
    0.622785172329,0.747181275733,0.871098664859,1.),.UNSPECIFIED.);
#589 = CARTESIAN_POINT('',(10.57815437831,3.129563949773,0.449999989967)
  );
#590 = CARTESIAN_POINT('',(10.578055896233,3.127645636175,0.449999990051
    ));
#591 = CARTESIAN_POINT('',(10.577861875583,3.123866344932,0.449999990216
    ));
#592 = CARTESIAN_POINT('',(10.576222118034,3.118384030833,0.449999990456
    ));
#593 = CARTESIAN_POINT('',(10.573426323341,3.11336859691,0.449999990675)
  );
#594 = CARTESIAN_POINT('',(10.569750212936,3.108795293064,0.449999990875
    ));
#595 = CARTESIAN_POINT('',(10.565310372155,3.104879415325,0.449999991046
    ));
#596 = CARTESIAN_POINT('',(10.560168312346,3.102054684956,0.44999999117)
  );
#597 = CARTESIAN_POINT('',(10.554545791125,3.100311556794,0.449999991246
    ));
#598 = CARTESIAN_POINT('',(10.550631855255,3.100135591829,0.449999991254
    ));
#599 = CARTESIAN_POINT('',(10.548636308602,3.100045874903,0.449999991258
    ));
#600 = ORIENTED_EDGE('',*,*,#601,.T.);
#601 = EDGE_CURVE('',#586,#602,#604,.T.);
#602 = VERTEX_POINT('',#603);
#603 = CARTESIAN_POINT('',(10.454434501373,3.100045866668,0.449999991258
    ));
#604 = LINE('',#605,#606);
#605 = CARTESIAN_POINT('',(10.400082091734,3.100045861916,0.449999991258
    ));
#606 = VECTOR('',#607,1.);
#607 = DIRECTION('',(-1.,-8.742277657348E-08,9.466853158302E-31));
#608 = ORIENTED_EDGE('',*,*,#609,.T.);
#609 = EDGE_CURVE('',#602,#610,#612,.T.);
#610 = VERTEX_POINT('',#611);
#611 = CARTESIAN_POINT('',(10.42393751084,3.129563936291,0.449999989967)
  );
#612 = B_SPLINE_CURVE_WITH_KNOTS('',3,(#613,#614,#615,#616,#617,#618,
    #619,#620,#621,#622,#623),.UNSPECIFIED.,.F.,.F.,(4,1,1,1,1,1,1,1,4),
  (0.,0.133115562126,0.258025428936,0.383149803586,0.511249543715,
    0.638318343675,0.759238702767,0.878028139733,1.),.UNSPECIFIED.);
#613 = CARTESIAN_POINT('',(10.454434501373,3.100045866668,0.449999991258
    ));
#614 = CARTESIAN_POINT('',(10.452338023464,3.100131042892,0.449999991254
    ));
#615 = CARTESIAN_POINT('',(10.448274301664,3.100296144789,0.449999991247
    ));
#616 = CARTESIAN_POINT('',(10.442459966786,3.102056509689,0.44999999117)
  );
#617 = CARTESIAN_POINT('',(10.437168280453,3.104848681942,0.449999991048
    ));
#618 = CARTESIAN_POINT('',(10.432653437091,3.10881952169,0.449999990874)
  );
#619 = CARTESIAN_POINT('',(10.428811662282,3.113337837463,0.449999990677
    ));
#620 = CARTESIAN_POINT('',(10.425958066732,3.118381282107,0.449999990456
    ));
#621 = CARTESIAN_POINT('',(10.424209995293,3.123853162011,0.449999990217
    ));
#622 = CARTESIAN_POINT('',(10.424029135868,3.127643643789,0.449999990051
    ));
#623 = CARTESIAN_POINT('',(10.42393751084,3.129563936291,0.449999989967)
  );
#624 = ORIENTED_EDGE('',*,*,#625,.T.);
#625 = EDGE_CURVE('',#610,#626,#628,.T.);
#626 = VERTEX_POINT('',#627);
#627 = CARTESIAN_POINT('',(10.423937503309,3.215708514604,0.449999986202
    ));
#628 = LINE('',#629,#630);
#629 = CARTESIAN_POINT('',(10.423937460967,3.700045864002,0.449999965031
    ));
#630 = VECTOR('',#631,1.);
#631 = DIRECTION('',(-8.742277657348E-08,1.,-4.371140912996E-08));
#632 = ORIENTED_EDGE('',*,*,#633,.T.);
#633 = EDGE_CURVE('',#626,#634,#636,.T.);
#634 = VERTEX_POINT('',#635);
#635 = CARTESIAN_POINT('',(10.457672443068,3.215708517553,0.449999986202
    ));
#636 = LINE('',#637,#638);
#637 = CARTESIAN_POINT('',(10.400082081623,3.215708512519,0.449999986202
    ));
#638 = VECTOR('',#639,1.);
#639 = DIRECTION('',(1.,8.742277657348E-08,-9.466853158302E-31));
#640 = ORIENTED_EDGE('',*,*,#641,.T.);
#641 = EDGE_CURVE('',#634,#642,#644,.T.);
#642 = VERTEX_POINT('',#643);
#643 = CARTESIAN_POINT('',(10.457672450652,3.128961529602,0.449999989994
    ));
#644 = LINE('',#645,#646);
#645 = CARTESIAN_POINT('',(10.457672400726,3.700045866951,0.449999965031
    ));
#646 = VECTOR('',#647,1.);
#647 = DIRECTION('',(8.742277657348E-08,-1.,4.371140912996E-08));
#648 = ORIENTED_EDGE('',*,*,#649,.T.);
#649 = EDGE_CURVE('',#642,#650,#652,.T.);
#650 = VERTEX_POINT('',#651);
#651 = CARTESIAN_POINT('',(10.544419438604,3.128961537185,0.449999989994
    ));
#652 = LINE('',#653,#654);
#653 = CARTESIAN_POINT('',(10.400082089206,3.128961524567,0.449999989994
    ));
#654 = VECTOR('',#655,1.);
#655 = DIRECTION('',(1.,8.742277657348E-08,-9.466853158302E-31));
#656 = ORIENTED_EDGE('',*,*,#657,.T.);
#657 = EDGE_CURVE('',#650,#658,#660,.T.);
#658 = VERTEX_POINT('',#659);
#659 = CARTESIAN_POINT('',(10.544419425543,3.278359127547,0.449999983463
    ));
#660 = LINE('',#661,#662);
#661 = CARTESIAN_POINT('',(10.544419388678,3.700045874535,0.449999965031
    ));
#662 = VECTOR('',#663,1.);
#663 = DIRECTION('',(-8.742277657348E-08,1.,-4.371140912996E-08));
#664 = ORIENTED_EDGE('',*,*,#665,.T.);
#665 = EDGE_CURVE('',#658,#512,#666,.T.);
#666 = LINE('',#667,#668);
#667 = CARTESIAN_POINT('',(10.400082076146,3.278359114928,0.449999983463
    ));
#668 = VECTOR('',#669,1.);
#669 = DIRECTION('',(-1.,-8.742277657348E-08,9.466853158302E-31));
#670 = FACE_BOUND('',#671,.T.);
#671 = EDGE_LOOP('',(#672,#690,#698,#714,#722,#738,#746,#762));
#672 = ORIENTED_EDGE('',*,*,#673,.T.);
#673 = EDGE_CURVE('',#674,#676,#678,.T.);
#674 = VERTEX_POINT('',#675);
#675 = CARTESIAN_POINT('',(10.246708597758,3.100045848508,0.449999991258
    ));
#676 = VERTEX_POINT('',#677);
#677 = CARTESIAN_POINT('',(10.217190522889,3.129563918216,0.449999989967
    ));
#678 = B_SPLINE_CURVE_WITH_KNOTS('',3,(#679,#680,#681,#682,#683,#684,
    #685,#686,#687,#688,#689),.UNSPECIFIED.,.F.,.F.,(4,1,1,1,1,1,1,1,4),
  (0.,0.127496530193,0.250064446803,0.374669761678,0.503931498062,
    0.632339469157,0.754734267154,0.875746151733,1.),.UNSPECIFIED.);
#679 = CARTESIAN_POINT('',(10.246708597758,3.100045848508,0.449999991258
    ));
#680 = CARTESIAN_POINT('',(10.244737451052,3.100134574866,0.449999991254
    ));
#681 = CARTESIAN_POINT('',(10.240871355953,3.100308597701,0.449999991246
    ));
#682 = CARTESIAN_POINT('',(10.235309052114,3.102073259094,0.449999991169
    ));
#683 = CARTESIAN_POINT('',(10.230179592265,3.104873859724,0.449999991047
    ));
#684 = CARTESIAN_POINT('',(10.225753063796,3.108821168853,0.449999990874
    ));
#685 = CARTESIAN_POINT('',(10.221979187258,3.113339994622,0.449999990677
    ));
#686 = CARTESIAN_POINT('',(10.219223920547,3.118401353865,0.449999990455
    ));
#687 = CARTESIAN_POINT('',(10.217458752805,3.123850991244,0.449999990217
    ));
#688 = CARTESIAN_POINT('',(10.217280717295,3.127642901855,0.449999990051
    ));
#689 = CARTESIAN_POINT('',(10.217190522889,3.129563918216,0.449999989967
    ));
#690 = ORIENTED_EDGE('',*,*,#691,.T.);
#691 = EDGE_CURVE('',#676,#692,#694,.T.);
#692 = VERTEX_POINT('',#693);
#693 = CARTESIAN_POINT('',(10.217190493081,3.470527773638,0.449999975063
    ));
#694 = LINE('',#695,#696);
#695 = CARTESIAN_POINT('',(10.217190473015,3.700045845927,0.449999965031
    ));
#696 = VECTOR('',#697,1.);
#697 = DIRECTION('',(-8.742277657348E-08,1.,-4.371140912996E-08));
#698 = ORIENTED_EDGE('',*,*,#699,.T.);
#699 = EDGE_CURVE('',#692,#700,#702,.T.);
#700 = VERTEX_POINT('',#701);
#701 = CARTESIAN_POINT('',(10.246708562789,3.500045848508,0.449999973773
    ));
#702 = B_SPLINE_CURVE_WITH_KNOTS('',3,(#703,#704,#705,#706,#707,#708,
    #709,#710,#711,#712,#713),.UNSPECIFIED.,.F.,.F.,(4,1,1,1,1,1,1,1,4),
  (0.,0.124207723637,0.245174687046,0.368955211744,0.497315516145,
    0.625469320566,0.750028380342,0.872550798161,1.),.UNSPECIFIED.);
#703 = CARTESIAN_POINT('',(10.217190493081,3.470527773638,0.449999975063
    ));
#704 = CARTESIAN_POINT('',(10.217279706726,3.472449267627,0.449999974979
    ));
#705 = CARTESIAN_POINT('',(10.217455806304,3.476242121031,0.449999974814
    ));
#706 = CARTESIAN_POINT('',(10.219242180412,3.481705997337,0.449999974575
    ));
#707 = CARTESIAN_POINT('',(10.221957707259,3.486811507522,0.449999974352
    ));
#708 = CARTESIAN_POINT('',(10.22573122357,3.491348177687,0.449999974153)
  );
#709 = CARTESIAN_POINT('',(10.230205753105,3.495211655826,0.449999973984
    ));
#710 = CARTESIAN_POINT('',(10.235305983395,3.498022069556,0.449999973862
    ));
#711 = CARTESIAN_POINT('',(10.240872109799,3.499782153668,0.449999973785
    ));
#712 = CARTESIAN_POINT('',(10.244737682454,3.49995680282,0.449999973777)
  );
#713 = CARTESIAN_POINT('',(10.246708562789,3.500045848508,0.449999973773
    ));
#714 = ORIENTED_EDGE('',*,*,#715,.T.);
#715 = EDGE_CURVE('',#700,#716,#718,.T.);
#716 = VERTEX_POINT('',#717);
#717 = CARTESIAN_POINT('',(10.346708562789,3.50004585725,0.449999973773)
  );
#718 = LINE('',#719,#720);
#719 = CARTESIAN_POINT('',(10.400082056765,3.500045861916,0.449999973773
    ));
#720 = VECTOR('',#721,1.);
#721 = DIRECTION('',(1.,8.742277657348E-08,-9.466853158302E-31));
#722 = ORIENTED_EDGE('',*,*,#723,.T.);
#723 = EDGE_CURVE('',#716,#724,#726,.T.);
#724 = VERTEX_POINT('',#725);
#725 = CARTESIAN_POINT('',(10.376226637659,3.470527787542,0.449999975063
    ));
#726 = B_SPLINE_CURVE_WITH_KNOTS('',3,(#727,#728,#729,#730,#731,#732,
    #733,#734,#735,#736,#737),.UNSPECIFIED.,.F.,.F.,(4,1,1,1,1,1,1,1,4),
  (0.,0.128853565614,0.252725032213,0.377075035684,0.505013750484,
    0.632134891009,0.755707666072,0.876000742996,1.),.UNSPECIFIED.);
#727 = CARTESIAN_POINT('',(10.346708562789,3.50004585725,0.449999973773)
  );
#728 = CARTESIAN_POINT('',(10.348703837785,3.499955815182,0.449999973777
    ));
#729 = CARTESIAN_POINT('',(10.352617240842,3.499779212505,0.449999973785
    ));
#730 = CARTESIAN_POINT('',(10.358243645255,3.498040737401,0.449999973861
    ));
#731 = CARTESIAN_POINT('',(10.363356452278,3.495206165465,0.449999973985
    ));
#732 = CARTESIAN_POINT('',(10.367843961519,3.491373802592,0.449999974152
    ));
#733 = CARTESIAN_POINT('',(10.371519682929,3.486782718026,0.449999974353
    ));
#734 = CARTESIAN_POINT('',(10.374276472834,3.481723501275,0.449999974574
    ));
#735 = CARTESIAN_POINT('',(10.375937081466,3.476226821594,0.449999974814
    ));
#736 = CARTESIAN_POINT('',(10.376129147644,3.472446582338,0.44999997498)
  );
#737 = CARTESIAN_POINT('',(10.376226637659,3.470527787542,0.449999975063
    ));
#738 = ORIENTED_EDGE('',*,*,#739,.T.);
#739 = EDGE_CURVE('',#724,#740,#742,.T.);
#740 = VERTEX_POINT('',#741);
#741 = CARTESIAN_POINT('',(10.376226667467,3.12956393212,0.449999989967)
  );
#742 = LINE('',#743,#744);
#743 = CARTESIAN_POINT('',(10.376226617594,3.700045859831,0.449999965031
    ));
#744 = VECTOR('',#745,1.);
#745 = DIRECTION('',(8.742277657348E-08,-1.,4.371140912996E-08));
#746 = ORIENTED_EDGE('',*,*,#747,.T.);
#747 = EDGE_CURVE('',#740,#748,#750,.T.);
#748 = VERTEX_POINT('',#749);
#749 = CARTESIAN_POINT('',(10.346708597758,3.10004585725,0.449999991258)
  );
#750 = B_SPLINE_CURVE_WITH_KNOTS('',3,(#751,#752,#753,#754,#755,#756,
    #757,#758,#759,#760,#761),.UNSPECIFIED.,.F.,.F.,(4,1,1,1,1,1,1,1,4),
  (0.,0.124045226906,0.244382899751,0.36657219772,0.493740465514,
    0.622785172329,0.747181275733,0.871098664859,1.),.UNSPECIFIED.);
#751 = CARTESIAN_POINT('',(10.376226667467,3.12956393212,0.449999989967)
  );
#752 = CARTESIAN_POINT('',(10.37612818539,3.127645618522,0.449999990051)
  );
#753 = CARTESIAN_POINT('',(10.37593416474,3.123866327279,0.449999990216)
  );
#754 = CARTESIAN_POINT('',(10.374294407191,3.11838401318,0.449999990456)
  );
#755 = CARTESIAN_POINT('',(10.371498612497,3.113368579257,0.449999990675
    ));
#756 = CARTESIAN_POINT('',(10.367822502092,3.108795275411,0.449999990875
    ));
#757 = CARTESIAN_POINT('',(10.363382661312,3.104879397672,0.449999991046
    ));
#758 = CARTESIAN_POINT('',(10.358240601503,3.102054667303,0.44999999117)
  );
#759 = CARTESIAN_POINT('',(10.352618080281,3.10031153914,0.449999991246)
  );
#760 = CARTESIAN_POINT('',(10.348704144412,3.100135574176,0.449999991254
    ));
#761 = CARTESIAN_POINT('',(10.346708597758,3.10004585725,0.449999991258)
  );
#762 = ORIENTED_EDGE('',*,*,#763,.T.);
#763 = EDGE_CURVE('',#748,#674,#764,.T.);
#764 = LINE('',#765,#766);
#765 = CARTESIAN_POINT('',(10.400082091734,3.100045861916,0.449999991258
    ));
#766 = VECTOR('',#767,1.);
#767 = DIRECTION('',(-1.,-8.742277657348E-08,9.466853158302E-31));
#768 = FACE_BOUND('',#769,.T.);
#769 = EDGE_LOOP('',(#770,#788,#796,#812,#820,#836,#844,#852,#860,#868,
    #876,#884,#892,#900,#908,#916,#924,#932,#940,#956,#964,#980,#988,
    #1000,#1008));
#770 = ORIENTED_EDGE('',*,*,#771,.T.);
#771 = EDGE_CURVE('',#772,#774,#776,.T.);
#772 = VERTEX_POINT('',#773);
#773 = CARTESIAN_POINT('',(10.030398337243,3.323690407911,0.449999981482
    ));
#774 = VERTEX_POINT('',#775);
#775 = CARTESIAN_POINT('',(10.015262792434,3.35388618972,0.449999980162)
  );
#776 = B_SPLINE_CURVE_WITH_KNOTS('',3,(#777,#778,#779,#780,#781,#782,
    #783,#784,#785,#786,#787),.UNSPECIFIED.,.F.,.F.,(4,1,1,1,1,1,1,1,4),
  (0.,0.126446495045,0.25028669344,0.369050067441,0.488826978667,
    0.609419934693,0.73324171408,0.863158015023,1.),.UNSPECIFIED.);
#777 = CARTESIAN_POINT('',(10.030398337243,3.323690407911,0.449999981482
    ));
#778 = CARTESIAN_POINT('',(10.029192198046,3.32456193924,0.449999981444)
  );
#779 = CARTESIAN_POINT('',(10.026804780416,3.326287038023,0.449999981368
    ));
#780 = CARTESIAN_POINT('',(10.023742407522,3.329386752283,0.449999981233
    ));
#781 = CARTESIAN_POINT('',(10.021145537604,3.332769845851,0.449999981085
    ));
#782 = CARTESIAN_POINT('',(10.018929001963,3.336374494664,0.449999980927
    ));
#783 = CARTESIAN_POINT('',(10.017253698575,3.34033504929,0.449999980754)
  );
#784 = CARTESIAN_POINT('',(10.016177717326,3.344607422463,0.449999980568
    ));
#785 = CARTESIAN_POINT('',(10.015355434128,3.349136206216,0.44999998037)
  );
#786 = CARTESIAN_POINT('',(10.015294202902,3.352275692359,0.449999980232
    ));
#787 = CARTESIAN_POINT('',(10.015262792434,3.35388618972,0.449999980162)
  );
#788 = ORIENTED_EDGE('',*,*,#789,.T.);
#789 = EDGE_CURVE('',#774,#790,#792,.T.);
#790 = VERTEX_POINT('',#791);
#791 = CARTESIAN_POINT('',(10.015262782237,3.470527755985,0.449999975063
    ));
#792 = LINE('',#793,#794);
#793 = CARTESIAN_POINT('',(10.015262762172,3.700045828274,0.449999965031
    ));
#794 = VECTOR('',#795,1.);
#795 = DIRECTION('',(-8.742277657348E-08,1.,-4.371140912996E-08));
#796 = ORIENTED_EDGE('',*,*,#797,.T.);
#797 = EDGE_CURVE('',#790,#798,#800,.T.);
#798 = VERTEX_POINT('',#799);
#799 = CARTESIAN_POINT('',(10.044780851946,3.500045830855,0.449999973773
    ));
#800 = B_SPLINE_CURVE_WITH_KNOTS('',3,(#801,#802,#803,#804,#805,#806,
    #807,#808,#809,#810,#811),.UNSPECIFIED.,.F.,.F.,(4,1,1,1,1,1,1,1,4),
  (0.,0.124470180211,0.24569275232,0.37051501106,0.501238587005,
    0.630910106286,0.75430724768,0.875529819789,1.),.UNSPECIFIED.);
#801 = CARTESIAN_POINT('',(10.015262782237,3.470527755985,0.449999975063
    ));
#802 = CARTESIAN_POINT('',(10.01535312067,3.472448777096,0.449999974979)
  );
#803 = CARTESIAN_POINT('',(10.015531440475,3.476240697082,0.449999974814
    ));
#804 = CARTESIAN_POINT('',(10.017305105118,3.481723030739,0.449999974574
    ));
#805 = CARTESIAN_POINT('',(10.020109493464,3.486839051233,0.44999997435)
  );
#806 = CARTESIAN_POINT('',(10.024032483286,3.491332437569,0.449999974154
    ));
#807 = CARTESIAN_POINT('',(10.028555752437,3.495171039251,0.449999973986
    ));
#808 = CARTESIAN_POINT('',(10.033597942243,3.498025438649,0.449999973861
    ));
#809 = CARTESIAN_POINT('',(10.039070143059,3.499773304512,0.449999973785
    ));
#810 = CARTESIAN_POINT('',(10.042860581433,3.499954191741,0.449999973777
    ));
#811 = CARTESIAN_POINT('',(10.044780851946,3.500045830855,0.449999973773
    ));
#812 = ORIENTED_EDGE('',*,*,#813,.T.);
#813 = EDGE_CURVE('',#798,#814,#816,.T.);
#814 = VERTEX_POINT('',#815);
#815 = CARTESIAN_POINT('',(10.139961574837,3.500045839176,0.449999973773
    ));
#816 = LINE('',#817,#818);
#817 = CARTESIAN_POINT('',(10.400082056765,3.500045861916,0.449999973773
    ));
#818 = VECTOR('',#819,1.);
#819 = DIRECTION('',(1.,8.742277657348E-08,-9.466853158302E-31));
#820 = ORIENTED_EDGE('',*,*,#821,.T.);
#821 = EDGE_CURVE('',#814,#822,#824,.T.);
#822 = VERTEX_POINT('',#823);
#823 = CARTESIAN_POINT('',(10.169479649707,3.470527769467,0.449999975063
    ));
#824 = B_SPLINE_CURVE_WITH_KNOTS('',3,(#825,#826,#827,#828,#829,#830,
    #831,#832,#833,#834,#835),.UNSPECIFIED.,.F.,.F.,(4,1,1,1,1,1,1,1,4),
  (0.,0.123999257004,0.244292333928,0.367865108991,0.494986249516,
    0.622924964316,0.747274967787,0.871146434386,1.),.UNSPECIFIED.);
#825 = CARTESIAN_POINT('',(10.139961574837,3.500045839176,0.449999973773
    ));
#826 = CARTESIAN_POINT('',(10.14188036965,3.499948349496,0.449999973777)
  );
#827 = CARTESIAN_POINT('',(10.14566060894,3.49975628398,0.449999973786)
  );
#828 = CARTESIAN_POINT('',(10.151157288912,3.498095676308,0.449999973858
    ));
#829 = CARTESIAN_POINT('',(10.156216506145,3.495338887288,0.449999973979
    ));
#830 = CARTESIAN_POINT('',(10.160807591353,3.491663166681,0.44999997414)
  );
#831 = CARTESIAN_POINT('',(10.164639955011,3.48717565811,0.449999974336)
  );
#832 = CARTESIAN_POINT('',(10.167474527841,3.482062851582,0.449999974559
    ));
#833 = CARTESIAN_POINT('',(10.169213003928,3.476436447474,0.449999974805
    ));
#834 = CARTESIAN_POINT('',(10.16938960729,3.472523044447,0.449999974976)
  );
#835 = CARTESIAN_POINT('',(10.169479649707,3.470527769467,0.449999975063
    ));
#836 = ORIENTED_EDGE('',*,*,#837,.T.);
#837 = EDGE_CURVE('',#822,#838,#840,.T.);
#838 = VERTEX_POINT('',#839);
#839 = CARTESIAN_POINT('',(10.169479658502,3.369925359829,0.449999979461
    ));
#840 = LINE('',#841,#842);
#841 = CARTESIAN_POINT('',(10.169479629642,3.700045841756,0.449999965031
    ));
#842 = VECTOR('',#843,1.);
#843 = DIRECTION('',(8.742277657348E-08,-1.,4.371140912996E-08));
#844 = ORIENTED_EDGE('',*,*,#845,.T.);
#845 = EDGE_CURVE('',#838,#846,#848,.T.);
#846 = VERTEX_POINT('',#847);
#847 = CARTESIAN_POINT('',(10.135744718743,3.369925356879,0.449999979461
    ));
#848 = LINE('',#849,#850);
#849 = CARTESIAN_POINT('',(10.400082068141,3.369925379989,0.449999979461
    ));
#850 = VECTOR('',#851,1.);
#851 = DIRECTION('',(-1.,-8.742277657348E-08,9.466853158302E-31));
#852 = ORIENTED_EDGE('',*,*,#853,.T.);
#853 = EDGE_CURVE('',#846,#854,#856,.T.);
#854 = VERTEX_POINT('',#855);
#855 = CARTESIAN_POINT('',(10.135744709895,3.471130176157,0.449999975037
    ));
#856 = LINE('',#857,#858);
#857 = CARTESIAN_POINT('',(10.135744689883,3.700045838807,0.449999965031
    ));
#858 = VECTOR('',#859,1.);
#859 = DIRECTION('',(-8.742277657348E-08,1.,-4.371140912996E-08));
#860 = ORIENTED_EDGE('',*,*,#861,.T.);
#861 = EDGE_CURVE('',#854,#862,#864,.T.);
#862 = VERTEX_POINT('',#863);
#863 = CARTESIAN_POINT('',(10.048997721944,3.471130168573,0.449999975037
    ));
#864 = LINE('',#865,#866);
#865 = CARTESIAN_POINT('',(10.400082059293,3.471130199266,0.449999975037
    ));
#866 = VECTOR('',#867,1.);
#867 = DIRECTION('',(-1.,-8.742277657348E-08,9.466853158302E-31));
#868 = ORIENTED_EDGE('',*,*,#869,.T.);
#869 = EDGE_CURVE('',#862,#870,#872,.T.);
#870 = VERTEX_POINT('',#871);
#871 = CARTESIAN_POINT('',(10.048997732792,3.347033783031,0.449999980462
    ));
#872 = LINE('',#873,#874);
#873 = CARTESIAN_POINT('',(10.048997701931,3.700045831223,0.449999965031
    ));
#874 = VECTOR('',#875,1.);
#875 = DIRECTION('',(8.742277657348E-08,-1.,4.371140912996E-08));
#876 = ORIENTED_EDGE('',*,*,#877,.T.);
#877 = EDGE_CURVE('',#870,#878,#880,.T.);
#878 = VERTEX_POINT('',#879);
#879 = CARTESIAN_POINT('',(10.121286894014,3.294473548387,0.449999982759
    ));
#880 = LINE('',#881,#882);
#881 = CARTESIAN_POINT('',(10.110761482455,3.302126398301,0.449999982424
    ));
#882 = VECTOR('',#883,1.);
#883 = DIRECTION('',(0.808808995179,-0.588071432156,2.570543405938E-08)
  );
#884 = ORIENTED_EDGE('',*,*,#885,.T.);
#885 = EDGE_CURVE('',#878,#886,#888,.T.);
#886 = VERTEX_POINT('',#887);
#887 = CARTESIAN_POINT('',(10.121286894705,3.286566921881,0.449999983105
    ));
#888 = LINE('',#889,#890);
#889 = CARTESIAN_POINT('',(10.121286858558,3.700045837543,0.449999965031
    ));
#890 = VECTOR('',#891,1.);
#891 = DIRECTION('',(8.742277657348E-08,-1.,4.371140912996E-08));
#892 = ORIENTED_EDGE('',*,*,#893,.T.);
#893 = EDGE_CURVE('',#886,#894,#896,.T.);
#894 = VERTEX_POINT('',#895);
#895 = CARTESIAN_POINT('',(10.049524851048,3.234684385486,0.449999985372
    ));
#896 = LINE('',#897,#898);
#897 = CARTESIAN_POINT('',(10.500699839895,3.560874967388,0.449999971114
    ));
#898 = VECTOR('',#899,1.);
#899 = DIRECTION('',(-0.810387575948,-0.585894168558,2.561025661189E-08)
  );
#900 = ORIENTED_EDGE('',*,*,#901,.T.);
#901 = EDGE_CURVE('',#894,#902,#904,.T.);
#902 = VERTEX_POINT('',#903);
#903 = CARTESIAN_POINT('',(10.049524860291,3.12896149392,0.449999989994)
  );
#904 = LINE('',#905,#906);
#905 = CARTESIAN_POINT('',(10.049524810365,3.70004583127,0.449999965031)
  );
#906 = VECTOR('',#907,1.);
#907 = DIRECTION('',(8.742277657348E-08,-1.,4.371140912996E-08));
#908 = ORIENTED_EDGE('',*,*,#909,.T.);
#909 = EDGE_CURVE('',#902,#910,#912,.T.);
#910 = VERTEX_POINT('',#911);
#911 = CARTESIAN_POINT('',(10.135217631375,3.128961501412,0.449999989994
    ));
#912 = LINE('',#913,#914);
#913 = CARTESIAN_POINT('',(10.400082089206,3.128961524567,0.449999989994
    ));
#914 = VECTOR('',#915,1.);
#915 = DIRECTION('',(1.,8.742277657348E-08,-9.466853158302E-31));
#916 = ORIENTED_EDGE('',*,*,#917,.T.);
#917 = EDGE_CURVE('',#910,#918,#920,.T.);
#918 = VERTEX_POINT('',#919);
#919 = CARTESIAN_POINT('',(10.13521762337,3.220527766472,0.449999985991)
  );
#920 = LINE('',#921,#922);
#921 = CARTESIAN_POINT('',(10.135217581449,3.700045838761,0.449999965031
    ));
#922 = VECTOR('',#923,1.);
#923 = DIRECTION('',(-8.742277657348E-08,1.,-4.371140912996E-08));
#924 = ORIENTED_EDGE('',*,*,#925,.T.);
#925 = EDGE_CURVE('',#918,#926,#928,.T.);
#926 = VERTEX_POINT('',#927);
#927 = CARTESIAN_POINT('',(10.168952563129,3.220527769421,0.449999985991
    ));
#928 = LINE('',#929,#930);
#929 = CARTESIAN_POINT('',(10.400082081201,3.220527789627,0.449999985991
    ));
#930 = VECTOR('',#931,1.);
#931 = DIRECTION('',(1.,8.742277657348E-08,-9.466853158302E-31));
#932 = ORIENTED_EDGE('',*,*,#933,.T.);
#933 = EDGE_CURVE('',#926,#934,#936,.T.);
#934 = VERTEX_POINT('',#935);
#935 = CARTESIAN_POINT('',(10.168952571081,3.129563913999,0.449999989967
    ));
#936 = LINE('',#937,#938);
#937 = CARTESIAN_POINT('',(10.168952521208,3.70004584171,0.449999965031)
  );
#938 = VECTOR('',#939,1.);
#939 = DIRECTION('',(8.742277657348E-08,-1.,4.371140912996E-08));
#940 = ORIENTED_EDGE('',*,*,#941,.T.);
#941 = EDGE_CURVE('',#934,#942,#944,.T.);
#942 = VERTEX_POINT('',#943);
#943 = CARTESIAN_POINT('',(10.139509802578,3.100045839136,0.449999991258
    ));
#944 = B_SPLINE_CURVE_WITH_KNOTS('',3,(#945,#946,#947,#948,#949,#950,
    #951,#952,#953,#954,#955),.UNSPECIFIED.,.F.,.F.,(4,1,1,1,1,1,1,1,4),
  (0.,0.129089121901,0.253187037047,0.376342042958,0.504514641613,
    0.632893770532,0.755261076994,0.875774060836,1.),.UNSPECIFIED.);
#945 = CARTESIAN_POINT('',(10.168952571081,3.129563913999,0.449999989967
    ));
#946 = CARTESIAN_POINT('',(10.168861463112,3.12756918089,0.449999990055)
  );
#947 = CARTESIAN_POINT('',(10.168682769845,3.123656840654,0.449999990226
    ));
#948 = CARTESIAN_POINT('',(10.166966017285,3.11804390448,0.449999990471)
  );
#949 = CARTESIAN_POINT('',(10.164090870688,3.112976799552,0.449999990692
    ));
#950 = CARTESIAN_POINT('',(10.16026051225,3.108504568118,0.449999990888)
  );
#951 = CARTESIAN_POINT('',(10.155726451278,3.104770505726,0.449999991051
    ));
#952 = CARTESIAN_POINT('',(10.1506878218,3.101980958423,0.449999991173)
  );
#953 = CARTESIAN_POINT('',(10.145207896193,3.100337607566,0.449999991245
    ));
#954 = CARTESIAN_POINT('',(10.14142828074,3.100144073984,0.449999991253)
  );
#955 = CARTESIAN_POINT('',(10.139509802578,3.100045839136,0.449999991258
    ));
#956 = ORIENTED_EDGE('',*,*,#957,.T.);
#957 = EDGE_CURVE('',#942,#958,#960,.T.);
#958 = VERTEX_POINT('',#959);
#959 = CARTESIAN_POINT('',(10.045307995349,3.100045830901,0.449999991258
    ));
#960 = LINE('',#961,#962);
#961 = CARTESIAN_POINT('',(10.400082091734,3.100045861916,0.449999991258
    ));
#962 = VECTOR('',#963,1.);
#963 = DIRECTION('',(-1.,-8.742277657348E-08,9.466853158302E-31));
#964 = ORIENTED_EDGE('',*,*,#965,.T.);
#965 = EDGE_CURVE('',#958,#966,#968,.T.);
#966 = VERTEX_POINT('',#967);
#967 = CARTESIAN_POINT('',(10.015714619274,3.129563900603,0.449999989967
    ));
#968 = B_SPLINE_CURVE_WITH_KNOTS('',3,(#969,#970,#971,#972,#973,#974,
    #975,#976,#977,#978,#979),.UNSPECIFIED.,.F.,.F.,(4,1,1,1,1,1,1,1,4),
  (0.,0.12433936815,0.245434541275,0.370125617936,0.500711809809,
    0.631298001681,0.754565458725,0.87566063185,1.),.UNSPECIFIED.);
#969 = CARTESIAN_POINT('',(10.045307995349,3.100045830901,0.449999991258
    ));
#970 = CARTESIAN_POINT('',(10.043386880959,3.100136090422,0.449999991254
    ));
#971 = CARTESIAN_POINT('',(10.039594776849,3.100314254462,0.449999991246
    ));
#972 = CARTESIAN_POINT('',(10.03411380979,3.102089075221,0.449999991168)
  );
#973 = CARTESIAN_POINT('',(10.028992391594,3.104888897212,0.449999991046
    ));
#974 = CARTESIAN_POINT('',(10.02450796023,3.108840558427,0.449999990873)
  );
#975 = CARTESIAN_POINT('',(10.020582956919,3.113312337971,0.449999990678
    ));
#976 = CARTESIAN_POINT('',(10.017738700156,3.118384122457,0.449999990456
    ));
#977 = CARTESIAN_POINT('',(10.015986201608,3.123852390285,0.449999990217
    ));
#978 = CARTESIAN_POINT('',(10.015805940957,3.127643360603,0.449999990051
    ));
#979 = CARTESIAN_POINT('',(10.015714619274,3.129563900603,0.449999989967
    ));
#980 = ORIENTED_EDGE('',*,*,#981,.T.);
#981 = EDGE_CURVE('',#966,#982,#984,.T.);
#982 = VERTEX_POINT('',#983);
#983 = CARTESIAN_POINT('',(10.015714610723,3.227380165663,0.449999985692
    ));
#984 = LINE('',#985,#986);
#985 = CARTESIAN_POINT('',(10.015714569401,3.700045828314,0.449999965031
    ));
#986 = VECTOR('',#987,1.);
#987 = DIRECTION('',(-8.742277657348E-08,1.,-4.371140912996E-08));
#988 = ORIENTED_EDGE('',*,*,#989,.T.);
#989 = EDGE_CURVE('',#982,#990,#992,.T.);
#990 = VERTEX_POINT('',#991);
#991 = CARTESIAN_POINT('',(10.030850150291,3.25712414289,0.449999984392)
  );
#992 = B_SPLINE_CURVE_WITH_KNOTS('',3,(#993,#994,#995,#996,#997,#998,
    #999),.UNSPECIFIED.,.F.,.F.,(4,1,1,1,4),(0.,0.26175497534,
    0.503181965206,0.744988503935,1.),.UNSPECIFIED.);
#993 = CARTESIAN_POINT('',(10.015714610723,3.227380165663,0.449999985692
    ));
#994 = CARTESIAN_POINT('',(10.015893925112,3.230417544222,0.449999985559
    ));
#995 = CARTESIAN_POINT('',(10.016238628271,3.236256417428,0.449999985304
    ));
#996 = CARTESIAN_POINT('',(10.019161636578,3.24448542544,0.449999984944)
  );
#997 = CARTESIAN_POINT('',(10.024013817077,3.251671098054,0.44999998463)
  );
#998 = CARTESIAN_POINT('',(10.028531348636,3.255274535945,0.449999984472
    ));
#999 = CARTESIAN_POINT('',(10.030850150291,3.25712414289,0.449999984392)
  );
#1000 = ORIENTED_EDGE('',*,*,#1001,.T.);
#1001 = EDGE_CURVE('',#990,#1002,#1004,.T.);
#1002 = VERTEX_POINT('',#1003);
#1003 = CARTESIAN_POINT('',(10.077913400393,3.290407279534,
    0.449999982937));
#1004 = LINE('',#1005,#1006);
#1005 = CARTESIAN_POINT('',(10.485787565915,3.578855942882,
    0.449999970328));
#1006 = VECTOR('',#1007,1.);
#1007 = DIRECTION('',(0.816460650512,0.577401079117,-2.523901168138E-08)
  );
#1008 = ORIENTED_EDGE('',*,*,#1009,.T.);
#1009 = EDGE_CURVE('',#1002,#772,#1010,.T.);
#1010 = LINE('',#1011,#1012);
#1011 = CARTESIAN_POINT('',(10.101545076393,3.273853874069,0.44999998366
    ));
#1012 = VECTOR('',#1013,1.);
#1013 = DIRECTION('',(-0.819048986949,0.573723589351,-2.507826967152E-08
    ));
#1014 = FACE_BOUND('',#1015,.T.);
#1015 = EDGE_LOOP('',(#1016,#1026,#1034,#1042,#1050,#1058,#1066,#1074));
#1016 = ORIENTED_EDGE('',*,*,#1017,.F.);
#1017 = EDGE_CURVE('',#1018,#1020,#1022,.T.);
#1018 = VERTEX_POINT('',#1019);
#1019 = CARTESIAN_POINT('',(9.900082091734,3.100045818205,0.449999991258
    ));
#1020 = VERTEX_POINT('',#1021);
#1021 = CARTESIAN_POINT('',(9.900082056765,3.500045818205,0.449999973773
    ));
#1022 = LINE('',#1023,#1024);
#1023 = CARTESIAN_POINT('',(9.900082039281,3.700045818205,0.449999965031
    ));
#1024 = VECTOR('',#1025,1.);
#1025 = DIRECTION('',(-8.742277657348E-08,1.,-4.371140912996E-08));
#1026 = ORIENTED_EDGE('',*,*,#1027,.F.);
#1027 = EDGE_CURVE('',#1028,#1018,#1030,.T.);
#1028 = VERTEX_POINT('',#1029);
#1029 = CARTESIAN_POINT('',(9.900082109219,2.900045818205,0.45));
#1030 = LINE('',#1031,#1032);
#1031 = CARTESIAN_POINT('',(9.900082109219,2.900045818205,0.45));
#1032 = VECTOR('',#1033,1.);
#1033 = DIRECTION('',(-8.742277657348E-08,1.,-4.371140912996E-08));
#1034 = ORIENTED_EDGE('',*,*,#1035,.T.);
#1035 = EDGE_CURVE('',#1028,#1036,#1038,.T.);
#1036 = VERTEX_POINT('',#1037);
#1037 = CARTESIAN_POINT('',(10.900082109219,2.900045905628,0.45));
#1038 = LINE('',#1039,#1040);
#1039 = CARTESIAN_POINT('',(10.400082109219,2.900045861916,0.45));
#1040 = VECTOR('',#1041,1.);
#1041 = DIRECTION('',(1.,8.742277657348E-08,-9.466853158302E-31));
#1042 = ORIENTED_EDGE('',*,*,#1043,.F.);
#1043 = EDGE_CURVE('',#1044,#1036,#1046,.T.);
#1044 = VERTEX_POINT('',#1045);
#1045 = CARTESIAN_POINT('',(10.900082091734,3.100045905628,
    0.449999991258));
#1046 = LINE('',#1047,#1048);
#1047 = CARTESIAN_POINT('',(10.900082109219,2.900045905628,0.45));
#1048 = VECTOR('',#1049,1.);
#1049 = DIRECTION('',(8.742277657348E-08,-1.,4.371140912996E-08));
#1050 = ORIENTED_EDGE('',*,*,#1051,.T.);
#1051 = EDGE_CURVE('',#1044,#1052,#1054,.T.);
#1052 = VERTEX_POINT('',#1053);
#1053 = CARTESIAN_POINT('',(10.900082056765,3.500045905628,
    0.449999973773));
#1054 = LINE('',#1055,#1056);
#1055 = CARTESIAN_POINT('',(10.900082039281,3.700045905628,
    0.449999965031));
#1056 = VECTOR('',#1057,1.);
#1057 = DIRECTION('',(-8.742277657348E-08,1.,-4.371140912996E-08));
#1058 = ORIENTED_EDGE('',*,*,#1059,.F.);
#1059 = EDGE_CURVE('',#1060,#1052,#1062,.T.);
#1060 = VERTEX_POINT('',#1061);
#1061 = CARTESIAN_POINT('',(10.900082039281,3.700045905628,
    0.449999965031));
#1062 = LINE('',#1063,#1064);
#1063 = CARTESIAN_POINT('',(10.900082039281,3.700045905628,
    0.449999965031));
#1064 = VECTOR('',#1065,1.);
#1065 = DIRECTION('',(8.742277657348E-08,-1.,4.371140912996E-08));
#1066 = ORIENTED_EDGE('',*,*,#1067,.F.);
#1067 = EDGE_CURVE('',#1068,#1060,#1070,.T.);
#1068 = VERTEX_POINT('',#1069);
#1069 = CARTESIAN_POINT('',(9.900082039281,3.700045818205,0.449999965031
    ));
#1070 = LINE('',#1071,#1072);
#1071 = CARTESIAN_POINT('',(10.400082039281,3.700045861916,
    0.449999965031));
#1072 = VECTOR('',#1073,1.);
#1073 = DIRECTION('',(1.,8.742277657348E-08,-9.466853158302E-31));
#1074 = ORIENTED_EDGE('',*,*,#1075,.F.);
#1075 = EDGE_CURVE('',#1020,#1068,#1076,.T.);
#1076 = LINE('',#1077,#1078);
#1077 = CARTESIAN_POINT('',(9.900082039281,3.700045818205,0.449999965031
    ));
#1078 = VECTOR('',#1079,1.);
#1079 = DIRECTION('',(-8.742277657348E-08,1.,-4.371140912996E-08));
#1080 = PLANE('',#1081);
#1081 = AXIS2_PLACEMENT_3D('',#1082,#1083,#1084);
#1082 = CARTESIAN_POINT('',(10.400082039281,3.700045861916,
    0.449999965031));
#1083 = DIRECTION('',(3.82137275408E-15,-4.371140912996E-08,-1.));
#1084 = DIRECTION('',(8.742277657348E-08,-1.,4.371140912996E-08));
#1085 = ADVANCED_FACE('',(#1086),#1143,.F.);
#1086 = FACE_BOUND('',#1087,.T.);
#1087 = EDGE_LOOP('',(#1088,#1089,#1097,#1105,#1113,#1121,#1129,#1137));
#1088 = ORIENTED_EDGE('',*,*,#1051,.F.);
#1089 = ORIENTED_EDGE('',*,*,#1090,.F.);
#1090 = EDGE_CURVE('',#1091,#1044,#1093,.T.);
#1091 = VERTEX_POINT('',#1092);
#1092 = CARTESIAN_POINT('',(11.100082091734,3.100045923112,
    0.449999991258));
#1093 = LINE('',#1094,#1095);
#1094 = CARTESIAN_POINT('',(10.900082091734,3.100045905628,
    0.449999991258));
#1095 = VECTOR('',#1096,1.);
#1096 = DIRECTION('',(-1.,-8.7422776709E-08,5.924001539324E-24));
#1097 = ORIENTED_EDGE('',*,*,#1098,.F.);
#1098 = EDGE_CURVE('',#1099,#1091,#1101,.T.);
#1099 = VERTEX_POINT('',#1100);
#1100 = CARTESIAN_POINT('',(11.100082109219,2.900045923112,0.45));
#1101 = LINE('',#1102,#1103);
#1102 = CARTESIAN_POINT('',(11.100082091734,3.100045923112,
    0.449999991258));
#1103 = VECTOR('',#1104,1.);
#1104 = DIRECTION('',(-8.742277657348E-08,1.,-4.371140912996E-08));
#1105 = ORIENTED_EDGE('',*,*,#1106,.T.);
#1106 = EDGE_CURVE('',#1099,#1107,#1109,.T.);
#1107 = VERTEX_POINT('',#1108);
#1108 = CARTESIAN_POINT('',(11.200082109219,2.900045931854,0.45));
#1109 = LINE('',#1110,#1111);
#1110 = CARTESIAN_POINT('',(10.400082109219,2.900045861916,0.45));
#1111 = VECTOR('',#1112,1.);
#1112 = DIRECTION('',(1.,8.742277657348E-08,-9.466853158302E-31));
#1113 = ORIENTED_EDGE('',*,*,#1114,.F.);
#1114 = EDGE_CURVE('',#1115,#1107,#1117,.T.);
#1115 = VERTEX_POINT('',#1116);
#1116 = CARTESIAN_POINT('',(11.200082039281,3.700045931854,
    0.449999965031));
#1117 = LINE('',#1118,#1119);
#1118 = CARTESIAN_POINT('',(11.200082039281,3.700045931854,
    0.449999965031));
#1119 = VECTOR('',#1120,1.);
#1120 = DIRECTION('',(8.742277657348E-08,-1.,4.371140912996E-08));
#1121 = ORIENTED_EDGE('',*,*,#1122,.F.);
#1122 = EDGE_CURVE('',#1123,#1115,#1125,.T.);
#1123 = VERTEX_POINT('',#1124);
#1124 = CARTESIAN_POINT('',(11.100082039281,3.700045923112,
    0.449999965031));
#1125 = LINE('',#1126,#1127);
#1126 = CARTESIAN_POINT('',(10.400082039281,3.700045861916,
    0.449999965031));
#1127 = VECTOR('',#1128,1.);
#1128 = DIRECTION('',(1.,8.742277657348E-08,-9.466853158302E-31));
#1129 = ORIENTED_EDGE('',*,*,#1130,.F.);
#1130 = EDGE_CURVE('',#1131,#1123,#1133,.T.);
#1131 = VERTEX_POINT('',#1132);
#1132 = CARTESIAN_POINT('',(11.100082056765,3.500045923112,
    0.449999973773));
#1133 = LINE('',#1134,#1135);
#1134 = CARTESIAN_POINT('',(11.100082056765,3.500045923112,
    0.449999973773));
#1135 = VECTOR('',#1136,1.);
#1136 = DIRECTION('',(-8.742277657348E-08,1.,-4.371140912996E-08));
#1137 = ORIENTED_EDGE('',*,*,#1138,.F.);
#1138 = EDGE_CURVE('',#1052,#1131,#1139,.T.);
#1139 = LINE('',#1140,#1141);
#1140 = CARTESIAN_POINT('',(10.900082056765,3.500045905628,
    0.449999973773));
#1141 = VECTOR('',#1142,1.);
#1142 = DIRECTION('',(1.,8.742277657348E-08,-9.466853158302E-31));
#1143 = PLANE('',#1144);
#1144 = AXIS2_PLACEMENT_3D('',#1145,#1146,#1147);
#1145 = CARTESIAN_POINT('',(10.400082039281,3.700045861916,
    0.449999965031));
#1146 = DIRECTION('',(3.82137275408E-15,-4.371140912996E-08,-1.));
#1147 = DIRECTION('',(8.742277657348E-08,-1.,4.371140912996E-08));
#1148 = ADVANCED_FACE('',(#1149),#1176,.F.);
#1149 = FACE_BOUND('',#1150,.T.);
#1150 = EDGE_LOOP('',(#1151,#1152,#1153,#1154,#1155,#1156,#1157,#1158,
    #1159,#1160,#1161,#1162,#1163,#1164,#1165,#1166,#1167,#1168,#1169,
    #1170,#1171,#1172,#1173,#1174,#1175));
#1151 = ORIENTED_EDGE('',*,*,#789,.F.);
#1152 = ORIENTED_EDGE('',*,*,#771,.F.);
#1153 = ORIENTED_EDGE('',*,*,#1009,.F.);
#1154 = ORIENTED_EDGE('',*,*,#1001,.F.);
#1155 = ORIENTED_EDGE('',*,*,#989,.F.);
#1156 = ORIENTED_EDGE('',*,*,#981,.F.);
#1157 = ORIENTED_EDGE('',*,*,#965,.F.);
#1158 = ORIENTED_EDGE('',*,*,#957,.F.);
#1159 = ORIENTED_EDGE('',*,*,#941,.F.);
#1160 = ORIENTED_EDGE('',*,*,#933,.F.);
#1161 = ORIENTED_EDGE('',*,*,#925,.F.);
#1162 = ORIENTED_EDGE('',*,*,#917,.F.);
#1163 = ORIENTED_EDGE('',*,*,#909,.F.);
#1164 = ORIENTED_EDGE('',*,*,#901,.F.);
#1165 = ORIENTED_EDGE('',*,*,#893,.F.);
#1166 = ORIENTED_EDGE('',*,*,#885,.F.);
#1167 = ORIENTED_EDGE('',*,*,#877,.F.);
#1168 = ORIENTED_EDGE('',*,*,#869,.F.);
#1169 = ORIENTED_EDGE('',*,*,#861,.F.);
#1170 = ORIENTED_EDGE('',*,*,#853,.F.);
#1171 = ORIENTED_EDGE('',*,*,#845,.F.);
#1172 = ORIENTED_EDGE('',*,*,#837,.F.);
#1173 = ORIENTED_EDGE('',*,*,#821,.F.);
#1174 = ORIENTED_EDGE('',*,*,#813,.F.);
#1175 = ORIENTED_EDGE('',*,*,#797,.F.);
#1176 = PLANE('',#1177);
#1177 = AXIS2_PLACEMENT_3D('',#1178,#1179,#1180);
#1178 = CARTESIAN_POINT('',(10.400082039281,3.700045861916,
    0.449999965031));
#1179 = DIRECTION('',(3.82137275408E-15,-4.371140912996E-08,-1.));
#1180 = DIRECTION('',(8.742277657348E-08,-1.,4.371140912996E-08));
#1181 = ADVANCED_FACE('',(#1182,#1192),#1226,.F.);
#1182 = FACE_BOUND('',#1183,.T.);
#1183 = EDGE_LOOP('',(#1184,#1185,#1186,#1187,#1188,#1189,#1190,#1191));
#1184 = ORIENTED_EDGE('',*,*,#691,.F.);
#1185 = ORIENTED_EDGE('',*,*,#673,.F.);
#1186 = ORIENTED_EDGE('',*,*,#763,.F.);
#1187 = ORIENTED_EDGE('',*,*,#747,.F.);
#1188 = ORIENTED_EDGE('',*,*,#739,.F.);
#1189 = ORIENTED_EDGE('',*,*,#723,.F.);
#1190 = ORIENTED_EDGE('',*,*,#715,.F.);
#1191 = ORIENTED_EDGE('',*,*,#699,.F.);
#1192 = FACE_BOUND('',#1193,.T.);
#1193 = EDGE_LOOP('',(#1194,#1204,#1212,#1220));
#1194 = ORIENTED_EDGE('',*,*,#1195,.F.);
#1195 = EDGE_CURVE('',#1196,#1198,#1200,.T.);
#1196 = VERTEX_POINT('',#1197);
#1197 = CARTESIAN_POINT('',(10.342491697847,3.471130194231,
    0.449999975037));
#1198 = VERTEX_POINT('',#1199);
#1199 = CARTESIAN_POINT('',(10.250925432787,3.471130186226,
    0.449999975037));
#1200 = LINE('',#1201,#1202);
#1201 = CARTESIAN_POINT('',(10.400082059293,3.471130199266,
    0.449999975037));
#1202 = VECTOR('',#1203,1.);
#1203 = DIRECTION('',(-1.,-8.742277657348E-08,9.466853158302E-31));
#1204 = ORIENTED_EDGE('',*,*,#1205,.F.);
#1205 = EDGE_CURVE('',#1206,#1196,#1208,.T.);
#1206 = VERTEX_POINT('',#1207);
#1207 = CARTESIAN_POINT('',(10.342491727761,3.128961519532,
    0.449999989994));
#1208 = LINE('',#1209,#1210);
#1209 = CARTESIAN_POINT('',(10.342491677835,3.700045856882,
    0.449999965031));
#1210 = VECTOR('',#1211,1.);
#1211 = DIRECTION('',(-8.742277657348E-08,1.,-4.371140912996E-08));
#1212 = ORIENTED_EDGE('',*,*,#1213,.F.);
#1213 = EDGE_CURVE('',#1214,#1206,#1216,.T.);
#1214 = VERTEX_POINT('',#1215);
#1215 = CARTESIAN_POINT('',(10.2509254627,3.128961511527,0.449999989994)
  );
#1216 = LINE('',#1217,#1218);
#1217 = CARTESIAN_POINT('',(10.400082089206,3.128961524567,
    0.449999989994));
#1218 = VECTOR('',#1219,1.);
#1219 = DIRECTION('',(1.,8.742277657348E-08,-9.466853158302E-31));
#1220 = ORIENTED_EDGE('',*,*,#1221,.F.);
#1221 = EDGE_CURVE('',#1198,#1214,#1222,.T.);
#1222 = LINE('',#1223,#1224);
#1223 = CARTESIAN_POINT('',(10.250925412775,3.700045848877,
    0.449999965031));
#1224 = VECTOR('',#1225,1.);
#1225 = DIRECTION('',(8.742277657348E-08,-1.,4.371140912996E-08));
#1226 = PLANE('',#1227);
#1227 = AXIS2_PLACEMENT_3D('',#1228,#1229,#1230);
#1228 = CARTESIAN_POINT('',(10.400082039281,3.700045861916,
    0.449999965031));
#1229 = DIRECTION('',(3.82137275408E-15,-4.371140912996E-08,-1.));
#1230 = DIRECTION('',(8.742277657348E-08,-1.,4.371140912996E-08));
#1231 = ADVANCED_FACE('',(#1232),#1238,.F.);
#1232 = FACE_BOUND('',#1233,.T.);
#1233 = EDGE_LOOP('',(#1234,#1235,#1236,#1237));
#1234 = ORIENTED_EDGE('',*,*,#1205,.T.);
#1235 = ORIENTED_EDGE('',*,*,#1195,.T.);
#1236 = ORIENTED_EDGE('',*,*,#1221,.T.);
#1237 = ORIENTED_EDGE('',*,*,#1213,.T.);
#1238 = PLANE('',#1239);
#1239 = AXIS2_PLACEMENT_3D('',#1240,#1241,#1242);
#1240 = CARTESIAN_POINT('',(10.400082039281,3.700045861916,
    0.449999965031));
#1241 = DIRECTION('',(3.82137275408E-15,-4.371140912996E-08,-1.));
#1242 = DIRECTION('',(8.742277657348E-08,-1.,4.371140912996E-08));
#1243 = ADVANCED_FACE('',(#1244,#1261),#1295,.F.);
#1244 = FACE_BOUND('',#1245,.T.);
#1245 = EDGE_LOOP('',(#1246,#1247,#1248,#1249,#1250,#1251,#1252,#1253,
    #1254,#1255,#1256,#1257,#1258,#1259,#1260));
#1246 = ORIENTED_EDGE('',*,*,#529,.F.);
#1247 = ORIENTED_EDGE('',*,*,#511,.F.);
#1248 = ORIENTED_EDGE('',*,*,#665,.F.);
#1249 = ORIENTED_EDGE('',*,*,#657,.F.);
#1250 = ORIENTED_EDGE('',*,*,#649,.F.);
#1251 = ORIENTED_EDGE('',*,*,#641,.F.);
#1252 = ORIENTED_EDGE('',*,*,#633,.F.);
#1253 = ORIENTED_EDGE('',*,*,#625,.F.);
#1254 = ORIENTED_EDGE('',*,*,#609,.F.);
#1255 = ORIENTED_EDGE('',*,*,#601,.F.);
#1256 = ORIENTED_EDGE('',*,*,#585,.F.);
#1257 = ORIENTED_EDGE('',*,*,#577,.F.);
#1258 = ORIENTED_EDGE('',*,*,#561,.F.);
#1259 = ORIENTED_EDGE('',*,*,#553,.F.);
#1260 = ORIENTED_EDGE('',*,*,#537,.F.);
#1261 = FACE_BOUND('',#1262,.T.);
#1262 = EDGE_LOOP('',(#1263,#1273,#1281,#1289));
#1263 = ORIENTED_EDGE('',*,*,#1264,.F.);
#1264 = EDGE_CURVE('',#1265,#1267,#1269,.T.);
#1265 = VERTEX_POINT('',#1266);
#1266 = CARTESIAN_POINT('',(10.544419408691,3.471130211884,
    0.449999975037));
#1267 = VERTEX_POINT('',#1268);
#1268 = CARTESIAN_POINT('',(10.457672420739,3.4711302043,0.449999975037)
  );
#1269 = LINE('',#1270,#1271);
#1270 = CARTESIAN_POINT('',(10.400082059293,3.471130199266,
    0.449999975037));
#1271 = VECTOR('',#1272,1.);
#1272 = DIRECTION('',(-1.,-8.742277657348E-08,9.466853158302E-31));
#1273 = ORIENTED_EDGE('',*,*,#1274,.F.);
#1274 = EDGE_CURVE('',#1275,#1265,#1277,.T.);
#1275 = VERTEX_POINT('',#1276);
#1276 = CARTESIAN_POINT('',(10.544419423015,3.307274790197,
    0.449999982199));
#1277 = LINE('',#1278,#1279);
#1278 = CARTESIAN_POINT('',(10.544419388678,3.700045874535,
    0.449999965031));
#1279 = VECTOR('',#1280,1.);
#1280 = DIRECTION('',(-8.742277657348E-08,1.,-4.371140912996E-08));
#1281 = ORIENTED_EDGE('',*,*,#1282,.F.);
#1282 = EDGE_CURVE('',#1283,#1275,#1285,.T.);
#1283 = VERTEX_POINT('',#1284);
#1284 = CARTESIAN_POINT('',(10.457672435063,3.307274782614,
    0.449999982199));
#1285 = LINE('',#1286,#1287);
#1286 = CARTESIAN_POINT('',(10.400082073618,3.307274777579,
    0.449999982199));
#1287 = VECTOR('',#1288,1.);
#1288 = DIRECTION('',(1.,8.742277657348E-08,-9.466853158302E-31));
#1289 = ORIENTED_EDGE('',*,*,#1290,.F.);
#1290 = EDGE_CURVE('',#1267,#1283,#1291,.T.);
#1291 = LINE('',#1292,#1293);
#1292 = CARTESIAN_POINT('',(10.457672400726,3.700045866951,
    0.449999965031));
#1293 = VECTOR('',#1294,1.);
#1294 = DIRECTION('',(8.742277657348E-08,-1.,4.371140912996E-08));
#1295 = PLANE('',#1296);
#1296 = AXIS2_PLACEMENT_3D('',#1297,#1298,#1299);
#1297 = CARTESIAN_POINT('',(10.400082039281,3.700045861916,
    0.449999965031));
#1298 = DIRECTION('',(3.82137275408E-15,-4.371140912996E-08,-1.));
#1299 = DIRECTION('',(8.742277657348E-08,-1.,4.371140912996E-08));
#1300 = ADVANCED_FACE('',(#1301),#1307,.F.);
#1301 = FACE_BOUND('',#1302,.T.);
#1302 = EDGE_LOOP('',(#1303,#1304,#1305,#1306));
#1303 = ORIENTED_EDGE('',*,*,#1274,.T.);
#1304 = ORIENTED_EDGE('',*,*,#1264,.T.);
#1305 = ORIENTED_EDGE('',*,*,#1290,.T.);
#1306 = ORIENTED_EDGE('',*,*,#1282,.T.);
#1307 = PLANE('',#1308);
#1308 = AXIS2_PLACEMENT_3D('',#1309,#1310,#1311);
#1309 = CARTESIAN_POINT('',(10.400082039281,3.700045861916,
    0.449999965031));
#1310 = DIRECTION('',(3.82137275408E-15,-4.371140912996E-08,-1.));
#1311 = DIRECTION('',(8.742277657348E-08,-1.,4.371140912996E-08));
#1312 = ADVANCED_FACE('',(#1313,#1323),#1357,.F.);
#1313 = FACE_BOUND('',#1314,.T.);
#1314 = EDGE_LOOP('',(#1315,#1316,#1317,#1318,#1319,#1320,#1321,#1322));
#1315 = ORIENTED_EDGE('',*,*,#431,.F.);
#1316 = ORIENTED_EDGE('',*,*,#413,.F.);
#1317 = ORIENTED_EDGE('',*,*,#503,.F.);
#1318 = ORIENTED_EDGE('',*,*,#487,.F.);
#1319 = ORIENTED_EDGE('',*,*,#479,.F.);
#1320 = ORIENTED_EDGE('',*,*,#463,.F.);
#1321 = ORIENTED_EDGE('',*,*,#455,.F.);
#1322 = ORIENTED_EDGE('',*,*,#439,.F.);
#1323 = FACE_BOUND('',#1324,.T.);
#1324 = EDGE_LOOP('',(#1325,#1335,#1343,#1351));
#1325 = ORIENTED_EDGE('',*,*,#1326,.F.);
#1326 = EDGE_CURVE('',#1327,#1329,#1331,.T.);
#1327 = VERTEX_POINT('',#1328);
#1328 = CARTESIAN_POINT('',(10.751166396642,3.471130229958,
    0.449999975037));
#1329 = VERTEX_POINT('',#1330);
#1330 = CARTESIAN_POINT('',(10.659600131582,3.471130221953,
    0.449999975037));
#1331 = LINE('',#1332,#1333);
#1332 = CARTESIAN_POINT('',(10.400082059293,3.471130199266,
    0.449999975037));
#1333 = VECTOR('',#1334,1.);
#1334 = DIRECTION('',(-1.,-8.742277657348E-08,9.466853158302E-31));
#1335 = ORIENTED_EDGE('',*,*,#1336,.F.);
#1336 = EDGE_CURVE('',#1337,#1327,#1339,.T.);
#1337 = VERTEX_POINT('',#1338);
#1338 = CARTESIAN_POINT('',(10.751166426556,3.12896155526,0.449999989994
    ));
#1339 = LINE('',#1340,#1341);
#1340 = CARTESIAN_POINT('',(10.75116637663,3.700045892609,0.449999965031
    ));
#1341 = VECTOR('',#1342,1.);
#1342 = DIRECTION('',(-8.742277657348E-08,1.,-4.371140912996E-08));
#1343 = ORIENTED_EDGE('',*,*,#1344,.F.);
#1344 = EDGE_CURVE('',#1345,#1337,#1347,.T.);
#1345 = VERTEX_POINT('',#1346);
#1346 = CARTESIAN_POINT('',(10.659600161495,3.128961547255,
    0.449999989994));
#1347 = LINE('',#1348,#1349);
#1348 = CARTESIAN_POINT('',(10.400082089206,3.128961524567,
    0.449999989994));
#1349 = VECTOR('',#1350,1.);
#1350 = DIRECTION('',(1.,8.742277657348E-08,-9.466853158302E-31));
#1351 = ORIENTED_EDGE('',*,*,#1352,.F.);
#1352 = EDGE_CURVE('',#1329,#1345,#1353,.T.);
#1353 = LINE('',#1354,#1355);
#1354 = CARTESIAN_POINT('',(10.65960011157,3.700045884604,0.449999965031
    ));
#1355 = VECTOR('',#1356,1.);
#1356 = DIRECTION('',(8.742277657348E-08,-1.,4.371140912996E-08));
#1357 = PLANE('',#1358);
#1358 = AXIS2_PLACEMENT_3D('',#1359,#1360,#1361);
#1359 = CARTESIAN_POINT('',(10.400082039281,3.700045861916,
    0.449999965031));
#1360 = DIRECTION('',(3.82137275408E-15,-4.371140912996E-08,-1.));
#1361 = DIRECTION('',(8.742277657348E-08,-1.,4.371140912996E-08));
#1362 = ADVANCED_FACE('',(#1363),#1369,.F.);
#1363 = FACE_BOUND('',#1364,.T.);
#1364 = EDGE_LOOP('',(#1365,#1366,#1367,#1368));
#1365 = ORIENTED_EDGE('',*,*,#1336,.T.);
#1366 = ORIENTED_EDGE('',*,*,#1326,.T.);
#1367 = ORIENTED_EDGE('',*,*,#1352,.T.);
#1368 = ORIENTED_EDGE('',*,*,#1344,.T.);
#1369 = PLANE('',#1370);
#1370 = AXIS2_PLACEMENT_3D('',#1371,#1372,#1373);
#1371 = CARTESIAN_POINT('',(10.400082039281,3.700045861916,
    0.449999965031));
#1372 = DIRECTION('',(3.82137275408E-15,-4.371140912996E-08,-1.));
#1373 = DIRECTION('',(8.742277657348E-08,-1.,4.371140912996E-08));
#1374 = ADVANCED_FACE('',(#1375),#1400,.T.);
#1375 = FACE_BOUND('',#1376,.T.);
#1376 = EDGE_LOOP('',(#1377,#1385,#1386,#1394));
#1377 = ORIENTED_EDGE('',*,*,#1378,.T.);
#1378 = EDGE_CURVE('',#1379,#1068,#1381,.T.);
#1379 = VERTEX_POINT('',#1380);
#1380 = CARTESIAN_POINT('',(9.900082039281,3.700045816893,0.419999965031
    ));
#1381 = LINE('',#1382,#1383);
#1382 = CARTESIAN_POINT('',(9.900082039281,3.700045816893,0.419999965031
    ));
#1383 = VECTOR('',#1384,1.);
#1384 = DIRECTION('',(-3.82137275408E-15,4.371140912996E-08,1.));
#1385 = ORIENTED_EDGE('',*,*,#1067,.T.);
#1386 = ORIENTED_EDGE('',*,*,#1387,.F.);
#1387 = EDGE_CURVE('',#1388,#1060,#1390,.T.);
#1388 = VERTEX_POINT('',#1389);
#1389 = CARTESIAN_POINT('',(10.900082039281,3.700045904316,
    0.419999965031));
#1390 = LINE('',#1391,#1392);
#1391 = CARTESIAN_POINT('',(10.900082039281,3.700045904316,
    0.419999965031));
#1392 = VECTOR('',#1393,1.);
#1393 = DIRECTION('',(-3.82137275408E-15,4.371140912996E-08,1.));
#1394 = ORIENTED_EDGE('',*,*,#1395,.T.);
#1395 = EDGE_CURVE('',#1388,#1379,#1396,.T.);
#1396 = LINE('',#1397,#1398);
#1397 = CARTESIAN_POINT('',(10.400082039281,3.700045860605,
    0.419999965031));
#1398 = VECTOR('',#1399,1.);
#1399 = DIRECTION('',(-1.,-8.742277657348E-08,9.466853158302E-31));
#1400 = PLANE('',#1401);
#1401 = AXIS2_PLACEMENT_3D('',#1402,#1403,#1404);
#1402 = CARTESIAN_POINT('',(11.200082039281,3.700045931854,
    0.449999965031));
#1403 = DIRECTION('',(-8.742277657348E-08,1.,-4.371140912996E-08));
#1404 = DIRECTION('',(-1.,-8.742277657348E-08,9.466853158302E-31));
#1405 = ADVANCED_FACE('',(#1406),#1463,.T.);
#1406 = FACE_BOUND('',#1407,.T.);
#1407 = EDGE_LOOP('',(#1408,#1416,#1417,#1425,#1433,#1441,#1449,#1457));
#1408 = ORIENTED_EDGE('',*,*,#1409,.T.);
#1409 = EDGE_CURVE('',#1410,#1123,#1412,.T.);
#1410 = VERTEX_POINT('',#1411);
#1411 = CARTESIAN_POINT('',(11.100082039281,3.700045921801,
    0.419999965031));
#1412 = LINE('',#1413,#1414);
#1413 = CARTESIAN_POINT('',(11.100082039281,3.700045921801,
    0.419999965031));
#1414 = VECTOR('',#1415,1.);
#1415 = DIRECTION('',(-3.82137275408E-15,4.371140912996E-08,1.));
#1416 = ORIENTED_EDGE('',*,*,#1122,.T.);
#1417 = ORIENTED_EDGE('',*,*,#1418,.T.);
#1418 = EDGE_CURVE('',#1115,#1419,#1421,.T.);
#1419 = VERTEX_POINT('',#1420);
#1420 = CARTESIAN_POINT('',(11.200082039281,3.700045912184,
    -3.496912730397E-08));
#1421 = LINE('',#1422,#1423);
#1422 = CARTESIAN_POINT('',(11.200082039281,3.700045931854,
    0.449999965031));
#1423 = VECTOR('',#1424,1.);
#1424 = DIRECTION('',(3.82137275408E-15,-4.371140912996E-08,-1.));
#1425 = ORIENTED_EDGE('',*,*,#1426,.T.);
#1426 = EDGE_CURVE('',#1419,#1427,#1429,.T.);
#1427 = VERTEX_POINT('',#1428);
#1428 = CARTESIAN_POINT('',(10.900082039281,3.700045885957,
    -3.496912734071E-08));
#1429 = LINE('',#1430,#1431);
#1430 = CARTESIAN_POINT('',(11.200082039281,3.700045912184,
    -3.496912730397E-08));
#1431 = VECTOR('',#1432,1.);
#1432 = DIRECTION('',(-1.,-8.742277657348E-08,-1.224646799147E-16));
#1433 = ORIENTED_EDGE('',*,*,#1434,.T.);
#1434 = EDGE_CURVE('',#1427,#1435,#1437,.T.);
#1435 = VERTEX_POINT('',#1436);
#1436 = CARTESIAN_POINT('',(10.900082039281,3.700045887269,
    2.999996503087E-02));
#1437 = LINE('',#1438,#1439);
#1438 = CARTESIAN_POINT('',(10.900082039281,3.700045887269,
    2.999996503087E-02));
#1439 = VECTOR('',#1440,1.);
#1440 = DIRECTION('',(-3.82137275408E-15,4.371140912996E-08,1.));
#1441 = ORIENTED_EDGE('',*,*,#1442,.T.);
#1442 = EDGE_CURVE('',#1435,#1443,#1445,.T.);
#1443 = VERTEX_POINT('',#1444);
#1444 = CARTESIAN_POINT('',(11.170082039281,3.700045910873,
    2.999996503087E-02));
#1445 = LINE('',#1446,#1447);
#1446 = CARTESIAN_POINT('',(11.170082039281,3.700045910873,
    2.999996503087E-02));
#1447 = VECTOR('',#1448,1.);
#1448 = DIRECTION('',(1.,8.742277657348E-08,-9.466853158302E-31));
#1449 = ORIENTED_EDGE('',*,*,#1450,.T.);
#1450 = EDGE_CURVE('',#1443,#1451,#1453,.T.);
#1451 = VERTEX_POINT('',#1452);
#1452 = CARTESIAN_POINT('',(11.170082039281,3.70004592792,0.419999965031
    ));
#1453 = LINE('',#1454,#1455);
#1454 = CARTESIAN_POINT('',(11.170082039281,3.70004592792,0.419999965031
    ));
#1455 = VECTOR('',#1456,1.);
#1456 = DIRECTION('',(-3.82137275408E-15,4.371140912996E-08,1.));
#1457 = ORIENTED_EDGE('',*,*,#1458,.T.);
#1458 = EDGE_CURVE('',#1451,#1410,#1459,.T.);
#1459 = LINE('',#1460,#1461);
#1460 = CARTESIAN_POINT('',(10.400082039281,3.700045860605,
    0.419999965031));
#1461 = VECTOR('',#1462,1.);
#1462 = DIRECTION('',(-1.,-8.742277657348E-08,9.466853158302E-31));
#1463 = PLANE('',#1464);
#1464 = AXIS2_PLACEMENT_3D('',#1465,#1466,#1467);
#1465 = CARTESIAN_POINT('',(11.200082039281,3.700045931854,
    0.449999965031));
#1466 = DIRECTION('',(-8.742277657348E-08,1.,-4.371140912996E-08));
#1467 = DIRECTION('',(-1.,-8.742277657348E-08,9.466853158302E-31));
#1468 = ADVANCED_FACE('',(#1469),#1494,.F.);
#1469 = FACE_BOUND('',#1470,.T.);
#1470 = EDGE_LOOP('',(#1471,#1481,#1487,#1488));
#1471 = ORIENTED_EDGE('',*,*,#1472,.F.);
#1472 = EDGE_CURVE('',#1473,#1475,#1477,.T.);
#1473 = VERTEX_POINT('',#1474);
#1474 = CARTESIAN_POINT('',(10.900082109219,2.900045904316,0.42));
#1475 = VERTEX_POINT('',#1476);
#1476 = CARTESIAN_POINT('',(9.900082109219,2.900045816893,0.42));
#1477 = LINE('',#1478,#1479);
#1478 = CARTESIAN_POINT('',(10.400082109219,2.900045860605,0.42));
#1479 = VECTOR('',#1480,1.);
#1480 = DIRECTION('',(-1.,-8.742277657348E-08,9.466853158302E-31));
#1481 = ORIENTED_EDGE('',*,*,#1482,.T.);
#1482 = EDGE_CURVE('',#1473,#1036,#1483,.T.);
#1483 = LINE('',#1484,#1485);
#1484 = CARTESIAN_POINT('',(10.900082109219,2.900045904316,0.42));
#1485 = VECTOR('',#1486,1.);
#1486 = DIRECTION('',(-3.82137275408E-15,4.371140912996E-08,1.));
#1487 = ORIENTED_EDGE('',*,*,#1035,.F.);
#1488 = ORIENTED_EDGE('',*,*,#1489,.F.);
#1489 = EDGE_CURVE('',#1475,#1028,#1490,.T.);
#1490 = LINE('',#1491,#1492);
#1491 = CARTESIAN_POINT('',(9.900082109219,2.900045816893,0.42));
#1492 = VECTOR('',#1493,1.);
#1493 = DIRECTION('',(-3.82137275408E-15,4.371140912996E-08,1.));
#1494 = PLANE('',#1495);
#1495 = AXIS2_PLACEMENT_3D('',#1496,#1497,#1498);
#1496 = CARTESIAN_POINT('',(11.200082109219,2.900045931854,0.45));
#1497 = DIRECTION('',(-8.742277657348E-08,1.,-4.371140912996E-08));
#1498 = DIRECTION('',(-1.,-8.742277657348E-08,9.466853158302E-31));
#1499 = ADVANCED_FACE('',(#1500),#1566,.F.);
#1500 = FACE_BOUND('',#1501,.T.);
#1501 = EDGE_LOOP('',(#1502,#1512,#1520,#1528,#1536,#1544,#1552,#1560));
#1502 = ORIENTED_EDGE('',*,*,#1503,.F.);
#1503 = EDGE_CURVE('',#1504,#1506,#1508,.T.);
#1504 = VERTEX_POINT('',#1505);
#1505 = CARTESIAN_POINT('',(9.700082109219,2.900045799409,0.42));
#1506 = VERTEX_POINT('',#1507);
#1507 = CARTESIAN_POINT('',(9.630082109219,2.900045793289,0.42));
#1508 = LINE('',#1509,#1510);
#1509 = CARTESIAN_POINT('',(10.400082109219,2.900045860605,0.42));
#1510 = VECTOR('',#1511,1.);
#1511 = DIRECTION('',(-1.,-8.742277657348E-08,9.466853158302E-31));
#1512 = ORIENTED_EDGE('',*,*,#1513,.T.);
#1513 = EDGE_CURVE('',#1504,#1514,#1516,.T.);
#1514 = VERTEX_POINT('',#1515);
#1515 = CARTESIAN_POINT('',(9.700082109219,2.90004580072,0.45));
#1516 = LINE('',#1517,#1518);
#1517 = CARTESIAN_POINT('',(9.700082109219,2.900045799409,0.42));
#1518 = VECTOR('',#1519,1.);
#1519 = DIRECTION('',(-3.82137275408E-15,4.371140912996E-08,1.));
#1520 = ORIENTED_EDGE('',*,*,#1521,.F.);
#1521 = EDGE_CURVE('',#1522,#1514,#1524,.T.);
#1522 = VERTEX_POINT('',#1523);
#1523 = CARTESIAN_POINT('',(9.600082109219,2.900045791978,0.45));
#1524 = LINE('',#1525,#1526);
#1525 = CARTESIAN_POINT('',(10.400082109219,2.900045861916,0.45));
#1526 = VECTOR('',#1527,1.);
#1527 = DIRECTION('',(1.,8.742277657348E-08,-9.466853158302E-31));
#1528 = ORIENTED_EDGE('',*,*,#1529,.F.);
#1529 = EDGE_CURVE('',#1530,#1522,#1532,.T.);
#1530 = VERTEX_POINT('',#1531);
#1531 = CARTESIAN_POINT('',(9.600082109219,2.900045772308,
    7.573482526642E-31));
#1532 = LINE('',#1533,#1534);
#1533 = CARTESIAN_POINT('',(9.600082109219,2.900045791978,0.45));
#1534 = VECTOR('',#1535,1.);
#1535 = DIRECTION('',(-3.82137275408E-15,4.371140912996E-08,1.));
#1536 = ORIENTED_EDGE('',*,*,#1537,.F.);
#1537 = EDGE_CURVE('',#1538,#1530,#1540,.T.);
#1538 = VERTEX_POINT('',#1539);
#1539 = CARTESIAN_POINT('',(9.900082109219,2.900045798535,
    -3.673940397442E-17));
#1540 = LINE('',#1541,#1542);
#1541 = CARTESIAN_POINT('',(9.600082109219,2.900045772308,
    7.573482526642E-31));
#1542 = VECTOR('',#1543,1.);
#1543 = DIRECTION('',(-1.,-8.742277657348E-08,1.224646799147E-16));
#1544 = ORIENTED_EDGE('',*,*,#1545,.F.);
#1545 = EDGE_CURVE('',#1546,#1538,#1548,.T.);
#1546 = VERTEX_POINT('',#1547);
#1547 = CARTESIAN_POINT('',(9.900082109219,2.900045799846,3.E-02));
#1548 = LINE('',#1549,#1550);
#1549 = CARTESIAN_POINT('',(9.900082109219,2.900045799846,3.E-02));
#1550 = VECTOR('',#1551,1.);
#1551 = DIRECTION('',(3.82137275408E-15,-4.371140912996E-08,-1.));
#1552 = ORIENTED_EDGE('',*,*,#1553,.F.);
#1553 = EDGE_CURVE('',#1554,#1546,#1556,.T.);
#1554 = VERTEX_POINT('',#1555);
#1555 = CARTESIAN_POINT('',(9.630082109219,2.900045776242,3.E-02));
#1556 = LINE('',#1557,#1558);
#1557 = CARTESIAN_POINT('',(9.630082109219,2.900045776242,3.E-02));
#1558 = VECTOR('',#1559,1.);
#1559 = DIRECTION('',(1.,8.742277657348E-08,-9.466853158302E-31));
#1560 = ORIENTED_EDGE('',*,*,#1561,.F.);
#1561 = EDGE_CURVE('',#1506,#1554,#1562,.T.);
#1562 = LINE('',#1563,#1564);
#1563 = CARTESIAN_POINT('',(9.630082109219,2.900045793289,0.42));
#1564 = VECTOR('',#1565,1.);
#1565 = DIRECTION('',(3.82137275408E-15,-4.371140912996E-08,-1.));
#1566 = PLANE('',#1567);
#1567 = AXIS2_PLACEMENT_3D('',#1568,#1569,#1570);
#1568 = CARTESIAN_POINT('',(11.200082109219,2.900045931854,0.45));
#1569 = DIRECTION('',(-8.742277657348E-08,1.,-4.371140912996E-08));
#1570 = DIRECTION('',(-1.,-8.742277657348E-08,9.466853158302E-31));
#1571 = ADVANCED_FACE('',(#1572),#1590,.F.);
#1572 = FACE_BOUND('',#1573,.T.);
#1573 = EDGE_LOOP('',(#1574,#1582,#1588,#1589));
#1574 = ORIENTED_EDGE('',*,*,#1575,.T.);
#1575 = EDGE_CURVE('',#1107,#1576,#1578,.T.);
#1576 = VERTEX_POINT('',#1577);
#1577 = CARTESIAN_POINT('',(11.200082109219,2.900045912184,
    -7.573482526642E-31));
#1578 = LINE('',#1579,#1580);
#1579 = CARTESIAN_POINT('',(11.200082109219,2.900045931854,0.45));
#1580 = VECTOR('',#1581,1.);
#1581 = DIRECTION('',(3.82137275408E-15,-4.371140912996E-08,-1.));
#1582 = ORIENTED_EDGE('',*,*,#1583,.F.);
#1583 = EDGE_CURVE('',#1419,#1576,#1584,.T.);
#1584 = LINE('',#1585,#1586);
#1585 = CARTESIAN_POINT('',(11.200082039281,3.700045912184,
    -3.496912730397E-08));
#1586 = VECTOR('',#1587,1.);
#1587 = DIRECTION('',(8.742277657348E-08,-1.,4.371140912996E-08));
#1588 = ORIENTED_EDGE('',*,*,#1418,.F.);
#1589 = ORIENTED_EDGE('',*,*,#1114,.T.);
#1590 = PLANE('',#1591);
#1591 = AXIS2_PLACEMENT_3D('',#1592,#1593,#1594);
#1592 = CARTESIAN_POINT('',(11.200082039281,3.700045931854,
    0.449999965031));
#1593 = DIRECTION('',(-1.,-8.742277657348E-08,9.466853158302E-31));
#1594 = DIRECTION('',(8.742277657348E-08,-1.,4.371140912996E-08));
#1595 = ADVANCED_FACE('',(#1596),#1614,.F.);
#1596 = FACE_BOUND('',#1597,.T.);
#1597 = EDGE_LOOP('',(#1598,#1606,#1612,#1613));
#1598 = ORIENTED_EDGE('',*,*,#1599,.T.);
#1599 = EDGE_CURVE('',#1576,#1600,#1602,.T.);
#1600 = VERTEX_POINT('',#1601);
#1601 = CARTESIAN_POINT('',(10.900082109219,2.900045885957,
    -3.673940397442E-17));
#1602 = LINE('',#1603,#1604);
#1603 = CARTESIAN_POINT('',(11.200082109219,2.900045912184,
    -7.573482526642E-31));
#1604 = VECTOR('',#1605,1.);
#1605 = DIRECTION('',(-1.,-8.742277657348E-08,-1.224646799147E-16));
#1606 = ORIENTED_EDGE('',*,*,#1607,.F.);
#1607 = EDGE_CURVE('',#1427,#1600,#1608,.T.);
#1608 = LINE('',#1609,#1610);
#1609 = CARTESIAN_POINT('',(10.900082039281,3.700045885957,
    -3.496912734071E-08));
#1610 = VECTOR('',#1611,1.);
#1611 = DIRECTION('',(8.742277657348E-08,-1.,4.371140912996E-08));
#1612 = ORIENTED_EDGE('',*,*,#1426,.F.);
#1613 = ORIENTED_EDGE('',*,*,#1583,.T.);
#1614 = PLANE('',#1615);
#1615 = AXIS2_PLACEMENT_3D('',#1616,#1617,#1618);
#1616 = CARTESIAN_POINT('',(11.200082039281,3.700045912184,
    -3.496912730397E-08));
#1617 = DIRECTION('',(-3.943837433995E-15,4.371140912996E-08,1.));
#1618 = DIRECTION('',(1.,8.742277657348E-08,1.224646799147E-16));
#1619 = ADVANCED_FACE('',(#1620),#1638,.F.);
#1620 = FACE_BOUND('',#1621,.T.);
#1621 = EDGE_LOOP('',(#1622,#1630,#1636,#1637));
#1622 = ORIENTED_EDGE('',*,*,#1623,.T.);
#1623 = EDGE_CURVE('',#1600,#1624,#1626,.T.);
#1624 = VERTEX_POINT('',#1625);
#1625 = CARTESIAN_POINT('',(10.900082109219,2.900045887269,3.E-02));
#1626 = LINE('',#1627,#1628);
#1627 = CARTESIAN_POINT('',(10.900082109219,2.900045887269,3.E-02));
#1628 = VECTOR('',#1629,1.);
#1629 = DIRECTION('',(-3.82137275408E-15,4.371140912996E-08,1.));
#1630 = ORIENTED_EDGE('',*,*,#1631,.F.);
#1631 = EDGE_CURVE('',#1435,#1624,#1632,.T.);
#1632 = LINE('',#1633,#1634);
#1633 = CARTESIAN_POINT('',(10.900082039281,3.700045887269,
    2.999996503087E-02));
#1634 = VECTOR('',#1635,1.);
#1635 = DIRECTION('',(8.742277657348E-08,-1.,4.371140912996E-08));
#1636 = ORIENTED_EDGE('',*,*,#1434,.F.);
#1637 = ORIENTED_EDGE('',*,*,#1607,.T.);
#1638 = PLANE('',#1639);
#1639 = AXIS2_PLACEMENT_3D('',#1640,#1641,#1642);
#1640 = CARTESIAN_POINT('',(10.900082039281,3.700045887269,
    2.999996503087E-02));
#1641 = DIRECTION('',(1.,8.742277657348E-08,-9.466853158302E-31));
#1642 = DIRECTION('',(-8.742277657348E-08,1.,-4.371140912996E-08));
#1643 = ADVANCED_FACE('',(#1644),#1662,.F.);
#1644 = FACE_BOUND('',#1645,.T.);
#1645 = EDGE_LOOP('',(#1646,#1654,#1660,#1661));
#1646 = ORIENTED_EDGE('',*,*,#1647,.T.);
#1647 = EDGE_CURVE('',#1624,#1648,#1650,.T.);
#1648 = VERTEX_POINT('',#1649);
#1649 = CARTESIAN_POINT('',(11.170082109219,2.900045910873,3.E-02));
#1650 = LINE('',#1651,#1652);
#1651 = CARTESIAN_POINT('',(11.170082109219,2.900045910873,3.E-02));
#1652 = VECTOR('',#1653,1.);
#1653 = DIRECTION('',(1.,8.742277657348E-08,-9.466853158302E-31));
#1654 = ORIENTED_EDGE('',*,*,#1655,.F.);
#1655 = EDGE_CURVE('',#1443,#1648,#1656,.T.);
#1656 = LINE('',#1657,#1658);
#1657 = CARTESIAN_POINT('',(11.170082039281,3.700045910873,
    2.999996503087E-02));
#1658 = VECTOR('',#1659,1.);
#1659 = DIRECTION('',(8.742277657348E-08,-1.,4.371140912996E-08));
#1660 = ORIENTED_EDGE('',*,*,#1442,.F.);
#1661 = ORIENTED_EDGE('',*,*,#1631,.T.);
#1662 = PLANE('',#1663);
#1663 = AXIS2_PLACEMENT_3D('',#1664,#1665,#1666);
#1664 = CARTESIAN_POINT('',(11.170082039281,3.700045910873,
    2.999996503087E-02));
#1665 = DIRECTION('',(3.82137275408E-15,-4.371140912996E-08,-1.));
#1666 = DIRECTION('',(8.742277657348E-08,-1.,4.371140912996E-08));
#1667 = ADVANCED_FACE('',(#1668),#1686,.F.);
#1668 = FACE_BOUND('',#1669,.T.);
#1669 = EDGE_LOOP('',(#1670,#1678,#1684,#1685));
#1670 = ORIENTED_EDGE('',*,*,#1671,.T.);
#1671 = EDGE_CURVE('',#1648,#1672,#1674,.T.);
#1672 = VERTEX_POINT('',#1673);
#1673 = CARTESIAN_POINT('',(11.170082109219,2.90004592792,0.42));
#1674 = LINE('',#1675,#1676);
#1675 = CARTESIAN_POINT('',(11.170082109219,2.90004592792,0.42));
#1676 = VECTOR('',#1677,1.);
#1677 = DIRECTION('',(-3.82137275408E-15,4.371140912996E-08,1.));
#1678 = ORIENTED_EDGE('',*,*,#1679,.F.);
#1679 = EDGE_CURVE('',#1451,#1672,#1680,.T.);
#1680 = LINE('',#1681,#1682);
#1681 = CARTESIAN_POINT('',(11.170082039281,3.70004592792,0.419999965031
    ));
#1682 = VECTOR('',#1683,1.);
#1683 = DIRECTION('',(8.742277657348E-08,-1.,4.371140912996E-08));
#1684 = ORIENTED_EDGE('',*,*,#1450,.F.);
#1685 = ORIENTED_EDGE('',*,*,#1655,.T.);
#1686 = PLANE('',#1687);
#1687 = AXIS2_PLACEMENT_3D('',#1688,#1689,#1690);
#1688 = CARTESIAN_POINT('',(11.170082039281,3.70004592792,0.419999965031
    ));
#1689 = DIRECTION('',(1.,8.742277657348E-08,-9.466853158302E-31));
#1690 = DIRECTION('',(-8.742277657348E-08,1.,-4.371140912996E-08));
#1691 = ADVANCED_FACE('',(#1692),#1811,.F.);
#1692 = FACE_BOUND('',#1693,.T.);
#1693 = EDGE_LOOP('',(#1694,#1704,#1710,#1711,#1719,#1727,#1733,#1734,
    #1742,#1750,#1758,#1766,#1772,#1773,#1781,#1789,#1795,#1796,#1797,
    #1805));
#1694 = ORIENTED_EDGE('',*,*,#1695,.T.);
#1695 = EDGE_CURVE('',#1696,#1698,#1700,.T.);
#1696 = VERTEX_POINT('',#1697);
#1697 = CARTESIAN_POINT('',(11.100082091734,3.100045921801,
    0.419999991258));
#1698 = VERTEX_POINT('',#1699);
#1699 = CARTESIAN_POINT('',(10.900082091734,3.100045904316,
    0.419999991258));
#1700 = LINE('',#1701,#1702);
#1701 = CARTESIAN_POINT('',(10.900082091734,3.100045904316,
    0.419999991258));
#1702 = VECTOR('',#1703,1.);
#1703 = DIRECTION('',(-1.,-8.7422776709E-08,5.924001539324E-24));
#1704 = ORIENTED_EDGE('',*,*,#1705,.T.);
#1705 = EDGE_CURVE('',#1698,#1473,#1706,.T.);
#1706 = LINE('',#1707,#1708);
#1707 = CARTESIAN_POINT('',(10.900082109219,2.900045904316,0.42));
#1708 = VECTOR('',#1709,1.);
#1709 = DIRECTION('',(8.742277657348E-08,-1.,4.371140912996E-08));
#1710 = ORIENTED_EDGE('',*,*,#1472,.T.);
#1711 = ORIENTED_EDGE('',*,*,#1712,.T.);
#1712 = EDGE_CURVE('',#1475,#1713,#1715,.T.);
#1713 = VERTEX_POINT('',#1714);
#1714 = CARTESIAN_POINT('',(9.900082091734,3.100045816893,0.419999991258
    ));
#1715 = LINE('',#1716,#1717);
#1716 = CARTESIAN_POINT('',(9.900082109219,2.900045816893,0.42));
#1717 = VECTOR('',#1718,1.);
#1718 = DIRECTION('',(-8.742277657348E-08,1.,-4.371140912996E-08));
#1719 = ORIENTED_EDGE('',*,*,#1720,.T.);
#1720 = EDGE_CURVE('',#1713,#1721,#1723,.T.);
#1721 = VERTEX_POINT('',#1722);
#1722 = CARTESIAN_POINT('',(9.700082091734,3.100045799409,0.419999991258
    ));
#1723 = LINE('',#1724,#1725);
#1724 = CARTESIAN_POINT('',(9.900082091734,3.100045816893,0.419999991258
    ));
#1725 = VECTOR('',#1726,1.);
#1726 = DIRECTION('',(-1.,-8.742277643795E-08,-5.923999645953E-24));
#1727 = ORIENTED_EDGE('',*,*,#1728,.T.);
#1728 = EDGE_CURVE('',#1721,#1504,#1729,.T.);
#1729 = LINE('',#1730,#1731);
#1730 = CARTESIAN_POINT('',(9.700082091734,3.100045799409,0.419999991258
    ));
#1731 = VECTOR('',#1732,1.);
#1732 = DIRECTION('',(8.742277657348E-08,-1.,4.371140912996E-08));
#1733 = ORIENTED_EDGE('',*,*,#1503,.T.);
#1734 = ORIENTED_EDGE('',*,*,#1735,.F.);
#1735 = EDGE_CURVE('',#1736,#1506,#1738,.T.);
#1736 = VERTEX_POINT('',#1737);
#1737 = CARTESIAN_POINT('',(9.630082039281,3.700045793289,0.419999965031
    ));
#1738 = LINE('',#1739,#1740);
#1739 = CARTESIAN_POINT('',(9.630082039281,3.700045793289,0.419999965031
    ));
#1740 = VECTOR('',#1741,1.);
#1741 = DIRECTION('',(8.742277657348E-08,-1.,4.371140912996E-08));
#1742 = ORIENTED_EDGE('',*,*,#1743,.F.);
#1743 = EDGE_CURVE('',#1744,#1736,#1746,.T.);
#1744 = VERTEX_POINT('',#1745);
#1745 = CARTESIAN_POINT('',(9.700082039281,3.700045799409,0.419999965031
    ));
#1746 = LINE('',#1747,#1748);
#1747 = CARTESIAN_POINT('',(10.400082039281,3.700045860605,
    0.419999965031));
#1748 = VECTOR('',#1749,1.);
#1749 = DIRECTION('',(-1.,-8.742277657348E-08,9.466853158302E-31));
#1750 = ORIENTED_EDGE('',*,*,#1751,.T.);
#1751 = EDGE_CURVE('',#1744,#1752,#1754,.T.);
#1752 = VERTEX_POINT('',#1753);
#1753 = CARTESIAN_POINT('',(9.700082056765,3.500045799409,0.419999973773
    ));
#1754 = LINE('',#1755,#1756);
#1755 = CARTESIAN_POINT('',(9.700082056765,3.500045799409,0.419999973773
    ));
#1756 = VECTOR('',#1757,1.);
#1757 = DIRECTION('',(8.742277657348E-08,-1.,4.371140912996E-08));
#1758 = ORIENTED_EDGE('',*,*,#1759,.T.);
#1759 = EDGE_CURVE('',#1752,#1760,#1762,.T.);
#1760 = VERTEX_POINT('',#1761);
#1761 = CARTESIAN_POINT('',(9.900082056765,3.500045816893,0.419999973773
    ));
#1762 = LINE('',#1763,#1764);
#1763 = CARTESIAN_POINT('',(9.900082056765,3.500045816893,0.419999973773
    ));
#1764 = VECTOR('',#1765,1.);
#1765 = DIRECTION('',(1.,8.742277657348E-08,-9.466853158302E-31));
#1766 = ORIENTED_EDGE('',*,*,#1767,.T.);
#1767 = EDGE_CURVE('',#1760,#1379,#1768,.T.);
#1768 = LINE('',#1769,#1770);
#1769 = CARTESIAN_POINT('',(9.900082039281,3.700045816893,0.419999965031
    ));
#1770 = VECTOR('',#1771,1.);
#1771 = DIRECTION('',(-8.742277657348E-08,1.,-4.371140912996E-08));
#1772 = ORIENTED_EDGE('',*,*,#1395,.F.);
#1773 = ORIENTED_EDGE('',*,*,#1774,.T.);
#1774 = EDGE_CURVE('',#1388,#1775,#1777,.T.);
#1775 = VERTEX_POINT('',#1776);
#1776 = CARTESIAN_POINT('',(10.900082056765,3.500045904316,
    0.419999973773));
#1777 = LINE('',#1778,#1779);
#1778 = CARTESIAN_POINT('',(10.900082039281,3.700045904316,
    0.419999965031));
#1779 = VECTOR('',#1780,1.);
#1780 = DIRECTION('',(8.742277657348E-08,-1.,4.371140912996E-08));
#1781 = ORIENTED_EDGE('',*,*,#1782,.T.);
#1782 = EDGE_CURVE('',#1775,#1783,#1785,.T.);
#1783 = VERTEX_POINT('',#1784);
#1784 = CARTESIAN_POINT('',(11.100082056765,3.500045921801,
    0.419999973773));
#1785 = LINE('',#1786,#1787);
#1786 = CARTESIAN_POINT('',(10.900082056765,3.500045904316,
    0.419999973773));
#1787 = VECTOR('',#1788,1.);
#1788 = DIRECTION('',(1.,8.742277657348E-08,-9.466853158302E-31));
#1789 = ORIENTED_EDGE('',*,*,#1790,.T.);
#1790 = EDGE_CURVE('',#1783,#1410,#1791,.T.);
#1791 = LINE('',#1792,#1793);
#1792 = CARTESIAN_POINT('',(11.100082056765,3.500045921801,
    0.419999973773));
#1793 = VECTOR('',#1794,1.);
#1794 = DIRECTION('',(-8.742277657348E-08,1.,-4.371140912996E-08));
#1795 = ORIENTED_EDGE('',*,*,#1458,.F.);
#1796 = ORIENTED_EDGE('',*,*,#1679,.T.);
#1797 = ORIENTED_EDGE('',*,*,#1798,.T.);
#1798 = EDGE_CURVE('',#1672,#1799,#1801,.T.);
#1799 = VERTEX_POINT('',#1800);
#1800 = CARTESIAN_POINT('',(11.100082109219,2.900045921801,0.42));
#1801 = LINE('',#1802,#1803);
#1802 = CARTESIAN_POINT('',(10.400082109219,2.900045860605,0.42));
#1803 = VECTOR('',#1804,1.);
#1804 = DIRECTION('',(-1.,-8.742277657348E-08,9.466853158302E-31));
#1805 = ORIENTED_EDGE('',*,*,#1806,.T.);
#1806 = EDGE_CURVE('',#1799,#1696,#1807,.T.);
#1807 = LINE('',#1808,#1809);
#1808 = CARTESIAN_POINT('',(11.100082091734,3.100045921801,
    0.419999991258));
#1809 = VECTOR('',#1810,1.);
#1810 = DIRECTION('',(-8.742277657348E-08,1.,-4.371140912996E-08));
#1811 = PLANE('',#1812);
#1812 = AXIS2_PLACEMENT_3D('',#1813,#1814,#1815);
#1813 = CARTESIAN_POINT('',(10.400082039281,3.700045860605,
    0.419999965031));
#1814 = DIRECTION('',(-3.82137275408E-15,4.371140912996E-08,1.));
#1815 = DIRECTION('',(-8.742277657348E-08,1.,-4.371140912996E-08));
#1816 = ADVANCED_FACE('',(#1817),#1835,.F.);
#1817 = FACE_BOUND('',#1818,.T.);
#1818 = EDGE_LOOP('',(#1819,#1820,#1828,#1834));
#1819 = ORIENTED_EDGE('',*,*,#1561,.T.);
#1820 = ORIENTED_EDGE('',*,*,#1821,.F.);
#1821 = EDGE_CURVE('',#1822,#1554,#1824,.T.);
#1822 = VERTEX_POINT('',#1823);
#1823 = CARTESIAN_POINT('',(9.630082039281,3.700045776242,
    2.999996503087E-02));
#1824 = LINE('',#1825,#1826);
#1825 = CARTESIAN_POINT('',(9.630082039281,3.700045776242,
    2.999996503087E-02));
#1826 = VECTOR('',#1827,1.);
#1827 = DIRECTION('',(8.742277657348E-08,-1.,4.371140912996E-08));
#1828 = ORIENTED_EDGE('',*,*,#1829,.F.);
#1829 = EDGE_CURVE('',#1736,#1822,#1830,.T.);
#1830 = LINE('',#1831,#1832);
#1831 = CARTESIAN_POINT('',(9.630082039281,3.700045793289,0.419999965031
    ));
#1832 = VECTOR('',#1833,1.);
#1833 = DIRECTION('',(3.82137275408E-15,-4.371140912996E-08,-1.));
#1834 = ORIENTED_EDGE('',*,*,#1735,.T.);
#1835 = PLANE('',#1836);
#1836 = AXIS2_PLACEMENT_3D('',#1837,#1838,#1839);
#1837 = CARTESIAN_POINT('',(9.630082039281,3.700045793289,0.419999965031
    ));
#1838 = DIRECTION('',(-1.,-8.742277657348E-08,9.466853158302E-31));
#1839 = DIRECTION('',(8.742277657348E-08,-1.,4.371140912996E-08));
#1840 = ADVANCED_FACE('',(#1841),#1859,.F.);
#1841 = FACE_BOUND('',#1842,.T.);
#1842 = EDGE_LOOP('',(#1843,#1844,#1852,#1858));
#1843 = ORIENTED_EDGE('',*,*,#1553,.T.);
#1844 = ORIENTED_EDGE('',*,*,#1845,.F.);
#1845 = EDGE_CURVE('',#1846,#1546,#1848,.T.);
#1846 = VERTEX_POINT('',#1847);
#1847 = CARTESIAN_POINT('',(9.900082039281,3.700045799846,
    2.999996503087E-02));
#1848 = LINE('',#1849,#1850);
#1849 = CARTESIAN_POINT('',(9.900082039281,3.700045799846,
    2.999996503087E-02));
#1850 = VECTOR('',#1851,1.);
#1851 = DIRECTION('',(8.742277657348E-08,-1.,4.371140912996E-08));
#1852 = ORIENTED_EDGE('',*,*,#1853,.F.);
#1853 = EDGE_CURVE('',#1822,#1846,#1854,.T.);
#1854 = LINE('',#1855,#1856);
#1855 = CARTESIAN_POINT('',(9.630082039281,3.700045776242,
    2.999996503087E-02));
#1856 = VECTOR('',#1857,1.);
#1857 = DIRECTION('',(1.,8.742277657348E-08,-9.466853158302E-31));
#1858 = ORIENTED_EDGE('',*,*,#1821,.T.);
#1859 = PLANE('',#1860);
#1860 = AXIS2_PLACEMENT_3D('',#1861,#1862,#1863);
#1861 = CARTESIAN_POINT('',(9.630082039281,3.700045776242,
    2.999996503087E-02));
#1862 = DIRECTION('',(3.82137275408E-15,-4.371140912996E-08,-1.));
#1863 = DIRECTION('',(8.742277657348E-08,-1.,4.371140912996E-08));
#1864 = ADVANCED_FACE('',(#1865),#1883,.F.);
#1865 = FACE_BOUND('',#1866,.T.);
#1866 = EDGE_LOOP('',(#1867,#1868,#1876,#1882));
#1867 = ORIENTED_EDGE('',*,*,#1545,.T.);
#1868 = ORIENTED_EDGE('',*,*,#1869,.F.);
#1869 = EDGE_CURVE('',#1870,#1538,#1872,.T.);
#1870 = VERTEX_POINT('',#1871);
#1871 = CARTESIAN_POINT('',(9.900082039281,3.700045798535,
    -3.496912734071E-08));
#1872 = LINE('',#1873,#1874);
#1873 = CARTESIAN_POINT('',(9.900082039281,3.700045798535,
    -3.496912734071E-08));
#1874 = VECTOR('',#1875,1.);
#1875 = DIRECTION('',(8.742277657348E-08,-1.,4.371140912996E-08));
#1876 = ORIENTED_EDGE('',*,*,#1877,.F.);
#1877 = EDGE_CURVE('',#1846,#1870,#1878,.T.);
#1878 = LINE('',#1879,#1880);
#1879 = CARTESIAN_POINT('',(9.900082039281,3.700045799846,
    2.999996503087E-02));
#1880 = VECTOR('',#1881,1.);
#1881 = DIRECTION('',(3.82137275408E-15,-4.371140912996E-08,-1.));
#1882 = ORIENTED_EDGE('',*,*,#1845,.T.);
#1883 = PLANE('',#1884);
#1884 = AXIS2_PLACEMENT_3D('',#1885,#1886,#1887);
#1885 = CARTESIAN_POINT('',(9.900082039281,3.700045799846,
    2.999996503087E-02));
#1886 = DIRECTION('',(-1.,-8.742277657348E-08,9.466853158302E-31));
#1887 = DIRECTION('',(8.742277657348E-08,-1.,4.371140912996E-08));
#1888 = ADVANCED_FACE('',(#1889),#1907,.F.);
#1889 = FACE_BOUND('',#1890,.T.);
#1890 = EDGE_LOOP('',(#1891,#1892,#1900,#1906));
#1891 = ORIENTED_EDGE('',*,*,#1537,.T.);
#1892 = ORIENTED_EDGE('',*,*,#1893,.F.);
#1893 = EDGE_CURVE('',#1894,#1530,#1896,.T.);
#1894 = VERTEX_POINT('',#1895);
#1895 = CARTESIAN_POINT('',(9.600082039281,3.700045772308,
    -3.496912730397E-08));
#1896 = LINE('',#1897,#1898);
#1897 = CARTESIAN_POINT('',(9.600082039281,3.700045772308,
    -3.496912730397E-08));
#1898 = VECTOR('',#1899,1.);
#1899 = DIRECTION('',(8.742277657348E-08,-1.,4.371140912996E-08));
#1900 = ORIENTED_EDGE('',*,*,#1901,.F.);
#1901 = EDGE_CURVE('',#1870,#1894,#1902,.T.);
#1902 = LINE('',#1903,#1904);
#1903 = CARTESIAN_POINT('',(9.600082039281,3.700045772308,
    -3.496912730397E-08));
#1904 = VECTOR('',#1905,1.);
#1905 = DIRECTION('',(-1.,-8.742277657348E-08,1.224646799147E-16));
#1906 = ORIENTED_EDGE('',*,*,#1869,.T.);
#1907 = PLANE('',#1908);
#1908 = AXIS2_PLACEMENT_3D('',#1909,#1910,#1911);
#1909 = CARTESIAN_POINT('',(9.600082039281,3.700045772308,
    -3.496912730397E-08));
#1910 = DIRECTION('',(-3.698908074166E-15,4.371140912996E-08,1.));
#1911 = DIRECTION('',(1.,8.742277657348E-08,-1.224646799147E-16));
#1912 = ADVANCED_FACE('',(#1913),#1931,.F.);
#1913 = FACE_BOUND('',#1914,.T.);
#1914 = EDGE_LOOP('',(#1915,#1916,#1924,#1930));
#1915 = ORIENTED_EDGE('',*,*,#1529,.T.);
#1916 = ORIENTED_EDGE('',*,*,#1917,.F.);
#1917 = EDGE_CURVE('',#1918,#1522,#1920,.T.);
#1918 = VERTEX_POINT('',#1919);
#1919 = CARTESIAN_POINT('',(9.600082039281,3.700045791978,0.449999965031
    ));
#1920 = LINE('',#1921,#1922);
#1921 = CARTESIAN_POINT('',(9.600082039281,3.700045791978,0.449999965031
    ));
#1922 = VECTOR('',#1923,1.);
#1923 = DIRECTION('',(8.742277657348E-08,-1.,4.371140912996E-08));
#1924 = ORIENTED_EDGE('',*,*,#1925,.F.);
#1925 = EDGE_CURVE('',#1894,#1918,#1926,.T.);
#1926 = LINE('',#1927,#1928);
#1927 = CARTESIAN_POINT('',(9.600082039281,3.700045791978,0.449999965031
    ));
#1928 = VECTOR('',#1929,1.);
#1929 = DIRECTION('',(-3.82137275408E-15,4.371140912996E-08,1.));
#1930 = ORIENTED_EDGE('',*,*,#1893,.T.);
#1931 = PLANE('',#1932);
#1932 = AXIS2_PLACEMENT_3D('',#1933,#1934,#1935);
#1933 = CARTESIAN_POINT('',(9.600082039281,3.700045791978,0.449999965031
    ));
#1934 = DIRECTION('',(1.,8.742277657348E-08,-9.466853158302E-31));
#1935 = DIRECTION('',(-8.742277657348E-08,1.,-4.371140912996E-08));
#1936 = ADVANCED_FACE('',(#1937),#1978,.F.);
#1937 = FACE_BOUND('',#1938,.T.);
#1938 = EDGE_LOOP('',(#1939,#1947,#1948,#1956,#1964,#1970,#1971,#1972));
#1939 = ORIENTED_EDGE('',*,*,#1940,.F.);
#1940 = EDGE_CURVE('',#1018,#1941,#1943,.T.);
#1941 = VERTEX_POINT('',#1942);
#1942 = CARTESIAN_POINT('',(9.700082091734,3.10004580072,0.449999991258)
  );
#1943 = LINE('',#1944,#1945);
#1944 = CARTESIAN_POINT('',(9.900082091734,3.100045818205,0.449999991258
    ));
#1945 = VECTOR('',#1946,1.);
#1946 = DIRECTION('',(-1.,-8.742277643795E-08,-5.923999645953E-24));
#1947 = ORIENTED_EDGE('',*,*,#1017,.T.);
#1948 = ORIENTED_EDGE('',*,*,#1949,.F.);
#1949 = EDGE_CURVE('',#1950,#1020,#1952,.T.);
#1950 = VERTEX_POINT('',#1951);
#1951 = CARTESIAN_POINT('',(9.700082056765,3.50004580072,0.449999973773)
  );
#1952 = LINE('',#1953,#1954);
#1953 = CARTESIAN_POINT('',(9.900082056765,3.500045818205,0.449999973773
    ));
#1954 = VECTOR('',#1955,1.);
#1955 = DIRECTION('',(1.,8.742277657348E-08,-9.466853158302E-31));
#1956 = ORIENTED_EDGE('',*,*,#1957,.F.);
#1957 = EDGE_CURVE('',#1958,#1950,#1960,.T.);
#1958 = VERTEX_POINT('',#1959);
#1959 = CARTESIAN_POINT('',(9.700082039281,3.70004580072,0.449999965031)
  );
#1960 = LINE('',#1961,#1962);
#1961 = CARTESIAN_POINT('',(9.700082056765,3.50004580072,0.449999973773)
  );
#1962 = VECTOR('',#1963,1.);
#1963 = DIRECTION('',(8.742277657348E-08,-1.,4.371140912996E-08));
#1964 = ORIENTED_EDGE('',*,*,#1965,.F.);
#1965 = EDGE_CURVE('',#1918,#1958,#1966,.T.);
#1966 = LINE('',#1967,#1968);
#1967 = CARTESIAN_POINT('',(10.400082039281,3.700045861916,
    0.449999965031));
#1968 = VECTOR('',#1969,1.);
#1969 = DIRECTION('',(1.,8.742277657348E-08,-9.466853158302E-31));
#1970 = ORIENTED_EDGE('',*,*,#1917,.T.);
#1971 = ORIENTED_EDGE('',*,*,#1521,.T.);
#1972 = ORIENTED_EDGE('',*,*,#1973,.F.);
#1973 = EDGE_CURVE('',#1941,#1514,#1974,.T.);
#1974 = LINE('',#1975,#1976);
#1975 = CARTESIAN_POINT('',(9.700082091734,3.10004580072,0.449999991258)
  );
#1976 = VECTOR('',#1977,1.);
#1977 = DIRECTION('',(8.742277657348E-08,-1.,4.371140912996E-08));
#1978 = PLANE('',#1979);
#1979 = AXIS2_PLACEMENT_3D('',#1980,#1981,#1982);
#1980 = CARTESIAN_POINT('',(10.400082039281,3.700045861916,
    0.449999965031));
#1981 = DIRECTION('',(3.82137275408E-15,-4.371140912996E-08,-1.));
#1982 = DIRECTION('',(8.742277657348E-08,-1.,4.371140912996E-08));
#1983 = ADVANCED_FACE('',(#1984),#1999,.T.);
#1984 = FACE_BOUND('',#1985,.T.);
#1985 = EDGE_LOOP('',(#1986,#1992,#1993,#1994,#1995,#1996,#1997,#1998));
#1986 = ORIENTED_EDGE('',*,*,#1987,.F.);
#1987 = EDGE_CURVE('',#1744,#1958,#1988,.T.);
#1988 = LINE('',#1989,#1990);
#1989 = CARTESIAN_POINT('',(9.700082039281,3.700045799409,0.419999965031
    ));
#1990 = VECTOR('',#1991,1.);
#1991 = DIRECTION('',(-3.82137275408E-15,4.371140912996E-08,1.));
#1992 = ORIENTED_EDGE('',*,*,#1743,.T.);
#1993 = ORIENTED_EDGE('',*,*,#1829,.T.);
#1994 = ORIENTED_EDGE('',*,*,#1853,.T.);
#1995 = ORIENTED_EDGE('',*,*,#1877,.T.);
#1996 = ORIENTED_EDGE('',*,*,#1901,.T.);
#1997 = ORIENTED_EDGE('',*,*,#1925,.T.);
#1998 = ORIENTED_EDGE('',*,*,#1965,.T.);
#1999 = PLANE('',#2000);
#2000 = AXIS2_PLACEMENT_3D('',#2001,#2002,#2003);
#2001 = CARTESIAN_POINT('',(11.200082039281,3.700045931854,
    0.449999965031));
#2002 = DIRECTION('',(-8.742277657348E-08,1.,-4.371140912996E-08));
#2003 = DIRECTION('',(-1.,-8.742277657348E-08,9.466853158302E-31));
#2004 = ADVANCED_FACE('',(#2005),#2020,.F.);
#2005 = FACE_BOUND('',#2006,.T.);
#2006 = EDGE_LOOP('',(#2007,#2008,#2014,#2015,#2016,#2017,#2018,#2019));
#2007 = ORIENTED_EDGE('',*,*,#1106,.F.);
#2008 = ORIENTED_EDGE('',*,*,#2009,.F.);
#2009 = EDGE_CURVE('',#1799,#1099,#2010,.T.);
#2010 = LINE('',#2011,#2012);
#2011 = CARTESIAN_POINT('',(11.100082109219,2.900045921801,0.42));
#2012 = VECTOR('',#2013,1.);
#2013 = DIRECTION('',(-3.82137275408E-15,4.371140912996E-08,1.));
#2014 = ORIENTED_EDGE('',*,*,#1798,.F.);
#2015 = ORIENTED_EDGE('',*,*,#1671,.F.);
#2016 = ORIENTED_EDGE('',*,*,#1647,.F.);
#2017 = ORIENTED_EDGE('',*,*,#1623,.F.);
#2018 = ORIENTED_EDGE('',*,*,#1599,.F.);
#2019 = ORIENTED_EDGE('',*,*,#1575,.F.);
#2020 = PLANE('',#2021);
#2021 = AXIS2_PLACEMENT_3D('',#2022,#2023,#2024);
#2022 = CARTESIAN_POINT('',(11.200082109219,2.900045931854,0.45));
#2023 = DIRECTION('',(-8.742277657348E-08,1.,-4.371140912996E-08));
#2024 = DIRECTION('',(-1.,-8.742277657348E-08,9.466853158302E-31));
#2025 = ADVANCED_FACE('',(#2026),#2037,.F.);
#2026 = FACE_BOUND('',#2027,.T.);
#2027 = EDGE_LOOP('',(#2028,#2029,#2030,#2031));
#2028 = ORIENTED_EDGE('',*,*,#1973,.T.);
#2029 = ORIENTED_EDGE('',*,*,#1513,.F.);
#2030 = ORIENTED_EDGE('',*,*,#1728,.F.);
#2031 = ORIENTED_EDGE('',*,*,#2032,.T.);
#2032 = EDGE_CURVE('',#1721,#1941,#2033,.T.);
#2033 = LINE('',#2034,#2035);
#2034 = CARTESIAN_POINT('',(9.700082091734,3.100045799409,0.419999991258
    ));
#2035 = VECTOR('',#2036,1.);
#2036 = DIRECTION('',(-3.82137275408E-15,4.371140912996E-08,1.));
#2037 = PLANE('',#2038);
#2038 = AXIS2_PLACEMENT_3D('',#2039,#2040,#2041);
#2039 = CARTESIAN_POINT('',(9.700082091734,3.100045799409,0.419999991258
    ));
#2040 = DIRECTION('',(-1.,-8.742277657348E-08,9.466853158302E-31));
#2041 = DIRECTION('',(8.742277657348E-08,-1.,4.371140912996E-08));
#2042 = ADVANCED_FACE('',(#2043),#2054,.F.);
#2043 = FACE_BOUND('',#2044,.T.);
#2044 = EDGE_LOOP('',(#2045,#2046,#2047,#2048));
#2045 = ORIENTED_EDGE('',*,*,#1940,.T.);
#2046 = ORIENTED_EDGE('',*,*,#2032,.F.);
#2047 = ORIENTED_EDGE('',*,*,#1720,.F.);
#2048 = ORIENTED_EDGE('',*,*,#2049,.T.);
#2049 = EDGE_CURVE('',#1713,#1018,#2050,.T.);
#2050 = LINE('',#2051,#2052);
#2051 = CARTESIAN_POINT('',(9.900082091734,3.100045816893,0.419999991258
    ));
#2052 = VECTOR('',#2053,1.);
#2053 = DIRECTION('',(-3.82137275408E-15,4.371140912996E-08,1.));
#2054 = PLANE('',#2055);
#2055 = AXIS2_PLACEMENT_3D('',#2056,#2057,#2058);
#2056 = CARTESIAN_POINT('',(9.900082091734,3.100045816893,0.419999991258
    ));
#2057 = DIRECTION('',(-8.742277643795E-08,1.,-4.371140912996E-08));
#2058 = DIRECTION('',(-1.,-8.742277643795E-08,-5.923999645953E-24));
#2059 = ADVANCED_FACE('',(#2060),#2066,.F.);
#2060 = FACE_BOUND('',#2061,.T.);
#2061 = EDGE_LOOP('',(#2062,#2063,#2064,#2065));
#2062 = ORIENTED_EDGE('',*,*,#1027,.T.);
#2063 = ORIENTED_EDGE('',*,*,#2049,.F.);
#2064 = ORIENTED_EDGE('',*,*,#1712,.F.);
#2065 = ORIENTED_EDGE('',*,*,#1489,.T.);
#2066 = PLANE('',#2067);
#2067 = AXIS2_PLACEMENT_3D('',#2068,#2069,#2070);
#2068 = CARTESIAN_POINT('',(9.900082109219,2.900045816893,0.42));
#2069 = DIRECTION('',(1.,8.742277657348E-08,-9.466853158302E-31));
#2070 = DIRECTION('',(-8.742277657348E-08,1.,-4.371140912996E-08));
#2071 = ADVANCED_FACE('',(#2072),#2083,.F.);
#2072 = FACE_BOUND('',#2073,.T.);
#2073 = EDGE_LOOP('',(#2074,#2075,#2076,#2077));
#2074 = ORIENTED_EDGE('',*,*,#1043,.T.);
#2075 = ORIENTED_EDGE('',*,*,#1482,.F.);
#2076 = ORIENTED_EDGE('',*,*,#1705,.F.);
#2077 = ORIENTED_EDGE('',*,*,#2078,.T.);
#2078 = EDGE_CURVE('',#1698,#1044,#2079,.T.);
#2079 = LINE('',#2080,#2081);
#2080 = CARTESIAN_POINT('',(10.900082091734,3.100045904316,
    0.419999991258));
#2081 = VECTOR('',#2082,1.);
#2082 = DIRECTION('',(-3.82137275408E-15,4.371140912996E-08,1.));
#2083 = PLANE('',#2084);
#2084 = AXIS2_PLACEMENT_3D('',#2085,#2086,#2087);
#2085 = CARTESIAN_POINT('',(10.900082109219,2.900045904316,0.42));
#2086 = DIRECTION('',(-1.,-8.742277657348E-08,9.466853158302E-31));
#2087 = DIRECTION('',(8.742277657348E-08,-1.,4.371140912996E-08));
#2088 = ADVANCED_FACE('',(#2089),#2100,.F.);
#2089 = FACE_BOUND('',#2090,.T.);
#2090 = EDGE_LOOP('',(#2091,#2092,#2093,#2094));
#2091 = ORIENTED_EDGE('',*,*,#1090,.T.);
#2092 = ORIENTED_EDGE('',*,*,#2078,.F.);
#2093 = ORIENTED_EDGE('',*,*,#1695,.F.);
#2094 = ORIENTED_EDGE('',*,*,#2095,.T.);
#2095 = EDGE_CURVE('',#1696,#1091,#2096,.T.);
#2096 = LINE('',#2097,#2098);
#2097 = CARTESIAN_POINT('',(11.100082091734,3.100045921801,
    0.419999991258));
#2098 = VECTOR('',#2099,1.);
#2099 = DIRECTION('',(-3.82137275408E-15,4.371140912996E-08,1.));
#2100 = PLANE('',#2101);
#2101 = AXIS2_PLACEMENT_3D('',#2102,#2103,#2104);
#2102 = CARTESIAN_POINT('',(10.900082091734,3.100045904316,
    0.419999991258));
#2103 = DIRECTION('',(-8.7422776709E-08,1.,-4.371140912996E-08));
#2104 = DIRECTION('',(-1.,-8.7422776709E-08,5.924001539324E-24));
#2105 = ADVANCED_FACE('',(#2106),#2112,.F.);
#2106 = FACE_BOUND('',#2107,.T.);
#2107 = EDGE_LOOP('',(#2108,#2109,#2110,#2111));
#2108 = ORIENTED_EDGE('',*,*,#1098,.T.);
#2109 = ORIENTED_EDGE('',*,*,#2095,.F.);
#2110 = ORIENTED_EDGE('',*,*,#1806,.F.);
#2111 = ORIENTED_EDGE('',*,*,#2009,.T.);
#2112 = PLANE('',#2113);
#2113 = AXIS2_PLACEMENT_3D('',#2114,#2115,#2116);
#2114 = CARTESIAN_POINT('',(11.100082091734,3.100045921801,
    0.419999991258));
#2115 = DIRECTION('',(1.,8.742277657348E-08,-9.466853158302E-31));
#2116 = DIRECTION('',(-8.742277657348E-08,1.,-4.371140912996E-08));
#2117 = ADVANCED_FACE('',(#2118),#2129,.F.);
#2118 = FACE_BOUND('',#2119,.T.);
#2119 = EDGE_LOOP('',(#2120,#2121,#2122,#2123));
#2120 = ORIENTED_EDGE('',*,*,#1130,.T.);
#2121 = ORIENTED_EDGE('',*,*,#1409,.F.);
#2122 = ORIENTED_EDGE('',*,*,#1790,.F.);
#2123 = ORIENTED_EDGE('',*,*,#2124,.T.);
#2124 = EDGE_CURVE('',#1783,#1131,#2125,.T.);
#2125 = LINE('',#2126,#2127);
#2126 = CARTESIAN_POINT('',(11.100082056765,3.500045921801,
    0.419999973773));
#2127 = VECTOR('',#2128,1.);
#2128 = DIRECTION('',(-3.82137275408E-15,4.371140912996E-08,1.));
#2129 = PLANE('',#2130);
#2130 = AXIS2_PLACEMENT_3D('',#2131,#2132,#2133);
#2131 = CARTESIAN_POINT('',(11.100082056765,3.500045921801,
    0.419999973773));
#2132 = DIRECTION('',(1.,8.742277657348E-08,-9.466853158302E-31));
#2133 = DIRECTION('',(-8.742277657348E-08,1.,-4.371140912996E-08));
#2134 = ADVANCED_FACE('',(#2135),#2146,.F.);
#2135 = FACE_BOUND('',#2136,.T.);
#2136 = EDGE_LOOP('',(#2137,#2138,#2139,#2140));
#2137 = ORIENTED_EDGE('',*,*,#1138,.T.);
#2138 = ORIENTED_EDGE('',*,*,#2124,.F.);
#2139 = ORIENTED_EDGE('',*,*,#1782,.F.);
#2140 = ORIENTED_EDGE('',*,*,#2141,.T.);
#2141 = EDGE_CURVE('',#1775,#1052,#2142,.T.);
#2142 = LINE('',#2143,#2144);
#2143 = CARTESIAN_POINT('',(10.900082056765,3.500045904316,
    0.419999973773));
#2144 = VECTOR('',#2145,1.);
#2145 = DIRECTION('',(-3.82137275408E-15,4.371140912996E-08,1.));
#2146 = PLANE('',#2147);
#2147 = AXIS2_PLACEMENT_3D('',#2148,#2149,#2150);
#2148 = CARTESIAN_POINT('',(10.900082056765,3.500045904316,
    0.419999973773));
#2149 = DIRECTION('',(8.742277657348E-08,-1.,4.371140912996E-08));
#2150 = DIRECTION('',(1.,8.742277657348E-08,-9.466853158302E-31));
#2151 = ADVANCED_FACE('',(#2152),#2158,.F.);
#2152 = FACE_BOUND('',#2153,.T.);
#2153 = EDGE_LOOP('',(#2154,#2155,#2156,#2157));
#2154 = ORIENTED_EDGE('',*,*,#1059,.T.);
#2155 = ORIENTED_EDGE('',*,*,#2141,.F.);
#2156 = ORIENTED_EDGE('',*,*,#1774,.F.);
#2157 = ORIENTED_EDGE('',*,*,#1387,.T.);
#2158 = PLANE('',#2159);
#2159 = AXIS2_PLACEMENT_3D('',#2160,#2161,#2162);
#2160 = CARTESIAN_POINT('',(10.900082039281,3.700045904316,
    0.419999965031));
#2161 = DIRECTION('',(-1.,-8.742277657348E-08,9.466853158302E-31));
#2162 = DIRECTION('',(8.742277657348E-08,-1.,4.371140912996E-08));
#2163 = ADVANCED_FACE('',(#2164),#2175,.F.);
#2164 = FACE_BOUND('',#2165,.T.);
#2165 = EDGE_LOOP('',(#2166,#2167,#2168,#2169));
#2166 = ORIENTED_EDGE('',*,*,#1075,.T.);
#2167 = ORIENTED_EDGE('',*,*,#1378,.F.);
#2168 = ORIENTED_EDGE('',*,*,#1767,.F.);
#2169 = ORIENTED_EDGE('',*,*,#2170,.T.);
#2170 = EDGE_CURVE('',#1760,#1020,#2171,.T.);
#2171 = LINE('',#2172,#2173);
#2172 = CARTESIAN_POINT('',(9.900082056765,3.500045816893,0.419999973773
    ));
#2173 = VECTOR('',#2174,1.);
#2174 = DIRECTION('',(-3.82137275408E-15,4.371140912996E-08,1.));
#2175 = PLANE('',#2176);
#2176 = AXIS2_PLACEMENT_3D('',#2177,#2178,#2179);
#2177 = CARTESIAN_POINT('',(9.900082039281,3.700045816893,0.419999965031
    ));
#2178 = DIRECTION('',(1.,8.742277657348E-08,-9.466853158302E-31));
#2179 = DIRECTION('',(-8.742277657348E-08,1.,-4.371140912996E-08));
#2180 = ADVANCED_FACE('',(#2181),#2192,.F.);
#2181 = FACE_BOUND('',#2182,.T.);
#2182 = EDGE_LOOP('',(#2183,#2184,#2185,#2186));
#2183 = ORIENTED_EDGE('',*,*,#1949,.T.);
#2184 = ORIENTED_EDGE('',*,*,#2170,.F.);
#2185 = ORIENTED_EDGE('',*,*,#1759,.F.);
#2186 = ORIENTED_EDGE('',*,*,#2187,.T.);
#2187 = EDGE_CURVE('',#1752,#1950,#2188,.T.);
#2188 = LINE('',#2189,#2190);
#2189 = CARTESIAN_POINT('',(9.700082056765,3.500045799409,0.419999973773
    ));
#2190 = VECTOR('',#2191,1.);
#2191 = DIRECTION('',(-3.82137275408E-15,4.371140912996E-08,1.));
#2192 = PLANE('',#2193);
#2193 = AXIS2_PLACEMENT_3D('',#2194,#2195,#2196);
#2194 = CARTESIAN_POINT('',(9.900082056765,3.500045816893,0.419999973773
    ));
#2195 = DIRECTION('',(8.742277657348E-08,-1.,4.371140912996E-08));
#2196 = DIRECTION('',(1.,8.742277657348E-08,-9.466853158302E-31));
#2197 = ADVANCED_FACE('',(#2198),#2204,.F.);
#2198 = FACE_BOUND('',#2199,.T.);
#2199 = EDGE_LOOP('',(#2200,#2201,#2202,#2203));
#2200 = ORIENTED_EDGE('',*,*,#1957,.T.);
#2201 = ORIENTED_EDGE('',*,*,#2187,.F.);
#2202 = ORIENTED_EDGE('',*,*,#1751,.F.);
#2203 = ORIENTED_EDGE('',*,*,#1987,.T.);
#2204 = PLANE('',#2205);
#2205 = AXIS2_PLACEMENT_3D('',#2206,#2207,#2208);
#2206 = CARTESIAN_POINT('',(9.700082056765,3.500045799409,0.419999973773
    ));
#2207 = DIRECTION('',(-1.,-8.742277657348E-08,9.466853158302E-31));
#2208 = DIRECTION('',(8.742277657348E-08,-1.,4.371140912996E-08));
#2209 = ( GEOMETRIC_REPRESENTATION_CONTEXT(3) 
GLOBAL_UNCERTAINTY_ASSIGNED_CONTEXT((#2213)) 
GLOBAL_UNIT_ASSIGNED_CONTEXT((#2210,#2211,#2212)) REPRESENTATION_CONTEXT
('Context #1','3D Context with UNIT and UNCERTAINTY') );
#2210 = ( LENGTH_UNIT() NAMED_UNIT(*) SI_UNIT(.MILLI.,.METRE.) );
#2211 = ( NAMED_UNIT(*) PLANE_ANGLE_UNIT() SI_UNIT($,.RADIAN.) );
#2212 = ( NAMED_UNIT(*) SI_UNIT($,.STERADIAN.) SOLID_ANGLE_UNIT() );
#2213 = UNCERTAINTY_MEASURE_WITH_UNIT(LENGTH_MEASURE(1.E-07),#2210,
  'distance_accuracy_value','confusion accuracy');
#2214 = PRODUCT_RELATED_PRODUCT_CATEGORY('part',$,(#253));
#2215 = SHAPE_DEFINITION_REPRESENTATION(#2216,#2222);
#2216 = PRODUCT_DEFINITION_SHAPE('','',#2217);
#2217 = PRODUCT_DEFINITION('design','',#2218,#2221);
#2218 = PRODUCT_DEFINITION_FORMATION('','',#2219);
#2219 = PRODUCT('Open CASCADE STEP translator 7.5 11',
  'Open CASCADE STEP translator 7.5 11','',(#2220));
#2220 = PRODUCT_CONTEXT('',#2,'mechanical');
#2221 = PRODUCT_DEFINITION_CONTEXT('part definition',#2,'design');
#2222 = ADVANCED_BREP_SHAPE_REPRESENTATION('',(#11,#2223),#3501);
#2223 = MANIFOLD_SOLID_BREP('',#2224);
#2224 = CLOSED_SHELL('',(#2225,#2265,#2296,#2327,#2349,#2389,#2429,#2469
    ,#2509,#2549,#2573,#2596,#2619,#2637,#2655,#2679,#2697,#2715,#2739,
    #2756,#2773,#2790,#2807,#2825,#2843,#2861,#2879,#2896,#2913,#2925,
    #2965,#3005,#3045,#3085,#3125,#3149,#3172,#3195,#3213,#3231,#3255,
    #3273,#3291,#3315,#3332,#3349,#3366,#3383,#3401,#3419,#3437,#3455,
    #3472,#3489));
#2225 = ADVANCED_FACE('',(#2226),#2260,.F.);
#2226 = FACE_BOUND('',#2227,.T.);
#2227 = EDGE_LOOP('',(#2228,#2238,#2246,#2254));
#2228 = ORIENTED_EDGE('',*,*,#2229,.F.);
#2229 = EDGE_CURVE('',#2230,#2232,#2234,.T.);
#2230 = VERTEX_POINT('',#2231);
#2231 = CARTESIAN_POINT('',(9.774966623548,6.600067204694,1.244998514652
    ));
#2232 = VERTEX_POINT('',#2233);
#2233 = CARTESIAN_POINT('',(11.024966623548,6.6000672196,1.244998514652)
  );
#2234 = LINE('',#2235,#2236);
#2235 = CARTESIAN_POINT('',(11.024966623548,6.6000672196,1.244998514652)
  );
#2236 = VECTOR('',#2237,1.);
#2237 = DIRECTION('',(1.,1.19248806385E-08,8.673617379884E-17));
#2238 = ORIENTED_EDGE('',*,*,#2239,.F.);
#2239 = EDGE_CURVE('',#2240,#2230,#2242,.T.);
#2240 = VERTEX_POINT('',#2241);
#2241 = CARTESIAN_POINT('',(9.774966637858,5.400067204694,1.244998514652
    ));
#2242 = LINE('',#2243,#2244);
#2243 = CARTESIAN_POINT('',(9.774966642628,5.000067204694,1.244998514652
    ));
#2244 = VECTOR('',#2245,1.);
#2245 = DIRECTION('',(-1.19248806385E-08,1.,-0.));
#2246 = ORIENTED_EDGE('',*,*,#2247,.F.);
#2247 = EDGE_CURVE('',#2248,#2240,#2250,.T.);
#2248 = VERTEX_POINT('',#2249);
#2249 = CARTESIAN_POINT('',(11.024966637858,5.4000672196,1.244998514652)
  );
#2250 = LINE('',#2251,#2252);
#2251 = CARTESIAN_POINT('',(11.024966637858,5.4000672196,1.244998514652)
  );
#2252 = VECTOR('',#2253,1.);
#2253 = DIRECTION('',(-1.,-1.19248806385E-08,-8.673617379884E-17));
#2254 = ORIENTED_EDGE('',*,*,#2255,.T.);
#2255 = EDGE_CURVE('',#2248,#2232,#2256,.T.);
#2256 = LINE('',#2257,#2258);
#2257 = CARTESIAN_POINT('',(11.024966642628,5.0000672196,1.244998514652)
  );
#2258 = VECTOR('',#2259,1.);
#2259 = DIRECTION('',(-1.19248806385E-08,1.,-0.));
#2260 = PLANE('',#2261);
#2261 = AXIS2_PLACEMENT_3D('',#2262,#2263,#2264);
#2262 = CARTESIAN_POINT('',(11.024966642628,5.0000672196,1.244998514652)
  );
#2263 = DIRECTION('',(8.673617379884E-17,1.034318519592E-24,-1.));
#2264 = DIRECTION('',(1.,1.19248806385E-08,8.673617379884E-17));
#2265 = ADVANCED_FACE('',(#2266),#2291,.F.);
#2266 = FACE_BOUND('',#2267,.T.);
#2267 = EDGE_LOOP('',(#2268,#2276,#2284,#2290));
#2268 = ORIENTED_EDGE('',*,*,#2269,.F.);
#2269 = EDGE_CURVE('',#2270,#2230,#2272,.T.);
#2270 = VERTEX_POINT('',#2271);
#2271 = CARTESIAN_POINT('',(9.774966623548,6.600067204694,
    -5.001485347748E-03));
#2272 = LINE('',#2273,#2274);
#2273 = CARTESIAN_POINT('',(9.774966623548,6.600067204694,1.244998514652
    ));
#2274 = VECTOR('',#2275,1.);
#2275 = DIRECTION('',(0.,0.,1.));
#2276 = ORIENTED_EDGE('',*,*,#2277,.F.);
#2277 = EDGE_CURVE('',#2278,#2270,#2280,.T.);
#2278 = VERTEX_POINT('',#2279);
#2279 = CARTESIAN_POINT('',(9.774966637858,5.400067204694,
    -5.001485347748E-03));
#2280 = LINE('',#2281,#2282);
#2281 = CARTESIAN_POINT('',(9.774966642628,5.000067204694,
    -5.001485347748E-03));
#2282 = VECTOR('',#2283,1.);
#2283 = DIRECTION('',(-1.19248806385E-08,1.,-0.));
#2284 = ORIENTED_EDGE('',*,*,#2285,.F.);
#2285 = EDGE_CURVE('',#2240,#2278,#2286,.T.);
#2286 = LINE('',#2287,#2288);
#2287 = CARTESIAN_POINT('',(9.774966637858,5.400067204694,1.244998514652
    ));
#2288 = VECTOR('',#2289,1.);
#2289 = DIRECTION('',(0.,0.,-1.));
#2290 = ORIENTED_EDGE('',*,*,#2239,.T.);
#2291 = PLANE('',#2292);
#2292 = AXIS2_PLACEMENT_3D('',#2293,#2294,#2295);
#2293 = CARTESIAN_POINT('',(9.774966642628,5.000067204694,1.244998514652
    ));
#2294 = DIRECTION('',(1.,1.19248806385E-08,0.));
#2295 = DIRECTION('',(0.,0.,1.));
#2296 = ADVANCED_FACE('',(#2297),#2322,.F.);
#2297 = FACE_BOUND('',#2298,.T.);
#2298 = EDGE_LOOP('',(#2299,#2307,#2315,#2321));
#2299 = ORIENTED_EDGE('',*,*,#2300,.F.);
#2300 = EDGE_CURVE('',#2301,#2270,#2303,.T.);
#2301 = VERTEX_POINT('',#2302);
#2302 = CARTESIAN_POINT('',(11.024966623548,6.6000672196,
    -5.001485347748E-03));
#2303 = LINE('',#2304,#2305);
#2304 = CARTESIAN_POINT('',(9.774966623548,6.600067204694,
    -5.001485347748E-03));
#2305 = VECTOR('',#2306,1.);
#2306 = DIRECTION('',(-1.,-1.19248806385E-08,8.673617379884E-17));
#2307 = ORIENTED_EDGE('',*,*,#2308,.F.);
#2308 = EDGE_CURVE('',#2309,#2301,#2311,.T.);
#2309 = VERTEX_POINT('',#2310);
#2310 = CARTESIAN_POINT('',(11.024966637858,5.4000672196,
    -5.001485347748E-03));
#2311 = LINE('',#2312,#2313);
#2312 = CARTESIAN_POINT('',(11.024966642628,5.0000672196,
    -5.001485347748E-03));
#2313 = VECTOR('',#2314,1.);
#2314 = DIRECTION('',(-1.19248806385E-08,1.,-0.));
#2315 = ORIENTED_EDGE('',*,*,#2316,.F.);
#2316 = EDGE_CURVE('',#2278,#2309,#2317,.T.);
#2317 = LINE('',#2318,#2319);
#2318 = CARTESIAN_POINT('',(9.774966637858,5.400067204694,
    -5.001485347748E-03));
#2319 = VECTOR('',#2320,1.);
#2320 = DIRECTION('',(1.,1.19248806385E-08,-8.673617379884E-17));
#2321 = ORIENTED_EDGE('',*,*,#2277,.T.);
#2322 = PLANE('',#2323);
#2323 = AXIS2_PLACEMENT_3D('',#2324,#2325,#2326);
#2324 = CARTESIAN_POINT('',(9.774966642628,5.000067204694,
    -5.001485347748E-03));
#2325 = DIRECTION('',(8.673617379884E-17,1.034318519592E-24,1.));
#2326 = DIRECTION('',(-1.,-1.19248806385E-08,8.673617379884E-17));
#2327 = ADVANCED_FACE('',(#2328),#2344,.F.);
#2328 = FACE_BOUND('',#2329,.T.);
#2329 = EDGE_LOOP('',(#2330,#2336,#2337,#2343));
#2330 = ORIENTED_EDGE('',*,*,#2331,.F.);
#2331 = EDGE_CURVE('',#2232,#2301,#2332,.T.);
#2332 = LINE('',#2333,#2334);
#2333 = CARTESIAN_POINT('',(11.024966623548,6.6000672196,
    -5.001485347748E-03));
#2334 = VECTOR('',#2335,1.);
#2335 = DIRECTION('',(0.,0.,-1.));
#2336 = ORIENTED_EDGE('',*,*,#2255,.F.);
#2337 = ORIENTED_EDGE('',*,*,#2338,.F.);
#2338 = EDGE_CURVE('',#2309,#2248,#2339,.T.);
#2339 = LINE('',#2340,#2341);
#2340 = CARTESIAN_POINT('',(11.024966637858,5.4000672196,
    -5.001485347748E-03));
#2341 = VECTOR('',#2342,1.);
#2342 = DIRECTION('',(0.,0.,1.));
#2343 = ORIENTED_EDGE('',*,*,#2308,.T.);
#2344 = PLANE('',#2345);
#2345 = AXIS2_PLACEMENT_3D('',#2346,#2347,#2348);
#2346 = CARTESIAN_POINT('',(11.024966642628,5.0000672196,
    -5.001485347748E-03));
#2347 = DIRECTION('',(-1.,-1.19248806385E-08,0.));
#2348 = DIRECTION('',(0.,-0.,-1.));
#2349 = ADVANCED_FACE('',(#2350),#2384,.T.);
#2350 = FACE_BOUND('',#2351,.T.);
#2351 = EDGE_LOOP('',(#2352,#2362,#2370,#2378));
#2352 = ORIENTED_EDGE('',*,*,#2353,.T.);
#2353 = EDGE_CURVE('',#2354,#2356,#2358,.T.);
#2354 = VERTEX_POINT('',#2355);
#2355 = CARTESIAN_POINT('',(11.036966642485,5.012067219743,
    -5.001485347748E-03));
#2356 = VERTEX_POINT('',#2357);
#2357 = CARTESIAN_POINT('',(11.036966638001,5.388067219743,
    -5.001485347748E-03));
#2358 = LINE('',#2359,#2360);
#2359 = CARTESIAN_POINT('',(11.036966637858,5.400067219743,
    -5.001485347748E-03));
#2360 = VECTOR('',#2361,1.);
#2361 = DIRECTION('',(-1.19248806385E-08,1.,-0.));
#2362 = ORIENTED_EDGE('',*,*,#2363,.T.);
#2363 = EDGE_CURVE('',#2356,#2364,#2366,.T.);
#2364 = VERTEX_POINT('',#2365);
#2365 = CARTESIAN_POINT('',(11.036966638001,5.388067219743,
    1.244998514652));
#2366 = LINE('',#2367,#2368);
#2367 = CARTESIAN_POINT('',(11.036966638001,5.388067219743,
    1.256998514652));
#2368 = VECTOR('',#2369,1.);
#2369 = DIRECTION('',(0.,0.,1.));
#2370 = ORIENTED_EDGE('',*,*,#2371,.T.);
#2371 = EDGE_CURVE('',#2364,#2372,#2374,.T.);
#2372 = VERTEX_POINT('',#2373);
#2373 = CARTESIAN_POINT('',(11.036966642485,5.012067219743,
    1.244998514652));
#2374 = LINE('',#2375,#2376);
#2375 = CARTESIAN_POINT('',(11.036966637858,5.400067219743,
    1.244998514652));
#2376 = VECTOR('',#2377,1.);
#2377 = DIRECTION('',(1.19248806385E-08,-1.,0.));
#2378 = ORIENTED_EDGE('',*,*,#2379,.T.);
#2379 = EDGE_CURVE('',#2372,#2354,#2380,.T.);
#2380 = LINE('',#2381,#2382);
#2381 = CARTESIAN_POINT('',(11.036966642485,5.012067219743,
    -1.700148534775E-02));
#2382 = VECTOR('',#2383,1.);
#2383 = DIRECTION('',(-0.,0.,-1.));
#2384 = PLANE('',#2385);
#2385 = AXIS2_PLACEMENT_3D('',#2386,#2387,#2388);
#2386 = CARTESIAN_POINT('',(11.036966637858,5.400067219743,
    -1.700148534775E-02));
#2387 = DIRECTION('',(1.,1.19248806385E-08,0.));
#2388 = DIRECTION('',(0.,0.,1.));
#2389 = ADVANCED_FACE('',(#2390),#2424,.T.);
#2390 = FACE_BOUND('',#2391,.T.);
#2391 = EDGE_LOOP('',(#2392,#2402,#2410,#2418));
#2392 = ORIENTED_EDGE('',*,*,#2393,.T.);
#2393 = EDGE_CURVE('',#2394,#2396,#2398,.T.);
#2394 = VERTEX_POINT('',#2395);
#2395 = CARTESIAN_POINT('',(9.774966638001,5.388067204694,
    -1.700148534775E-02));
#2396 = VERTEX_POINT('',#2397);
#2397 = CARTESIAN_POINT('',(11.024966638001,5.3880672196,
    -1.700148534775E-02));
#2398 = LINE('',#2399,#2400);
#2399 = CARTESIAN_POINT('',(11.036966638001,5.388067219743,
    -1.700148534775E-02));
#2400 = VECTOR('',#2401,1.);
#2401 = DIRECTION('',(1.,1.19248806385E-08,-8.510221134109E-17));
#2402 = ORIENTED_EDGE('',*,*,#2403,.T.);
#2403 = EDGE_CURVE('',#2396,#2404,#2406,.T.);
#2404 = VERTEX_POINT('',#2405);
#2405 = CARTESIAN_POINT('',(11.024966642485,5.0120672196,
    -1.700148534775E-02));
#2406 = LINE('',#2407,#2408);
#2407 = CARTESIAN_POINT('',(11.024966637858,5.4000672196,
    -1.700148534775E-02));
#2408 = VECTOR('',#2409,1.);
#2409 = DIRECTION('',(1.19248806385E-08,-1.,0.));
#2410 = ORIENTED_EDGE('',*,*,#2411,.T.);
#2411 = EDGE_CURVE('',#2404,#2412,#2414,.T.);
#2412 = VERTEX_POINT('',#2413);
#2413 = CARTESIAN_POINT('',(9.774966642485,5.012067204694,
    -1.700148534775E-02));
#2414 = LINE('',#2415,#2416);
#2415 = CARTESIAN_POINT('',(9.762966642485,5.012067204551,
    -1.700148534775E-02));
#2416 = VECTOR('',#2417,1.);
#2417 = DIRECTION('',(-1.,-1.19248806385E-08,8.510221134109E-17));
#2418 = ORIENTED_EDGE('',*,*,#2419,.T.);
#2419 = EDGE_CURVE('',#2412,#2394,#2420,.T.);
#2420 = LINE('',#2421,#2422);
#2421 = CARTESIAN_POINT('',(9.774966637858,5.400067204694,
    -1.700148534775E-02));
#2422 = VECTOR('',#2423,1.);
#2423 = DIRECTION('',(-1.19248806385E-08,1.,-0.));
#2424 = PLANE('',#2425);
#2425 = AXIS2_PLACEMENT_3D('',#2426,#2427,#2428);
#2426 = CARTESIAN_POINT('',(9.762966637858,5.400067204551,
    -1.700148534775E-02));
#2427 = DIRECTION('',(-8.510221134109E-17,-1.014833712315E-24,-1.));
#2428 = DIRECTION('',(1.,1.19248806385E-08,-8.510221134109E-17));
#2429 = ADVANCED_FACE('',(#2430),#2464,.T.);
#2430 = FACE_BOUND('',#2431,.T.);
#2431 = EDGE_LOOP('',(#2432,#2442,#2450,#2458));
#2432 = ORIENTED_EDGE('',*,*,#2433,.T.);
#2433 = EDGE_CURVE('',#2434,#2436,#2438,.T.);
#2434 = VERTEX_POINT('',#2435);
#2435 = CARTESIAN_POINT('',(9.762966642485,5.012067204551,1.244998514652
    ));
#2436 = VERTEX_POINT('',#2437);
#2437 = CARTESIAN_POINT('',(9.762966638001,5.388067204551,1.244998514652
    ));
#2438 = LINE('',#2439,#2440);
#2439 = CARTESIAN_POINT('',(9.762966637858,5.400067204551,1.244998514652
    ));
#2440 = VECTOR('',#2441,1.);
#2441 = DIRECTION('',(-1.19248806385E-08,1.,-0.));
#2442 = ORIENTED_EDGE('',*,*,#2443,.T.);
#2443 = EDGE_CURVE('',#2436,#2444,#2446,.T.);
#2444 = VERTEX_POINT('',#2445);
#2445 = CARTESIAN_POINT('',(9.762966638001,5.388067204551,
    -5.001485347748E-03));
#2446 = LINE('',#2447,#2448);
#2447 = CARTESIAN_POINT('',(9.762966638001,5.388067204551,
    -1.700148534775E-02));
#2448 = VECTOR('',#2449,1.);
#2449 = DIRECTION('',(0.,0.,-1.));
#2450 = ORIENTED_EDGE('',*,*,#2451,.T.);
#2451 = EDGE_CURVE('',#2444,#2452,#2454,.T.);
#2452 = VERTEX_POINT('',#2453);
#2453 = CARTESIAN_POINT('',(9.762966642485,5.012067204551,
    -5.001485347748E-03));
#2454 = LINE('',#2455,#2456);
#2455 = CARTESIAN_POINT('',(9.762966637858,5.400067204551,
    -5.001485347748E-03));
#2456 = VECTOR('',#2457,1.);
#2457 = DIRECTION('',(1.19248806385E-08,-1.,0.));
#2458 = ORIENTED_EDGE('',*,*,#2459,.T.);
#2459 = EDGE_CURVE('',#2452,#2434,#2460,.T.);
#2460 = LINE('',#2461,#2462);
#2461 = CARTESIAN_POINT('',(9.762966642485,5.012067204551,1.256998514652
    ));
#2462 = VECTOR('',#2463,1.);
#2463 = DIRECTION('',(0.,0.,1.));
#2464 = PLANE('',#2465);
#2465 = AXIS2_PLACEMENT_3D('',#2466,#2467,#2468);
#2466 = CARTESIAN_POINT('',(9.762966637858,5.400067204551,1.256998514652
    ));
#2467 = DIRECTION('',(-1.,-1.19248806385E-08,0.));
#2468 = DIRECTION('',(0.,-0.,-1.));
#2469 = ADVANCED_FACE('',(#2470),#2504,.T.);
#2470 = FACE_BOUND('',#2471,.T.);
#2471 = EDGE_LOOP('',(#2472,#2482,#2490,#2498));
#2472 = ORIENTED_EDGE('',*,*,#2473,.T.);
#2473 = EDGE_CURVE('',#2474,#2476,#2478,.T.);
#2474 = VERTEX_POINT('',#2475);
#2475 = CARTESIAN_POINT('',(11.024966638001,5.3880672196,1.256998514652)
  );
#2476 = VERTEX_POINT('',#2477);
#2477 = CARTESIAN_POINT('',(9.774966638001,5.388067204694,1.256998514652
    ));
#2478 = LINE('',#2479,#2480);
#2479 = CARTESIAN_POINT('',(9.762966638001,5.388067204551,1.256998514652
    ));
#2480 = VECTOR('',#2481,1.);
#2481 = DIRECTION('',(-1.,-1.19248806385E-08,-8.510221134109E-17));
#2482 = ORIENTED_EDGE('',*,*,#2483,.T.);
#2483 = EDGE_CURVE('',#2476,#2484,#2486,.T.);
#2484 = VERTEX_POINT('',#2485);
#2485 = CARTESIAN_POINT('',(9.774966642485,5.012067204694,1.256998514652
    ));
#2486 = LINE('',#2487,#2488);
#2487 = CARTESIAN_POINT('',(9.774966637858,5.400067204694,1.256998514652
    ));
#2488 = VECTOR('',#2489,1.);
#2489 = DIRECTION('',(1.19248806385E-08,-1.,0.));
#2490 = ORIENTED_EDGE('',*,*,#2491,.T.);
#2491 = EDGE_CURVE('',#2484,#2492,#2494,.T.);
#2492 = VERTEX_POINT('',#2493);
#2493 = CARTESIAN_POINT('',(11.024966642485,5.0120672196,1.256998514652)
  );
#2494 = LINE('',#2495,#2496);
#2495 = CARTESIAN_POINT('',(11.036966642485,5.012067219743,
    1.256998514652));
#2496 = VECTOR('',#2497,1.);
#2497 = DIRECTION('',(1.,1.19248806385E-08,8.510221134109E-17));
#2498 = ORIENTED_EDGE('',*,*,#2499,.T.);
#2499 = EDGE_CURVE('',#2492,#2474,#2500,.T.);
#2500 = LINE('',#2501,#2502);
#2501 = CARTESIAN_POINT('',(11.024966637858,5.4000672196,1.256998514652)
  );
#2502 = VECTOR('',#2503,1.);
#2503 = DIRECTION('',(-1.19248806385E-08,1.,-0.));
#2504 = PLANE('',#2505);
#2505 = AXIS2_PLACEMENT_3D('',#2506,#2507,#2508);
#2506 = CARTESIAN_POINT('',(11.036966637858,5.400067219743,
    1.256998514652));
#2507 = DIRECTION('',(-8.510221134109E-17,-1.014833712315E-24,1.));
#2508 = DIRECTION('',(-1.,-1.19248806385E-08,-8.510221134109E-17));
#2509 = ADVANCED_FACE('',(#2510),#2544,.T.);
#2510 = FACE_BOUND('',#2511,.T.);
#2511 = EDGE_LOOP('',(#2512,#2522,#2530,#2538));
#2512 = ORIENTED_EDGE('',*,*,#2513,.T.);
#2513 = EDGE_CURVE('',#2514,#2516,#2518,.T.);
#2514 = VERTEX_POINT('',#2515);
#2515 = CARTESIAN_POINT('',(9.774966642628,5.000067204694,1.244998514652
    ));
#2516 = VERTEX_POINT('',#2517);
#2517 = CARTESIAN_POINT('',(9.774966642628,5.000067204694,
    -5.001485347748E-03));
#2518 = LINE('',#2519,#2520);
#2519 = CARTESIAN_POINT('',(9.774966642628,5.000067204694,1.244998514652
    ));
#2520 = VECTOR('',#2521,1.);
#2521 = DIRECTION('',(0.,0.,-1.));
#2522 = ORIENTED_EDGE('',*,*,#2523,.T.);
#2523 = EDGE_CURVE('',#2516,#2524,#2526,.T.);
#2524 = VERTEX_POINT('',#2525);
#2525 = CARTESIAN_POINT('',(11.024966642628,5.0000672196,
    -5.001485347748E-03));
#2526 = LINE('',#2527,#2528);
#2527 = CARTESIAN_POINT('',(9.774966642628,5.000067204694,
    -5.001485347748E-03));
#2528 = VECTOR('',#2529,1.);
#2529 = DIRECTION('',(1.,1.19248806385E-08,-8.510221134109E-17));
#2530 = ORIENTED_EDGE('',*,*,#2531,.T.);
#2531 = EDGE_CURVE('',#2524,#2532,#2534,.T.);
#2532 = VERTEX_POINT('',#2533);
#2533 = CARTESIAN_POINT('',(11.024966642628,5.0000672196,1.244998514652)
  );
#2534 = LINE('',#2535,#2536);
#2535 = CARTESIAN_POINT('',(11.024966642628,5.0000672196,1.244998514652)
  );
#2536 = VECTOR('',#2537,1.);
#2537 = DIRECTION('',(0.,0.,1.));
#2538 = ORIENTED_EDGE('',*,*,#2539,.T.);
#2539 = EDGE_CURVE('',#2532,#2514,#2540,.T.);
#2540 = LINE('',#2541,#2542);
#2541 = CARTESIAN_POINT('',(9.774966642628,5.000067204694,1.244998514652
    ));
#2542 = VECTOR('',#2543,1.);
#2543 = DIRECTION('',(-1.,-1.19248806385E-08,-8.510221134109E-17));
#2544 = PLANE('',#2545);
#2545 = AXIS2_PLACEMENT_3D('',#2546,#2547,#2548);
#2546 = CARTESIAN_POINT('',(9.774966642628,5.000067204694,1.244998514652
    ));
#2547 = DIRECTION('',(1.19248806385E-08,-1.,0.));
#2548 = DIRECTION('',(0.,0.,-1.));
#2549 = ADVANCED_FACE('',(#2550),#2568,.T.);
#2550 = FACE_BOUND('',#2551,.T.);
#2551 = EDGE_LOOP('',(#2552,#2559,#2560,#2567));
#2552 = ORIENTED_EDGE('',*,*,#2553,.F.);
#2553 = EDGE_CURVE('',#2516,#2452,#2554,.T.);
#2554 = CIRCLE('',#2555,1.2E-02);
#2555 = AXIS2_PLACEMENT_3D('',#2556,#2557,#2558);
#2556 = CARTESIAN_POINT('',(9.774966642485,5.012067204694,
    -5.001485347748E-03));
#2557 = DIRECTION('',(-9.035018104046E-15,-1.077415124575E-22,-1.));
#2558 = DIRECTION('',(1.,1.19248806385E-08,-9.035018104046E-15));
#2559 = ORIENTED_EDGE('',*,*,#2513,.F.);
#2560 = ORIENTED_EDGE('',*,*,#2561,.F.);
#2561 = EDGE_CURVE('',#2434,#2514,#2562,.T.);
#2562 = CIRCLE('',#2563,1.2E-02);
#2563 = AXIS2_PLACEMENT_3D('',#2564,#2565,#2566);
#2564 = CARTESIAN_POINT('',(9.774966642485,5.012067204694,1.244998514652
    ));
#2565 = DIRECTION('',(-0.,0.,1.));
#2566 = DIRECTION('',(1.19248806385E-08,-1.,0.));
#2567 = ORIENTED_EDGE('',*,*,#2459,.F.);
#2568 = CYLINDRICAL_SURFACE('',#2569,1.2E-02);
#2569 = AXIS2_PLACEMENT_3D('',#2570,#2571,#2572);
#2570 = CARTESIAN_POINT('',(9.774966642485,5.012067204694,1.244998514652
    ));
#2571 = DIRECTION('',(0.,0.,-1.));
#2572 = DIRECTION('',(-1.19248806385E-08,1.,0.));
#2573 = ADVANCED_FACE('',(#2574),#2591,.T.);
#2574 = FACE_BOUND('',#2575,.T.);
#2575 = EDGE_LOOP('',(#2576,#2583,#2584));
#2576 = ORIENTED_EDGE('',*,*,#2577,.F.);
#2577 = EDGE_CURVE('',#2516,#2412,#2578,.T.);
#2578 = CIRCLE('',#2579,1.2E-02);
#2579 = AXIS2_PLACEMENT_3D('',#2580,#2581,#2582);
#2580 = CARTESIAN_POINT('',(9.774966642485,5.012067204694,
    -5.001485347748E-03));
#2581 = DIRECTION('',(1.,1.19248806385E-08,-1.411721578757E-16));
#2582 = DIRECTION('',(-1.411721578757E-16,-1.683461132148E-24,-1.));
#2583 = ORIENTED_EDGE('',*,*,#2553,.T.);
#2584 = ORIENTED_EDGE('',*,*,#2585,.F.);
#2585 = EDGE_CURVE('',#2412,#2452,#2586,.T.);
#2586 = CIRCLE('',#2587,1.2E-02);
#2587 = AXIS2_PLACEMENT_3D('',#2588,#2589,#2590);
#2588 = CARTESIAN_POINT('',(9.774966642485,5.012067204694,
    -5.001485347748E-03));
#2589 = DIRECTION('',(-1.19248806385E-08,1.,0.));
#2590 = DIRECTION('',(0.,0.,-1.));
#2591 = SPHERICAL_SURFACE('',#2592,1.2E-02);
#2592 = AXIS2_PLACEMENT_3D('',#2593,#2594,#2595);
#2593 = CARTESIAN_POINT('',(9.774966642485,5.012067204694,
    -5.001485347748E-03));
#2594 = DIRECTION('',(1.,1.19248806385E-08,0.));
#2595 = DIRECTION('',(1.19248806385E-08,-1.,0.));
#2596 = ADVANCED_FACE('',(#2597),#2614,.T.);
#2597 = FACE_BOUND('',#2598,.T.);
#2598 = EDGE_LOOP('',(#2599,#2606,#2607));
#2599 = ORIENTED_EDGE('',*,*,#2600,.F.);
#2600 = EDGE_CURVE('',#2434,#2484,#2601,.T.);
#2601 = CIRCLE('',#2602,1.2E-02);
#2602 = AXIS2_PLACEMENT_3D('',#2603,#2604,#2605);
#2603 = CARTESIAN_POINT('',(9.774966642485,5.012067204694,1.244998514652
    ));
#2604 = DIRECTION('',(-1.19248806385E-08,1.,0.));
#2605 = DIRECTION('',(0.,0.,-1.));
#2606 = ORIENTED_EDGE('',*,*,#2561,.T.);
#2607 = ORIENTED_EDGE('',*,*,#2608,.F.);
#2608 = EDGE_CURVE('',#2484,#2514,#2609,.T.);
#2609 = CIRCLE('',#2610,1.2E-02);
#2610 = AXIS2_PLACEMENT_3D('',#2611,#2612,#2613);
#2611 = CARTESIAN_POINT('',(9.774966642485,5.012067204694,1.244998514652
    ));
#2612 = DIRECTION('',(1.,1.19248806385E-08,-6.070402788656E-15));
#2613 = DIRECTION('',(-6.070402788656E-15,-7.238882868236E-23,-1.));
#2614 = SPHERICAL_SURFACE('',#2615,1.2E-02);
#2615 = AXIS2_PLACEMENT_3D('',#2616,#2617,#2618);
#2616 = CARTESIAN_POINT('',(9.774966642485,5.012067204694,1.244998514652
    ));
#2617 = DIRECTION('',(1.,1.19248806385E-08,0.));
#2618 = DIRECTION('',(1.19248806385E-08,-1.,0.));
#2619 = ADVANCED_FACE('',(#2620),#2632,.T.);
#2620 = FACE_BOUND('',#2621,.T.);
#2621 = EDGE_LOOP('',(#2622,#2623,#2624,#2631));
#2622 = ORIENTED_EDGE('',*,*,#2585,.T.);
#2623 = ORIENTED_EDGE('',*,*,#2451,.F.);
#2624 = ORIENTED_EDGE('',*,*,#2625,.F.);
#2625 = EDGE_CURVE('',#2394,#2444,#2626,.T.);
#2626 = CIRCLE('',#2627,1.2E-02);
#2627 = AXIS2_PLACEMENT_3D('',#2628,#2629,#2630);
#2628 = CARTESIAN_POINT('',(9.774966638001,5.388067204694,
    -5.001485347748E-03));
#2629 = DIRECTION('',(-1.19248806385E-08,1.,0.));
#2630 = DIRECTION('',(0.,0.,1.));
#2631 = ORIENTED_EDGE('',*,*,#2419,.F.);
#2632 = CYLINDRICAL_SURFACE('',#2633,1.2E-02);
#2633 = AXIS2_PLACEMENT_3D('',#2634,#2635,#2636);
#2634 = CARTESIAN_POINT('',(9.774966637858,5.400067204694,
    -5.001485347748E-03));
#2635 = DIRECTION('',(1.19248806385E-08,-1.,0.));
#2636 = DIRECTION('',(0.,0.,-1.));
#2637 = ADVANCED_FACE('',(#2638),#2650,.T.);
#2638 = FACE_BOUND('',#2639,.T.);
#2639 = EDGE_LOOP('',(#2640,#2641,#2642,#2649));
#2640 = ORIENTED_EDGE('',*,*,#2577,.T.);
#2641 = ORIENTED_EDGE('',*,*,#2411,.F.);
#2642 = ORIENTED_EDGE('',*,*,#2643,.F.);
#2643 = EDGE_CURVE('',#2524,#2404,#2644,.T.);
#2644 = CIRCLE('',#2645,1.2E-02);
#2645 = AXIS2_PLACEMENT_3D('',#2646,#2647,#2648);
#2646 = CARTESIAN_POINT('',(11.024966642485,5.0120672196,
    -5.001485347748E-03));
#2647 = DIRECTION('',(1.,1.19248806385E-08,-0.));
#2648 = DIRECTION('',(0.,0.,1.));
#2649 = ORIENTED_EDGE('',*,*,#2523,.F.);
#2650 = CYLINDRICAL_SURFACE('',#2651,1.2E-02);
#2651 = AXIS2_PLACEMENT_3D('',#2652,#2653,#2654);
#2652 = CARTESIAN_POINT('',(9.774966642485,5.012067204694,
    -5.001485347748E-03));
#2653 = DIRECTION('',(1.,1.19248806385E-08,-8.510221134109E-17));
#2654 = DIRECTION('',(8.510221134109E-17,1.014833712315E-24,1.));
#2655 = ADVANCED_FACE('',(#2656),#2674,.T.);
#2656 = FACE_BOUND('',#2657,.T.);
#2657 = EDGE_LOOP('',(#2658,#2665,#2666,#2673));
#2658 = ORIENTED_EDGE('',*,*,#2659,.F.);
#2659 = EDGE_CURVE('',#2532,#2372,#2660,.T.);
#2660 = CIRCLE('',#2661,1.2E-02);
#2661 = AXIS2_PLACEMENT_3D('',#2662,#2663,#2664);
#2662 = CARTESIAN_POINT('',(11.024966642485,5.0120672196,1.244998514652)
  );
#2663 = DIRECTION('',(-9.035018104046E-15,-1.077415124575E-22,1.));
#2664 = DIRECTION('',(-1.,-1.19248806385E-08,-9.035018104046E-15));
#2665 = ORIENTED_EDGE('',*,*,#2531,.F.);
#2666 = ORIENTED_EDGE('',*,*,#2667,.F.);
#2667 = EDGE_CURVE('',#2354,#2524,#2668,.T.);
#2668 = CIRCLE('',#2669,1.2E-02);
#2669 = AXIS2_PLACEMENT_3D('',#2670,#2671,#2672);
#2670 = CARTESIAN_POINT('',(11.024966642485,5.0120672196,
    -5.001485347748E-03));
#2671 = DIRECTION('',(0.,0.,-1.));
#2672 = DIRECTION('',(-1.19248806385E-08,1.,0.));
#2673 = ORIENTED_EDGE('',*,*,#2379,.F.);
#2674 = CYLINDRICAL_SURFACE('',#2675,1.2E-02);
#2675 = AXIS2_PLACEMENT_3D('',#2676,#2677,#2678);
#2676 = CARTESIAN_POINT('',(11.024966642485,5.0120672196,1.244998514652)
  );
#2677 = DIRECTION('',(0.,0.,1.));
#2678 = DIRECTION('',(1.19248806385E-08,-1.,0.));
#2679 = ADVANCED_FACE('',(#2680),#2692,.T.);
#2680 = FACE_BOUND('',#2681,.T.);
#2681 = EDGE_LOOP('',(#2682,#2683,#2684,#2691));
#2682 = ORIENTED_EDGE('',*,*,#2608,.T.);
#2683 = ORIENTED_EDGE('',*,*,#2539,.F.);
#2684 = ORIENTED_EDGE('',*,*,#2685,.F.);
#2685 = EDGE_CURVE('',#2492,#2532,#2686,.T.);
#2686 = CIRCLE('',#2687,1.2E-02);
#2687 = AXIS2_PLACEMENT_3D('',#2688,#2689,#2690);
#2688 = CARTESIAN_POINT('',(11.024966642485,5.0120672196,1.244998514652)
  );
#2689 = DIRECTION('',(1.,1.19248806385E-08,-0.));
#2690 = DIRECTION('',(0.,0.,1.));
#2691 = ORIENTED_EDGE('',*,*,#2491,.F.);
#2692 = CYLINDRICAL_SURFACE('',#2693,1.2E-02);
#2693 = AXIS2_PLACEMENT_3D('',#2694,#2695,#2696);
#2694 = CARTESIAN_POINT('',(9.774966642485,5.012067204694,1.244998514652
    ));
#2695 = DIRECTION('',(-1.,-1.19248806385E-08,-8.510221134109E-17));
#2696 = DIRECTION('',(8.510221134109E-17,1.014833712315E-24,-1.));
#2697 = ADVANCED_FACE('',(#2698),#2710,.T.);
#2698 = FACE_BOUND('',#2699,.T.);
#2699 = EDGE_LOOP('',(#2700,#2701,#2702,#2709));
#2700 = ORIENTED_EDGE('',*,*,#2600,.T.);
#2701 = ORIENTED_EDGE('',*,*,#2483,.F.);
#2702 = ORIENTED_EDGE('',*,*,#2703,.F.);
#2703 = EDGE_CURVE('',#2436,#2476,#2704,.T.);
#2704 = CIRCLE('',#2705,1.2E-02);
#2705 = AXIS2_PLACEMENT_3D('',#2706,#2707,#2708);
#2706 = CARTESIAN_POINT('',(9.774966638001,5.388067204694,1.244998514652
    ));
#2707 = DIRECTION('',(-1.19248806385E-08,1.,0.));
#2708 = DIRECTION('',(0.,0.,1.));
#2709 = ORIENTED_EDGE('',*,*,#2433,.F.);
#2710 = CYLINDRICAL_SURFACE('',#2711,1.2E-02);
#2711 = AXIS2_PLACEMENT_3D('',#2712,#2713,#2714);
#2712 = CARTESIAN_POINT('',(9.774966637858,5.400067204694,1.244998514652
    ));
#2713 = DIRECTION('',(1.19248806385E-08,-1.,0.));
#2714 = DIRECTION('',(0.,0.,-1.));
#2715 = ADVANCED_FACE('',(#2716),#2734,.T.);
#2716 = FACE_BOUND('',#2717,.T.);
#2717 = EDGE_LOOP('',(#2718,#2725,#2726,#2733));
#2718 = ORIENTED_EDGE('',*,*,#2719,.F.);
#2719 = EDGE_CURVE('',#2444,#2278,#2720,.T.);
#2720 = CIRCLE('',#2721,1.2E-02);
#2721 = AXIS2_PLACEMENT_3D('',#2722,#2723,#2724);
#2722 = CARTESIAN_POINT('',(9.774966638001,5.388067204694,
    -5.001485347748E-03));
#2723 = DIRECTION('',(1.077415124575E-22,-9.035018104046E-15,-1.));
#2724 = DIRECTION('',(-1.19248806385E-08,1.,-9.035018104046E-15));
#2725 = ORIENTED_EDGE('',*,*,#2443,.F.);
#2726 = ORIENTED_EDGE('',*,*,#2727,.F.);
#2727 = EDGE_CURVE('',#2240,#2436,#2728,.T.);
#2728 = CIRCLE('',#2729,1.2E-02);
#2729 = AXIS2_PLACEMENT_3D('',#2730,#2731,#2732);
#2730 = CARTESIAN_POINT('',(9.774966638001,5.388067204694,1.244998514652
    ));
#2731 = DIRECTION('',(-0.,0.,1.));
#2732 = DIRECTION('',(1.19248806385E-08,-1.,0.));
#2733 = ORIENTED_EDGE('',*,*,#2285,.T.);
#2734 = CYLINDRICAL_SURFACE('',#2735,1.2E-02);
#2735 = AXIS2_PLACEMENT_3D('',#2736,#2737,#2738);
#2736 = CARTESIAN_POINT('',(9.774966638001,5.388067204694,1.256998514652
    ));
#2737 = DIRECTION('',(0.,0.,1.));
#2738 = DIRECTION('',(1.19248806385E-08,-1.,0.));
#2739 = ADVANCED_FACE('',(#2740),#2751,.T.);
#2740 = FACE_BOUND('',#2741,.T.);
#2741 = EDGE_LOOP('',(#2742,#2743,#2744));
#2742 = ORIENTED_EDGE('',*,*,#2625,.T.);
#2743 = ORIENTED_EDGE('',*,*,#2719,.T.);
#2744 = ORIENTED_EDGE('',*,*,#2745,.F.);
#2745 = EDGE_CURVE('',#2394,#2278,#2746,.T.);
#2746 = CIRCLE('',#2747,1.2E-02);
#2747 = AXIS2_PLACEMENT_3D('',#2748,#2749,#2750);
#2748 = CARTESIAN_POINT('',(9.774966638001,5.388067204694,
    -5.001485347748E-03));
#2749 = DIRECTION('',(1.,1.19248806385E-08,-1.411721578757E-16));
#2750 = DIRECTION('',(-1.411721578757E-16,-1.683461132148E-24,-1.));
#2751 = SPHERICAL_SURFACE('',#2752,1.2E-02);
#2752 = AXIS2_PLACEMENT_3D('',#2753,#2754,#2755);
#2753 = CARTESIAN_POINT('',(9.774966638001,5.388067204694,
    -5.001485347748E-03));
#2754 = DIRECTION('',(1.,1.19248806385E-08,0.));
#2755 = DIRECTION('',(1.19248806385E-08,-1.,0.));
#2756 = ADVANCED_FACE('',(#2757),#2768,.T.);
#2757 = FACE_BOUND('',#2758,.T.);
#2758 = EDGE_LOOP('',(#2759,#2760,#2761));
#2759 = ORIENTED_EDGE('',*,*,#2667,.T.);
#2760 = ORIENTED_EDGE('',*,*,#2643,.T.);
#2761 = ORIENTED_EDGE('',*,*,#2762,.F.);
#2762 = EDGE_CURVE('',#2354,#2404,#2763,.T.);
#2763 = CIRCLE('',#2764,1.2E-02);
#2764 = AXIS2_PLACEMENT_3D('',#2765,#2766,#2767);
#2765 = CARTESIAN_POINT('',(11.024966642485,5.0120672196,
    -5.001485347748E-03));
#2766 = DIRECTION('',(-1.19248806385E-08,1.,0.));
#2767 = DIRECTION('',(0.,0.,-1.));
#2768 = SPHERICAL_SURFACE('',#2769,1.2E-02);
#2769 = AXIS2_PLACEMENT_3D('',#2770,#2771,#2772);
#2770 = CARTESIAN_POINT('',(11.024966642485,5.0120672196,
    -5.001485347748E-03));
#2771 = DIRECTION('',(1.,1.19248806385E-08,0.));
#2772 = DIRECTION('',(1.19248806385E-08,-1.,0.));
#2773 = ADVANCED_FACE('',(#2774),#2785,.T.);
#2774 = FACE_BOUND('',#2775,.T.);
#2775 = EDGE_LOOP('',(#2776,#2777,#2778));
#2776 = ORIENTED_EDGE('',*,*,#2685,.T.);
#2777 = ORIENTED_EDGE('',*,*,#2659,.T.);
#2778 = ORIENTED_EDGE('',*,*,#2779,.F.);
#2779 = EDGE_CURVE('',#2492,#2372,#2780,.T.);
#2780 = CIRCLE('',#2781,1.2E-02);
#2781 = AXIS2_PLACEMENT_3D('',#2782,#2783,#2784);
#2782 = CARTESIAN_POINT('',(11.024966642485,5.0120672196,1.244998514652)
  );
#2783 = DIRECTION('',(-1.19248806385E-08,1.,0.));
#2784 = DIRECTION('',(0.,0.,-1.));
#2785 = SPHERICAL_SURFACE('',#2786,1.2E-02);
#2786 = AXIS2_PLACEMENT_3D('',#2787,#2788,#2789);
#2787 = CARTESIAN_POINT('',(11.024966642485,5.0120672196,1.244998514652)
  );
#2788 = DIRECTION('',(1.,1.19248806385E-08,0.));
#2789 = DIRECTION('',(1.19248806385E-08,-1.,0.));
#2790 = ADVANCED_FACE('',(#2791),#2802,.T.);
#2791 = FACE_BOUND('',#2792,.T.);
#2792 = EDGE_LOOP('',(#2793,#2794,#2795));
#2793 = ORIENTED_EDGE('',*,*,#2727,.T.);
#2794 = ORIENTED_EDGE('',*,*,#2703,.T.);
#2795 = ORIENTED_EDGE('',*,*,#2796,.F.);
#2796 = EDGE_CURVE('',#2240,#2476,#2797,.T.);
#2797 = CIRCLE('',#2798,1.2E-02);
#2798 = AXIS2_PLACEMENT_3D('',#2799,#2800,#2801);
#2799 = CARTESIAN_POINT('',(9.774966638001,5.388067204694,1.244998514652
    ));
#2800 = DIRECTION('',(1.,1.192488685008E-08,1.411721578757E-16));
#2801 = DIRECTION('',(1.192488685008E-08,-1.,0.));
#2802 = SPHERICAL_SURFACE('',#2803,1.2E-02);
#2803 = AXIS2_PLACEMENT_3D('',#2804,#2805,#2806);
#2804 = CARTESIAN_POINT('',(9.774966638001,5.388067204694,1.244998514652
    ));
#2805 = DIRECTION('',(1.,1.19248806385E-08,0.));
#2806 = DIRECTION('',(1.19248806385E-08,-1.,0.));
#2807 = ADVANCED_FACE('',(#2808),#2820,.T.);
#2808 = FACE_BOUND('',#2809,.T.);
#2809 = EDGE_LOOP('',(#2810,#2811,#2812,#2819));
#2810 = ORIENTED_EDGE('',*,*,#2745,.T.);
#2811 = ORIENTED_EDGE('',*,*,#2316,.T.);
#2812 = ORIENTED_EDGE('',*,*,#2813,.F.);
#2813 = EDGE_CURVE('',#2396,#2309,#2814,.T.);
#2814 = CIRCLE('',#2815,1.2E-02);
#2815 = AXIS2_PLACEMENT_3D('',#2816,#2817,#2818);
#2816 = CARTESIAN_POINT('',(11.024966638001,5.3880672196,
    -5.001485347748E-03));
#2817 = DIRECTION('',(1.,1.19248806385E-08,-0.));
#2818 = DIRECTION('',(0.,0.,1.));
#2819 = ORIENTED_EDGE('',*,*,#2393,.F.);
#2820 = CYLINDRICAL_SURFACE('',#2821,1.2E-02);
#2821 = AXIS2_PLACEMENT_3D('',#2822,#2823,#2824);
#2822 = CARTESIAN_POINT('',(9.762966638001,5.388067204551,
    -5.001485347748E-03));
#2823 = DIRECTION('',(-1.,-1.19248806385E-08,8.510221134109E-17));
#2824 = DIRECTION('',(-8.510221134109E-17,-1.014833712315E-24,-1.));
#2825 = ADVANCED_FACE('',(#2826),#2838,.T.);
#2826 = FACE_BOUND('',#2827,.T.);
#2827 = EDGE_LOOP('',(#2828,#2829,#2830,#2837));
#2828 = ORIENTED_EDGE('',*,*,#2762,.T.);
#2829 = ORIENTED_EDGE('',*,*,#2403,.F.);
#2830 = ORIENTED_EDGE('',*,*,#2831,.F.);
#2831 = EDGE_CURVE('',#2356,#2396,#2832,.T.);
#2832 = CIRCLE('',#2833,1.2E-02);
#2833 = AXIS2_PLACEMENT_3D('',#2834,#2835,#2836);
#2834 = CARTESIAN_POINT('',(11.024966638001,5.3880672196,
    -5.001485347748E-03));
#2835 = DIRECTION('',(-1.19248806385E-08,1.,0.));
#2836 = DIRECTION('',(0.,0.,1.));
#2837 = ORIENTED_EDGE('',*,*,#2353,.F.);
#2838 = CYLINDRICAL_SURFACE('',#2839,1.2E-02);
#2839 = AXIS2_PLACEMENT_3D('',#2840,#2841,#2842);
#2840 = CARTESIAN_POINT('',(11.024966637858,5.4000672196,
    -5.001485347748E-03));
#2841 = DIRECTION('',(1.19248806385E-08,-1.,0.));
#2842 = DIRECTION('',(0.,0.,-1.));
#2843 = ADVANCED_FACE('',(#2844),#2856,.T.);
#2844 = FACE_BOUND('',#2845,.T.);
#2845 = EDGE_LOOP('',(#2846,#2847,#2848,#2855));
#2846 = ORIENTED_EDGE('',*,*,#2779,.T.);
#2847 = ORIENTED_EDGE('',*,*,#2371,.F.);
#2848 = ORIENTED_EDGE('',*,*,#2849,.F.);
#2849 = EDGE_CURVE('',#2474,#2364,#2850,.T.);
#2850 = CIRCLE('',#2851,1.2E-02);
#2851 = AXIS2_PLACEMENT_3D('',#2852,#2853,#2854);
#2852 = CARTESIAN_POINT('',(11.024966638001,5.3880672196,1.244998514652)
  );
#2853 = DIRECTION('',(-1.19248806385E-08,1.,0.));
#2854 = DIRECTION('',(0.,0.,1.));
#2855 = ORIENTED_EDGE('',*,*,#2499,.F.);
#2856 = CYLINDRICAL_SURFACE('',#2857,1.2E-02);
#2857 = AXIS2_PLACEMENT_3D('',#2858,#2859,#2860);
#2858 = CARTESIAN_POINT('',(11.024966637858,5.4000672196,1.244998514652)
  );
#2859 = DIRECTION('',(1.19248806385E-08,-1.,0.));
#2860 = DIRECTION('',(0.,0.,-1.));
#2861 = ADVANCED_FACE('',(#2862),#2874,.T.);
#2862 = FACE_BOUND('',#2863,.T.);
#2863 = EDGE_LOOP('',(#2864,#2865,#2866,#2873));
#2864 = ORIENTED_EDGE('',*,*,#2796,.T.);
#2865 = ORIENTED_EDGE('',*,*,#2473,.F.);
#2866 = ORIENTED_EDGE('',*,*,#2867,.F.);
#2867 = EDGE_CURVE('',#2248,#2474,#2868,.T.);
#2868 = CIRCLE('',#2869,1.2E-02);
#2869 = AXIS2_PLACEMENT_3D('',#2870,#2871,#2872);
#2870 = CARTESIAN_POINT('',(11.024966638001,5.3880672196,1.244998514652)
  );
#2871 = DIRECTION('',(1.,1.19248806385E-08,-0.));
#2872 = DIRECTION('',(0.,0.,1.));
#2873 = ORIENTED_EDGE('',*,*,#2247,.T.);
#2874 = CYLINDRICAL_SURFACE('',#2875,1.2E-02);
#2875 = AXIS2_PLACEMENT_3D('',#2876,#2877,#2878);
#2876 = CARTESIAN_POINT('',(11.036966638001,5.388067219743,
    1.244998514652));
#2877 = DIRECTION('',(1.,1.19248806385E-08,8.510221134109E-17));
#2878 = DIRECTION('',(-8.510221134109E-17,-1.014833712315E-24,1.));
#2879 = ADVANCED_FACE('',(#2880),#2891,.T.);
#2880 = FACE_BOUND('',#2881,.T.);
#2881 = EDGE_LOOP('',(#2882,#2883,#2884));
#2882 = ORIENTED_EDGE('',*,*,#2831,.T.);
#2883 = ORIENTED_EDGE('',*,*,#2813,.T.);
#2884 = ORIENTED_EDGE('',*,*,#2885,.F.);
#2885 = EDGE_CURVE('',#2356,#2309,#2886,.T.);
#2886 = CIRCLE('',#2887,1.2E-02);
#2887 = AXIS2_PLACEMENT_3D('',#2888,#2889,#2890);
#2888 = CARTESIAN_POINT('',(11.024966638001,5.3880672196,
    -5.001485347748E-03));
#2889 = DIRECTION('',(0.,-0.,1.));
#2890 = DIRECTION('',(-1.19248806385E-08,1.,0.));
#2891 = SPHERICAL_SURFACE('',#2892,1.2E-02);
#2892 = AXIS2_PLACEMENT_3D('',#2893,#2894,#2895);
#2893 = CARTESIAN_POINT('',(11.024966638001,5.3880672196,
    -5.001485347748E-03));
#2894 = DIRECTION('',(1.,1.19248806385E-08,0.));
#2895 = DIRECTION('',(1.19248806385E-08,-1.,0.));
#2896 = ADVANCED_FACE('',(#2897),#2908,.T.);
#2897 = FACE_BOUND('',#2898,.T.);
#2898 = EDGE_LOOP('',(#2899,#2900,#2901));
#2899 = ORIENTED_EDGE('',*,*,#2867,.T.);
#2900 = ORIENTED_EDGE('',*,*,#2849,.T.);
#2901 = ORIENTED_EDGE('',*,*,#2902,.F.);
#2902 = EDGE_CURVE('',#2248,#2364,#2903,.T.);
#2903 = CIRCLE('',#2904,1.2E-02);
#2904 = AXIS2_PLACEMENT_3D('',#2905,#2906,#2907);
#2905 = CARTESIAN_POINT('',(11.024966638001,5.3880672196,1.244998514652)
  );
#2906 = DIRECTION('',(1.077415124575E-22,-9.035018104046E-15,-1.));
#2907 = DIRECTION('',(1.19248806385E-08,-1.,9.035018104046E-15));
#2908 = SPHERICAL_SURFACE('',#2909,1.2E-02);
#2909 = AXIS2_PLACEMENT_3D('',#2910,#2911,#2912);
#2910 = CARTESIAN_POINT('',(11.024966638001,5.3880672196,1.244998514652)
  );
#2911 = DIRECTION('',(1.,1.19248806385E-08,0.));
#2912 = DIRECTION('',(1.19248806385E-08,-1.,0.));
#2913 = ADVANCED_FACE('',(#2914),#2920,.T.);
#2914 = FACE_BOUND('',#2915,.T.);
#2915 = EDGE_LOOP('',(#2916,#2917,#2918,#2919));
#2916 = ORIENTED_EDGE('',*,*,#2885,.T.);
#2917 = ORIENTED_EDGE('',*,*,#2338,.T.);
#2918 = ORIENTED_EDGE('',*,*,#2902,.T.);
#2919 = ORIENTED_EDGE('',*,*,#2363,.F.);
#2920 = CYLINDRICAL_SURFACE('',#2921,1.2E-02);
#2921 = AXIS2_PLACEMENT_3D('',#2922,#2923,#2924);
#2922 = CARTESIAN_POINT('',(11.024966638001,5.3880672196,
    -1.700148534775E-02));
#2923 = DIRECTION('',(0.,0.,-1.));
#2924 = DIRECTION('',(-1.19248806385E-08,1.,0.));
#2925 = ADVANCED_FACE('',(#2926),#2960,.F.);
#2926 = FACE_BOUND('',#2927,.T.);
#2927 = EDGE_LOOP('',(#2928,#2938,#2946,#2954));
#2928 = ORIENTED_EDGE('',*,*,#2929,.T.);
#2929 = EDGE_CURVE('',#2930,#2932,#2934,.T.);
#2930 = VERTEX_POINT('',#2931);
#2931 = CARTESIAN_POINT('',(11.036966623405,6.612067219743,
    1.244998514652));
#2932 = VERTEX_POINT('',#2933);
#2933 = CARTESIAN_POINT('',(11.036966623405,6.612067219743,
    -5.001485347748E-03));
#2934 = LINE('',#2935,#2936);
#2935 = CARTESIAN_POINT('',(11.036966623405,6.612067219743,
    -1.700148534775E-02));
#2936 = VECTOR('',#2937,1.);
#2937 = DIRECTION('',(-0.,0.,-1.));
#2938 = ORIENTED_EDGE('',*,*,#2939,.T.);
#2939 = EDGE_CURVE('',#2932,#2940,#2942,.T.);
#2940 = VERTEX_POINT('',#2941);
#2941 = CARTESIAN_POINT('',(11.036966618921,6.988067219743,
    -5.001485347748E-03));
#2942 = LINE('',#2943,#2944);
#2943 = CARTESIAN_POINT('',(11.036966623548,6.600067219743,
    -5.001485347748E-03));
#2944 = VECTOR('',#2945,1.);
#2945 = DIRECTION('',(-1.19248806385E-08,1.,0.));
#2946 = ORIENTED_EDGE('',*,*,#2947,.T.);
#2947 = EDGE_CURVE('',#2940,#2948,#2950,.T.);
#2948 = VERTEX_POINT('',#2949);
#2949 = CARTESIAN_POINT('',(11.036966618921,6.988067219743,
    1.244998514652));
#2950 = LINE('',#2951,#2952);
#2951 = CARTESIAN_POINT('',(11.036966618921,6.988067219743,
    -1.700148534775E-02));
#2952 = VECTOR('',#2953,1.);
#2953 = DIRECTION('',(0.,0.,1.));
#2954 = ORIENTED_EDGE('',*,*,#2955,.T.);
#2955 = EDGE_CURVE('',#2948,#2930,#2956,.T.);
#2956 = LINE('',#2957,#2958);
#2957 = CARTESIAN_POINT('',(11.036966623548,6.600067219743,
    1.244998514652));
#2958 = VECTOR('',#2959,1.);
#2959 = DIRECTION('',(1.19248806385E-08,-1.,0.));
#2960 = PLANE('',#2961);
#2961 = AXIS2_PLACEMENT_3D('',#2962,#2963,#2964);
#2962 = CARTESIAN_POINT('',(11.036966623548,6.600067219743,
    -1.700148534775E-02));
#2963 = DIRECTION('',(-1.,-1.19248806385E-08,0.));
#2964 = DIRECTION('',(0.,-0.,-1.));
#2965 = ADVANCED_FACE('',(#2966),#3000,.F.);
#2966 = FACE_BOUND('',#2967,.T.);
#2967 = EDGE_LOOP('',(#2968,#2978,#2986,#2994));
#2968 = ORIENTED_EDGE('',*,*,#2969,.T.);
#2969 = EDGE_CURVE('',#2970,#2972,#2974,.T.);
#2970 = VERTEX_POINT('',#2971);
#2971 = CARTESIAN_POINT('',(9.774966623405,6.612067204694,1.256998514652
    ));
#2972 = VERTEX_POINT('',#2973);
#2973 = CARTESIAN_POINT('',(11.024966623405,6.6120672196,1.256998514652)
  );
#2974 = LINE('',#2975,#2976);
#2975 = CARTESIAN_POINT('',(11.036966623405,6.612067219743,
    1.256998514652));
#2976 = VECTOR('',#2977,1.);
#2977 = DIRECTION('',(1.,1.19248806385E-08,8.510221134109E-17));
#2978 = ORIENTED_EDGE('',*,*,#2979,.T.);
#2979 = EDGE_CURVE('',#2972,#2980,#2982,.T.);
#2980 = VERTEX_POINT('',#2981);
#2981 = CARTESIAN_POINT('',(11.024966618921,6.9880672196,1.256998514652)
  );
#2982 = LINE('',#2983,#2984);
#2983 = CARTESIAN_POINT('',(11.024966623548,6.6000672196,1.256998514652)
  );
#2984 = VECTOR('',#2985,1.);
#2985 = DIRECTION('',(-1.19248806385E-08,1.,0.));
#2986 = ORIENTED_EDGE('',*,*,#2987,.T.);
#2987 = EDGE_CURVE('',#2980,#2988,#2990,.T.);
#2988 = VERTEX_POINT('',#2989);
#2989 = CARTESIAN_POINT('',(9.774966618921,6.988067204694,1.256998514652
    ));
#2990 = LINE('',#2991,#2992);
#2991 = CARTESIAN_POINT('',(11.036966618921,6.988067219743,
    1.256998514652));
#2992 = VECTOR('',#2993,1.);
#2993 = DIRECTION('',(-1.,-1.19248806385E-08,-8.510221134109E-17));
#2994 = ORIENTED_EDGE('',*,*,#2995,.T.);
#2995 = EDGE_CURVE('',#2988,#2970,#2996,.T.);
#2996 = LINE('',#2997,#2998);
#2997 = CARTESIAN_POINT('',(9.774966623548,6.600067204694,1.256998514652
    ));
#2998 = VECTOR('',#2999,1.);
#2999 = DIRECTION('',(1.19248806385E-08,-1.,0.));
#3000 = PLANE('',#3001);
#3001 = AXIS2_PLACEMENT_3D('',#3002,#3003,#3004);
#3002 = CARTESIAN_POINT('',(11.036966623548,6.600067219743,
    1.256998514652));
#3003 = DIRECTION('',(8.510221134109E-17,1.014833712315E-24,-1.));
#3004 = DIRECTION('',(1.,1.19248806385E-08,8.510221134109E-17));
#3005 = ADVANCED_FACE('',(#3006),#3040,.F.);
#3006 = FACE_BOUND('',#3007,.T.);
#3007 = EDGE_LOOP('',(#3008,#3018,#3026,#3034));
#3008 = ORIENTED_EDGE('',*,*,#3009,.T.);
#3009 = EDGE_CURVE('',#3010,#3012,#3014,.T.);
#3010 = VERTEX_POINT('',#3011);
#3011 = CARTESIAN_POINT('',(9.762966618921,6.988067204551,1.244998514652
    ));
#3012 = VERTEX_POINT('',#3013);
#3013 = CARTESIAN_POINT('',(9.762966618921,6.988067204551,
    -5.001485347748E-03));
#3014 = LINE('',#3015,#3016);
#3015 = CARTESIAN_POINT('',(9.762966618921,6.988067204551,1.256998514652
    ));
#3016 = VECTOR('',#3017,1.);
#3017 = DIRECTION('',(0.,0.,-1.));
#3018 = ORIENTED_EDGE('',*,*,#3019,.T.);
#3019 = EDGE_CURVE('',#3012,#3020,#3022,.T.);
#3020 = VERTEX_POINT('',#3021);
#3021 = CARTESIAN_POINT('',(9.762966623405,6.612067204551,
    -5.001485347748E-03));
#3022 = LINE('',#3023,#3024);
#3023 = CARTESIAN_POINT('',(9.762966623548,6.600067204551,
    -5.001485347748E-03));
#3024 = VECTOR('',#3025,1.);
#3025 = DIRECTION('',(1.19248806385E-08,-1.,0.));
#3026 = ORIENTED_EDGE('',*,*,#3027,.T.);
#3027 = EDGE_CURVE('',#3020,#3028,#3030,.T.);
#3028 = VERTEX_POINT('',#3029);
#3029 = CARTESIAN_POINT('',(9.762966623405,6.612067204551,1.244998514652
    ));
#3030 = LINE('',#3031,#3032);
#3031 = CARTESIAN_POINT('',(9.762966623405,6.612067204551,1.256998514652
    ));
#3032 = VECTOR('',#3033,1.);
#3033 = DIRECTION('',(0.,0.,1.));
#3034 = ORIENTED_EDGE('',*,*,#3035,.T.);
#3035 = EDGE_CURVE('',#3028,#3010,#3036,.T.);
#3036 = LINE('',#3037,#3038);
#3037 = CARTESIAN_POINT('',(9.762966623548,6.600067204551,1.244998514652
    ));
#3038 = VECTOR('',#3039,1.);
#3039 = DIRECTION('',(-1.19248806385E-08,1.,0.));
#3040 = PLANE('',#3041);
#3041 = AXIS2_PLACEMENT_3D('',#3042,#3043,#3044);
#3042 = CARTESIAN_POINT('',(9.762966623548,6.600067204551,1.256998514652
    ));
#3043 = DIRECTION('',(1.,1.19248806385E-08,0.));
#3044 = DIRECTION('',(0.,0.,1.));
#3045 = ADVANCED_FACE('',(#3046),#3080,.F.);
#3046 = FACE_BOUND('',#3047,.T.);
#3047 = EDGE_LOOP('',(#3048,#3058,#3066,#3074));
#3048 = ORIENTED_EDGE('',*,*,#3049,.T.);
#3049 = EDGE_CURVE('',#3050,#3052,#3054,.T.);
#3050 = VERTEX_POINT('',#3051);
#3051 = CARTESIAN_POINT('',(11.024966623405,6.6120672196,
    -1.700148534775E-02));
#3052 = VERTEX_POINT('',#3053);
#3053 = CARTESIAN_POINT('',(9.774966623405,6.612067204694,
    -1.700148534775E-02));
#3054 = LINE('',#3055,#3056);
#3055 = CARTESIAN_POINT('',(9.762966623405,6.612067204551,
    -1.700148534775E-02));
#3056 = VECTOR('',#3057,1.);
#3057 = DIRECTION('',(-1.,-1.19248806385E-08,8.510221134109E-17));
#3058 = ORIENTED_EDGE('',*,*,#3059,.T.);
#3059 = EDGE_CURVE('',#3052,#3060,#3062,.T.);
#3060 = VERTEX_POINT('',#3061);
#3061 = CARTESIAN_POINT('',(9.774966618921,6.988067204694,
    -1.700148534775E-02));
#3062 = LINE('',#3063,#3064);
#3063 = CARTESIAN_POINT('',(9.774966623548,6.600067204694,
    -1.700148534775E-02));
#3064 = VECTOR('',#3065,1.);
#3065 = DIRECTION('',(-1.19248806385E-08,1.,0.));
#3066 = ORIENTED_EDGE('',*,*,#3067,.T.);
#3067 = EDGE_CURVE('',#3060,#3068,#3070,.T.);
#3068 = VERTEX_POINT('',#3069);
#3069 = CARTESIAN_POINT('',(11.024966618921,6.9880672196,
    -1.700148534775E-02));
#3070 = LINE('',#3071,#3072);
#3071 = CARTESIAN_POINT('',(9.762966618921,6.988067204551,
    -1.700148534775E-02));
#3072 = VECTOR('',#3073,1.);
#3073 = DIRECTION('',(1.,1.19248806385E-08,-8.510221134109E-17));
#3074 = ORIENTED_EDGE('',*,*,#3075,.T.);
#3075 = EDGE_CURVE('',#3068,#3050,#3076,.T.);
#3076 = LINE('',#3077,#3078);
#3077 = CARTESIAN_POINT('',(11.024966623548,6.6000672196,
    -1.700148534775E-02));
#3078 = VECTOR('',#3079,1.);
#3079 = DIRECTION('',(1.19248806385E-08,-1.,0.));
#3080 = PLANE('',#3081);
#3081 = AXIS2_PLACEMENT_3D('',#3082,#3083,#3084);
#3082 = CARTESIAN_POINT('',(9.762966623548,6.600067204551,
    -1.700148534775E-02));
#3083 = DIRECTION('',(8.510221134109E-17,1.014833712315E-24,1.));
#3084 = DIRECTION('',(-1.,-1.19248806385E-08,8.510221134109E-17));
#3085 = ADVANCED_FACE('',(#3086),#3120,.F.);
#3086 = FACE_BOUND('',#3087,.T.);
#3087 = EDGE_LOOP('',(#3088,#3098,#3106,#3114));
#3088 = ORIENTED_EDGE('',*,*,#3089,.T.);
#3089 = EDGE_CURVE('',#3090,#3092,#3094,.T.);
#3090 = VERTEX_POINT('',#3091);
#3091 = CARTESIAN_POINT('',(11.024966618778,7.0000672196,1.244998514652)
  );
#3092 = VERTEX_POINT('',#3093);
#3093 = CARTESIAN_POINT('',(11.024966618778,7.0000672196,
    -5.001485347748E-03));
#3094 = LINE('',#3095,#3096);
#3095 = CARTESIAN_POINT('',(11.024966618778,7.0000672196,1.244998514652)
  );
#3096 = VECTOR('',#3097,1.);
#3097 = DIRECTION('',(-0.,0.,-1.));
#3098 = ORIENTED_EDGE('',*,*,#3099,.T.);
#3099 = EDGE_CURVE('',#3092,#3100,#3102,.T.);
#3100 = VERTEX_POINT('',#3101);
#3101 = CARTESIAN_POINT('',(9.774966618778,7.000067204694,
    -5.001485347748E-03));
#3102 = LINE('',#3103,#3104);
#3103 = CARTESIAN_POINT('',(9.774966618778,7.000067204694,
    -5.001485347748E-03));
#3104 = VECTOR('',#3105,1.);
#3105 = DIRECTION('',(-1.,-1.19248806385E-08,8.510221134109E-17));
#3106 = ORIENTED_EDGE('',*,*,#3107,.T.);
#3107 = EDGE_CURVE('',#3100,#3108,#3110,.T.);
#3108 = VERTEX_POINT('',#3109);
#3109 = CARTESIAN_POINT('',(9.774966618778,7.000067204694,1.244998514652
    ));
#3110 = LINE('',#3111,#3112);
#3111 = CARTESIAN_POINT('',(9.774966618778,7.000067204694,1.244998514652
    ));
#3112 = VECTOR('',#3113,1.);
#3113 = DIRECTION('',(0.,0.,1.));
#3114 = ORIENTED_EDGE('',*,*,#3115,.T.);
#3115 = EDGE_CURVE('',#3108,#3090,#3116,.T.);
#3116 = LINE('',#3117,#3118);
#3117 = CARTESIAN_POINT('',(9.774966618778,7.000067204694,1.244998514652
    ));
#3118 = VECTOR('',#3119,1.);
#3119 = DIRECTION('',(1.,1.19248806385E-08,8.510221134109E-17));
#3120 = PLANE('',#3121);
#3121 = AXIS2_PLACEMENT_3D('',#3122,#3123,#3124);
#3122 = CARTESIAN_POINT('',(9.774966618778,7.000067204694,1.244998514652
    ));
#3123 = DIRECTION('',(1.19248806385E-08,-1.,0.));
#3124 = DIRECTION('',(0.,0.,-1.));
#3125 = ADVANCED_FACE('',(#3126),#3144,.T.);
#3126 = FACE_BOUND('',#3127,.T.);
#3127 = EDGE_LOOP('',(#3128,#3135,#3136,#3143));
#3128 = ORIENTED_EDGE('',*,*,#3129,.F.);
#3129 = EDGE_CURVE('',#3012,#3100,#3130,.T.);
#3130 = CIRCLE('',#3131,1.2E-02);
#3131 = AXIS2_PLACEMENT_3D('',#3132,#3133,#3134);
#3132 = CARTESIAN_POINT('',(9.774966618921,6.988067204694,
    -5.001485347748E-03));
#3133 = DIRECTION('',(0.,0.,-1.));
#3134 = DIRECTION('',(-1.19248806385E-08,1.,0.));
#3135 = ORIENTED_EDGE('',*,*,#3009,.F.);
#3136 = ORIENTED_EDGE('',*,*,#3137,.F.);
#3137 = EDGE_CURVE('',#3108,#3010,#3138,.T.);
#3138 = CIRCLE('',#3139,1.2E-02);
#3139 = AXIS2_PLACEMENT_3D('',#3140,#3141,#3142);
#3140 = CARTESIAN_POINT('',(9.774966618921,6.988067204694,1.244998514652
    ));
#3141 = DIRECTION('',(-0.,0.,1.));
#3142 = DIRECTION('',(1.19248806385E-08,-1.,0.));
#3143 = ORIENTED_EDGE('',*,*,#3107,.F.);
#3144 = CYLINDRICAL_SURFACE('',#3145,1.2E-02);
#3145 = AXIS2_PLACEMENT_3D('',#3146,#3147,#3148);
#3146 = CARTESIAN_POINT('',(9.774966618921,6.988067204694,1.256998514652
    ));
#3147 = DIRECTION('',(0.,0.,-1.));
#3148 = DIRECTION('',(-1.19248806385E-08,1.,0.));
#3149 = ADVANCED_FACE('',(#3150),#3167,.T.);
#3150 = FACE_BOUND('',#3151,.T.);
#3151 = EDGE_LOOP('',(#3152,#3159,#3160));
#3152 = ORIENTED_EDGE('',*,*,#3153,.F.);
#3153 = EDGE_CURVE('',#3012,#3060,#3154,.T.);
#3154 = CIRCLE('',#3155,1.2E-02);
#3155 = AXIS2_PLACEMENT_3D('',#3156,#3157,#3158);
#3156 = CARTESIAN_POINT('',(9.774966618921,6.988067204694,
    -5.001485347748E-03));
#3157 = DIRECTION('',(1.19248806385E-08,-1.,0.));
#3158 = DIRECTION('',(0.,0.,1.));
#3159 = ORIENTED_EDGE('',*,*,#3129,.T.);
#3160 = ORIENTED_EDGE('',*,*,#3161,.F.);
#3161 = EDGE_CURVE('',#3060,#3100,#3162,.T.);
#3162 = CIRCLE('',#3163,1.2E-02);
#3163 = AXIS2_PLACEMENT_3D('',#3164,#3165,#3166);
#3164 = CARTESIAN_POINT('',(9.774966618921,6.988067204694,
    -5.001485347748E-03));
#3165 = DIRECTION('',(1.,1.19248806385E-08,-1.411721578757E-16));
#3166 = DIRECTION('',(-1.411721578757E-16,-1.683461132148E-24,-1.));
#3167 = SPHERICAL_SURFACE('',#3168,1.2E-02);
#3168 = AXIS2_PLACEMENT_3D('',#3169,#3170,#3171);
#3169 = CARTESIAN_POINT('',(9.774966618921,6.988067204694,
    -5.001485347748E-03));
#3170 = DIRECTION('',(1.,1.19248806385E-08,0.));
#3171 = DIRECTION('',(1.19248806385E-08,-1.,0.));
#3172 = ADVANCED_FACE('',(#3173),#3190,.T.);
#3173 = FACE_BOUND('',#3174,.T.);
#3174 = EDGE_LOOP('',(#3175,#3182,#3183));
#3175 = ORIENTED_EDGE('',*,*,#3176,.F.);
#3176 = EDGE_CURVE('',#3108,#2988,#3177,.T.);
#3177 = CIRCLE('',#3178,1.2E-02);
#3178 = AXIS2_PLACEMENT_3D('',#3179,#3180,#3181);
#3179 = CARTESIAN_POINT('',(9.774966618921,6.988067204694,1.244998514652
    ));
#3180 = DIRECTION('',(1.,1.19248806385E-08,1.411721578757E-16));
#3181 = DIRECTION('',(1.411721578757E-16,1.683461132148E-24,-1.));
#3182 = ORIENTED_EDGE('',*,*,#3137,.T.);
#3183 = ORIENTED_EDGE('',*,*,#3184,.F.);
#3184 = EDGE_CURVE('',#2988,#3010,#3185,.T.);
#3185 = CIRCLE('',#3186,1.2E-02);
#3186 = AXIS2_PLACEMENT_3D('',#3187,#3188,#3189);
#3187 = CARTESIAN_POINT('',(9.774966618921,6.988067204694,1.244998514652
    ));
#3188 = DIRECTION('',(1.19248806385E-08,-1.,0.));
#3189 = DIRECTION('',(0.,0.,1.));
#3190 = SPHERICAL_SURFACE('',#3191,1.2E-02);
#3191 = AXIS2_PLACEMENT_3D('',#3192,#3193,#3194);
#3192 = CARTESIAN_POINT('',(9.774966618921,6.988067204694,1.244998514652
    ));
#3193 = DIRECTION('',(1.,1.19248806385E-08,0.));
#3194 = DIRECTION('',(1.19248806385E-08,-1.,0.));
#3195 = ADVANCED_FACE('',(#3196),#3208,.T.);
#3196 = FACE_BOUND('',#3197,.T.);
#3197 = EDGE_LOOP('',(#3198,#3199,#3200,#3207));
#3198 = ORIENTED_EDGE('',*,*,#3161,.T.);
#3199 = ORIENTED_EDGE('',*,*,#3099,.F.);
#3200 = ORIENTED_EDGE('',*,*,#3201,.F.);
#3201 = EDGE_CURVE('',#3068,#3092,#3202,.T.);
#3202 = CIRCLE('',#3203,1.2E-02);
#3203 = AXIS2_PLACEMENT_3D('',#3204,#3205,#3206);
#3204 = CARTESIAN_POINT('',(11.024966618921,6.9880672196,
    -5.001485347748E-03));
#3205 = DIRECTION('',(1.,1.19248806385E-08,-0.));
#3206 = DIRECTION('',(0.,0.,1.));
#3207 = ORIENTED_EDGE('',*,*,#3067,.F.);
#3208 = CYLINDRICAL_SURFACE('',#3209,1.2E-02);
#3209 = AXIS2_PLACEMENT_3D('',#3210,#3211,#3212);
#3210 = CARTESIAN_POINT('',(9.762966618921,6.988067204551,
    -5.001485347748E-03));
#3211 = DIRECTION('',(1.,1.19248806385E-08,-8.510221134109E-17));
#3212 = DIRECTION('',(8.510221134109E-17,1.014833712315E-24,1.));
#3213 = ADVANCED_FACE('',(#3214),#3226,.T.);
#3214 = FACE_BOUND('',#3215,.T.);
#3215 = EDGE_LOOP('',(#3216,#3217,#3218,#3225));
#3216 = ORIENTED_EDGE('',*,*,#3153,.T.);
#3217 = ORIENTED_EDGE('',*,*,#3059,.F.);
#3218 = ORIENTED_EDGE('',*,*,#3219,.F.);
#3219 = EDGE_CURVE('',#3020,#3052,#3220,.T.);
#3220 = CIRCLE('',#3221,1.2E-02);
#3221 = AXIS2_PLACEMENT_3D('',#3222,#3223,#3224);
#3222 = CARTESIAN_POINT('',(9.774966623405,6.612067204694,
    -5.001485347748E-03));
#3223 = DIRECTION('',(1.19248806385E-08,-1.,0.));
#3224 = DIRECTION('',(0.,0.,-1.));
#3225 = ORIENTED_EDGE('',*,*,#3019,.F.);
#3226 = CYLINDRICAL_SURFACE('',#3227,1.2E-02);
#3227 = AXIS2_PLACEMENT_3D('',#3228,#3229,#3230);
#3228 = CARTESIAN_POINT('',(9.774966623548,6.600067204694,
    -5.001485347748E-03));
#3229 = DIRECTION('',(-1.19248806385E-08,1.,0.));
#3230 = DIRECTION('',(0.,0.,1.));
#3231 = ADVANCED_FACE('',(#3232),#3250,.T.);
#3232 = FACE_BOUND('',#3233,.T.);
#3233 = EDGE_LOOP('',(#3234,#3241,#3242,#3249));
#3234 = ORIENTED_EDGE('',*,*,#3235,.F.);
#3235 = EDGE_CURVE('',#3028,#2230,#3236,.T.);
#3236 = CIRCLE('',#3237,1.2E-02);
#3237 = AXIS2_PLACEMENT_3D('',#3238,#3239,#3240);
#3238 = CARTESIAN_POINT('',(9.774966623405,6.612067204694,1.244998514652
    ));
#3239 = DIRECTION('',(-0.,0.,1.));
#3240 = DIRECTION('',(1.19248806385E-08,-1.,0.));
#3241 = ORIENTED_EDGE('',*,*,#3027,.F.);
#3242 = ORIENTED_EDGE('',*,*,#3243,.F.);
#3243 = EDGE_CURVE('',#2270,#3020,#3244,.T.);
#3244 = CIRCLE('',#3245,1.2E-02);
#3245 = AXIS2_PLACEMENT_3D('',#3246,#3247,#3248);
#3246 = CARTESIAN_POINT('',(9.774966623405,6.612067204694,
    -5.001485347748E-03));
#3247 = DIRECTION('',(-9.035018104046E-15,-1.077415124575E-22,-1.));
#3248 = DIRECTION('',(1.,1.19248806385E-08,-9.035018104046E-15));
#3249 = ORIENTED_EDGE('',*,*,#2269,.T.);
#3250 = CYLINDRICAL_SURFACE('',#3251,1.2E-02);
#3251 = AXIS2_PLACEMENT_3D('',#3252,#3253,#3254);
#3252 = CARTESIAN_POINT('',(9.774966623405,6.612067204694,1.256998514652
    ));
#3253 = DIRECTION('',(0.,0.,-1.));
#3254 = DIRECTION('',(-1.19248806385E-08,1.,0.));
#3255 = ADVANCED_FACE('',(#3256),#3268,.T.);
#3256 = FACE_BOUND('',#3257,.T.);
#3257 = EDGE_LOOP('',(#3258,#3259,#3260,#3267));
#3258 = ORIENTED_EDGE('',*,*,#3184,.T.);
#3259 = ORIENTED_EDGE('',*,*,#3035,.F.);
#3260 = ORIENTED_EDGE('',*,*,#3261,.F.);
#3261 = EDGE_CURVE('',#2970,#3028,#3262,.T.);
#3262 = CIRCLE('',#3263,1.2E-02);
#3263 = AXIS2_PLACEMENT_3D('',#3264,#3265,#3266);
#3264 = CARTESIAN_POINT('',(9.774966623405,6.612067204694,1.244998514652
    ));
#3265 = DIRECTION('',(1.19248806385E-08,-1.,0.));
#3266 = DIRECTION('',(0.,0.,-1.));
#3267 = ORIENTED_EDGE('',*,*,#2995,.F.);
#3268 = CYLINDRICAL_SURFACE('',#3269,1.2E-02);
#3269 = AXIS2_PLACEMENT_3D('',#3270,#3271,#3272);
#3270 = CARTESIAN_POINT('',(9.774966623548,6.600067204694,1.244998514652
    ));
#3271 = DIRECTION('',(-1.19248806385E-08,1.,0.));
#3272 = DIRECTION('',(0.,0.,1.));
#3273 = ADVANCED_FACE('',(#3274),#3286,.T.);
#3274 = FACE_BOUND('',#3275,.T.);
#3275 = EDGE_LOOP('',(#3276,#3277,#3278,#3285));
#3276 = ORIENTED_EDGE('',*,*,#3176,.T.);
#3277 = ORIENTED_EDGE('',*,*,#2987,.F.);
#3278 = ORIENTED_EDGE('',*,*,#3279,.F.);
#3279 = EDGE_CURVE('',#3090,#2980,#3280,.T.);
#3280 = CIRCLE('',#3281,1.2E-02);
#3281 = AXIS2_PLACEMENT_3D('',#3282,#3283,#3284);
#3282 = CARTESIAN_POINT('',(11.024966618921,6.9880672196,1.244998514652)
  );
#3283 = DIRECTION('',(1.,1.19248806385E-08,-0.));
#3284 = DIRECTION('',(0.,0.,1.));
#3285 = ORIENTED_EDGE('',*,*,#3115,.F.);
#3286 = CYLINDRICAL_SURFACE('',#3287,1.2E-02);
#3287 = AXIS2_PLACEMENT_3D('',#3288,#3289,#3290);
#3288 = CARTESIAN_POINT('',(11.036966618921,6.988067219743,
    1.244998514652));
#3289 = DIRECTION('',(-1.,-1.19248806385E-08,-8.510221134109E-17));
#3290 = DIRECTION('',(8.510221134109E-17,1.014833712315E-24,-1.));
#3291 = ADVANCED_FACE('',(#3292),#3310,.T.);
#3292 = FACE_BOUND('',#3293,.T.);
#3293 = EDGE_LOOP('',(#3294,#3301,#3302,#3309));
#3294 = ORIENTED_EDGE('',*,*,#3295,.F.);
#3295 = EDGE_CURVE('',#3092,#2940,#3296,.T.);
#3296 = CIRCLE('',#3297,1.2E-02);
#3297 = AXIS2_PLACEMENT_3D('',#3298,#3299,#3300);
#3298 = CARTESIAN_POINT('',(11.024966618921,6.9880672196,
    -5.001485347748E-03));
#3299 = DIRECTION('',(0.,0.,-1.));
#3300 = DIRECTION('',(-1.19248806385E-08,1.,0.));
#3301 = ORIENTED_EDGE('',*,*,#3089,.F.);
#3302 = ORIENTED_EDGE('',*,*,#3303,.F.);
#3303 = EDGE_CURVE('',#2948,#3090,#3304,.T.);
#3304 = CIRCLE('',#3305,1.2E-02);
#3305 = AXIS2_PLACEMENT_3D('',#3306,#3307,#3308);
#3306 = CARTESIAN_POINT('',(11.024966618921,6.9880672196,1.244998514652)
  );
#3307 = DIRECTION('',(-0.,0.,1.));
#3308 = DIRECTION('',(1.19248806385E-08,-1.,0.));
#3309 = ORIENTED_EDGE('',*,*,#2947,.F.);
#3310 = CYLINDRICAL_SURFACE('',#3311,1.2E-02);
#3311 = AXIS2_PLACEMENT_3D('',#3312,#3313,#3314);
#3312 = CARTESIAN_POINT('',(11.024966618921,6.9880672196,
    -1.700148534775E-02));
#3313 = DIRECTION('',(0.,0.,1.));
#3314 = DIRECTION('',(1.19248806385E-08,-1.,0.));
#3315 = ADVANCED_FACE('',(#3316),#3327,.T.);
#3316 = FACE_BOUND('',#3317,.T.);
#3317 = EDGE_LOOP('',(#3318,#3319,#3320));
#3318 = ORIENTED_EDGE('',*,*,#3201,.T.);
#3319 = ORIENTED_EDGE('',*,*,#3295,.T.);
#3320 = ORIENTED_EDGE('',*,*,#3321,.F.);
#3321 = EDGE_CURVE('',#3068,#2940,#3322,.T.);
#3322 = CIRCLE('',#3323,1.2E-02);
#3323 = AXIS2_PLACEMENT_3D('',#3324,#3325,#3326);
#3324 = CARTESIAN_POINT('',(11.024966618921,6.9880672196,
    -5.001485347748E-03));
#3325 = DIRECTION('',(1.19248806385E-08,-1.,0.));
#3326 = DIRECTION('',(0.,0.,1.));
#3327 = SPHERICAL_SURFACE('',#3328,1.2E-02);
#3328 = AXIS2_PLACEMENT_3D('',#3329,#3330,#3331);
#3329 = CARTESIAN_POINT('',(11.024966618921,6.9880672196,
    -5.001485347748E-03));
#3330 = DIRECTION('',(1.,1.19248806385E-08,0.));
#3331 = DIRECTION('',(1.19248806385E-08,-1.,0.));
#3332 = ADVANCED_FACE('',(#3333),#3344,.T.);
#3333 = FACE_BOUND('',#3334,.T.);
#3334 = EDGE_LOOP('',(#3335,#3336,#3337));
#3335 = ORIENTED_EDGE('',*,*,#3243,.T.);
#3336 = ORIENTED_EDGE('',*,*,#3219,.T.);
#3337 = ORIENTED_EDGE('',*,*,#3338,.F.);
#3338 = EDGE_CURVE('',#2270,#3052,#3339,.T.);
#3339 = CIRCLE('',#3340,1.2E-02);
#3340 = AXIS2_PLACEMENT_3D('',#3341,#3342,#3343);
#3341 = CARTESIAN_POINT('',(9.774966623405,6.612067204694,
    -5.001485347748E-03));
#3342 = DIRECTION('',(1.,1.192488685008E-08,-1.411721578757E-16));
#3343 = DIRECTION('',(1.192488685008E-08,-1.,-1.751623080406E-46));
#3344 = SPHERICAL_SURFACE('',#3345,1.2E-02);
#3345 = AXIS2_PLACEMENT_3D('',#3346,#3347,#3348);
#3346 = CARTESIAN_POINT('',(9.774966623405,6.612067204694,
    -5.001485347748E-03));
#3347 = DIRECTION('',(1.,1.19248806385E-08,0.));
#3348 = DIRECTION('',(1.19248806385E-08,-1.,0.));
#3349 = ADVANCED_FACE('',(#3350),#3361,.T.);
#3350 = FACE_BOUND('',#3351,.T.);
#3351 = EDGE_LOOP('',(#3352,#3353,#3354));
#3352 = ORIENTED_EDGE('',*,*,#3261,.T.);
#3353 = ORIENTED_EDGE('',*,*,#3235,.T.);
#3354 = ORIENTED_EDGE('',*,*,#3355,.F.);
#3355 = EDGE_CURVE('',#2970,#2230,#3356,.T.);
#3356 = CIRCLE('',#3357,1.2E-02);
#3357 = AXIS2_PLACEMENT_3D('',#3358,#3359,#3360);
#3358 = CARTESIAN_POINT('',(9.774966623405,6.612067204694,1.244998514652
    ));
#3359 = DIRECTION('',(1.,1.19248806385E-08,6.352747104407E-15));
#3360 = DIRECTION('',(6.352747104407E-15,7.575575094665E-23,-1.));
#3361 = SPHERICAL_SURFACE('',#3362,1.2E-02);
#3362 = AXIS2_PLACEMENT_3D('',#3363,#3364,#3365);
#3363 = CARTESIAN_POINT('',(9.774966623405,6.612067204694,1.244998514652
    ));
#3364 = DIRECTION('',(1.,1.19248806385E-08,0.));
#3365 = DIRECTION('',(1.19248806385E-08,-1.,0.));
#3366 = ADVANCED_FACE('',(#3367),#3378,.T.);
#3367 = FACE_BOUND('',#3368,.T.);
#3368 = EDGE_LOOP('',(#3369,#3370,#3371));
#3369 = ORIENTED_EDGE('',*,*,#3303,.T.);
#3370 = ORIENTED_EDGE('',*,*,#3279,.T.);
#3371 = ORIENTED_EDGE('',*,*,#3372,.F.);
#3372 = EDGE_CURVE('',#2948,#2980,#3373,.T.);
#3373 = CIRCLE('',#3374,1.2E-02);
#3374 = AXIS2_PLACEMENT_3D('',#3375,#3376,#3377);
#3375 = CARTESIAN_POINT('',(11.024966618921,6.9880672196,1.244998514652)
  );
#3376 = DIRECTION('',(1.19248806385E-08,-1.,0.));
#3377 = DIRECTION('',(0.,0.,1.));
#3378 = SPHERICAL_SURFACE('',#3379,1.2E-02);
#3379 = AXIS2_PLACEMENT_3D('',#3380,#3381,#3382);
#3380 = CARTESIAN_POINT('',(11.024966618921,6.9880672196,1.244998514652)
  );
#3381 = DIRECTION('',(1.,1.19248806385E-08,0.));
#3382 = DIRECTION('',(1.19248806385E-08,-1.,0.));
#3383 = ADVANCED_FACE('',(#3384),#3396,.T.);
#3384 = FACE_BOUND('',#3385,.T.);
#3385 = EDGE_LOOP('',(#3386,#3387,#3388,#3395));
#3386 = ORIENTED_EDGE('',*,*,#3321,.T.);
#3387 = ORIENTED_EDGE('',*,*,#2939,.F.);
#3388 = ORIENTED_EDGE('',*,*,#3389,.F.);
#3389 = EDGE_CURVE('',#3050,#2932,#3390,.T.);
#3390 = CIRCLE('',#3391,1.2E-02);
#3391 = AXIS2_PLACEMENT_3D('',#3392,#3393,#3394);
#3392 = CARTESIAN_POINT('',(11.024966623405,6.6120672196,
    -5.001485347748E-03));
#3393 = DIRECTION('',(1.19248806385E-08,-1.,0.));
#3394 = DIRECTION('',(0.,0.,-1.));
#3395 = ORIENTED_EDGE('',*,*,#3075,.F.);
#3396 = CYLINDRICAL_SURFACE('',#3397,1.2E-02);
#3397 = AXIS2_PLACEMENT_3D('',#3398,#3399,#3400);
#3398 = CARTESIAN_POINT('',(11.024966623548,6.6000672196,
    -5.001485347748E-03));
#3399 = DIRECTION('',(-1.19248806385E-08,1.,0.));
#3400 = DIRECTION('',(0.,0.,1.));
#3401 = ADVANCED_FACE('',(#3402),#3414,.T.);
#3402 = FACE_BOUND('',#3403,.T.);
#3403 = EDGE_LOOP('',(#3404,#3405,#3406,#3413));
#3404 = ORIENTED_EDGE('',*,*,#3338,.T.);
#3405 = ORIENTED_EDGE('',*,*,#3049,.F.);
#3406 = ORIENTED_EDGE('',*,*,#3407,.F.);
#3407 = EDGE_CURVE('',#2301,#3050,#3408,.T.);
#3408 = CIRCLE('',#3409,1.2E-02);
#3409 = AXIS2_PLACEMENT_3D('',#3410,#3411,#3412);
#3410 = CARTESIAN_POINT('',(11.024966623405,6.6120672196,
    -5.001485347748E-03));
#3411 = DIRECTION('',(1.,1.19248806385E-08,-0.));
#3412 = DIRECTION('',(0.,0.,1.));
#3413 = ORIENTED_EDGE('',*,*,#2300,.T.);
#3414 = CYLINDRICAL_SURFACE('',#3415,1.2E-02);
#3415 = AXIS2_PLACEMENT_3D('',#3416,#3417,#3418);
#3416 = CARTESIAN_POINT('',(11.036966623405,6.612067219743,
    -5.001485347748E-03));
#3417 = DIRECTION('',(1.,1.19248806385E-08,-8.510221134109E-17));
#3418 = DIRECTION('',(8.510221134109E-17,1.014833712315E-24,1.));
#3419 = ADVANCED_FACE('',(#3420),#3432,.T.);
#3420 = FACE_BOUND('',#3421,.T.);
#3421 = EDGE_LOOP('',(#3422,#3423,#3424,#3431));
#3422 = ORIENTED_EDGE('',*,*,#3355,.T.);
#3423 = ORIENTED_EDGE('',*,*,#2229,.T.);
#3424 = ORIENTED_EDGE('',*,*,#3425,.F.);
#3425 = EDGE_CURVE('',#2972,#2232,#3426,.T.);
#3426 = CIRCLE('',#3427,1.2E-02);
#3427 = AXIS2_PLACEMENT_3D('',#3428,#3429,#3430);
#3428 = CARTESIAN_POINT('',(11.024966623405,6.6120672196,1.244998514652)
  );
#3429 = DIRECTION('',(1.,1.19248806385E-08,-0.));
#3430 = DIRECTION('',(0.,0.,1.));
#3431 = ORIENTED_EDGE('',*,*,#2969,.F.);
#3432 = CYLINDRICAL_SURFACE('',#3433,1.2E-02);
#3433 = AXIS2_PLACEMENT_3D('',#3434,#3435,#3436);
#3434 = CARTESIAN_POINT('',(11.036966623405,6.612067219743,
    1.244998514652));
#3435 = DIRECTION('',(-1.,-1.19248806385E-08,-8.510221134109E-17));
#3436 = DIRECTION('',(8.510221134109E-17,1.014833712315E-24,-1.));
#3437 = ADVANCED_FACE('',(#3438),#3450,.T.);
#3438 = FACE_BOUND('',#3439,.T.);
#3439 = EDGE_LOOP('',(#3440,#3441,#3442,#3449));
#3440 = ORIENTED_EDGE('',*,*,#3372,.T.);
#3441 = ORIENTED_EDGE('',*,*,#2979,.F.);
#3442 = ORIENTED_EDGE('',*,*,#3443,.F.);
#3443 = EDGE_CURVE('',#2930,#2972,#3444,.T.);
#3444 = CIRCLE('',#3445,1.2E-02);
#3445 = AXIS2_PLACEMENT_3D('',#3446,#3447,#3448);
#3446 = CARTESIAN_POINT('',(11.024966623405,6.6120672196,1.244998514652)
  );
#3447 = DIRECTION('',(1.19248806385E-08,-1.,0.));
#3448 = DIRECTION('',(0.,0.,-1.));
#3449 = ORIENTED_EDGE('',*,*,#2955,.F.);
#3450 = CYLINDRICAL_SURFACE('',#3451,1.2E-02);
#3451 = AXIS2_PLACEMENT_3D('',#3452,#3453,#3454);
#3452 = CARTESIAN_POINT('',(11.024966623548,6.6000672196,1.244998514652)
  );
#3453 = DIRECTION('',(-1.19248806385E-08,1.,0.));
#3454 = DIRECTION('',(0.,0.,1.));
#3455 = ADVANCED_FACE('',(#3456),#3467,.T.);
#3456 = FACE_BOUND('',#3457,.T.);
#3457 = EDGE_LOOP('',(#3458,#3459,#3460));
#3458 = ORIENTED_EDGE('',*,*,#3407,.T.);
#3459 = ORIENTED_EDGE('',*,*,#3389,.T.);
#3460 = ORIENTED_EDGE('',*,*,#3461,.F.);
#3461 = EDGE_CURVE('',#2301,#2932,#3462,.T.);
#3462 = CIRCLE('',#3463,1.2E-02);
#3463 = AXIS2_PLACEMENT_3D('',#3464,#3465,#3466);
#3464 = CARTESIAN_POINT('',(11.024966623405,6.6120672196,
    -5.001485347748E-03));
#3465 = DIRECTION('',(1.077415124575E-22,-9.035018104046E-15,1.));
#3466 = DIRECTION('',(-1.19248806385E-08,1.,9.035018104046E-15));
#3467 = SPHERICAL_SURFACE('',#3468,1.2E-02);
#3468 = AXIS2_PLACEMENT_3D('',#3469,#3470,#3471);
#3469 = CARTESIAN_POINT('',(11.024966623405,6.6120672196,
    -5.001485347748E-03));
#3470 = DIRECTION('',(1.,1.19248806385E-08,0.));
#3471 = DIRECTION('',(1.19248806385E-08,-1.,0.));
#3472 = ADVANCED_FACE('',(#3473),#3484,.T.);
#3473 = FACE_BOUND('',#3474,.T.);
#3474 = EDGE_LOOP('',(#3475,#3476,#3477));
#3475 = ORIENTED_EDGE('',*,*,#3443,.T.);
#3476 = ORIENTED_EDGE('',*,*,#3425,.T.);
#3477 = ORIENTED_EDGE('',*,*,#3478,.F.);
#3478 = EDGE_CURVE('',#2930,#2232,#3479,.T.);
#3479 = CIRCLE('',#3480,1.2E-02);
#3480 = AXIS2_PLACEMENT_3D('',#3481,#3482,#3483);
#3481 = CARTESIAN_POINT('',(11.024966623405,6.6120672196,1.244998514652)
  );
#3482 = DIRECTION('',(0.,-0.,-1.));
#3483 = DIRECTION('',(1.19248806385E-08,-1.,0.));
#3484 = SPHERICAL_SURFACE('',#3485,1.2E-02);
#3485 = AXIS2_PLACEMENT_3D('',#3486,#3487,#3488);
#3486 = CARTESIAN_POINT('',(11.024966623405,6.6120672196,1.244998514652)
  );
#3487 = DIRECTION('',(1.,1.19248806385E-08,0.));
#3488 = DIRECTION('',(1.19248806385E-08,-1.,0.));
#3489 = ADVANCED_FACE('',(#3490),#3496,.T.);
#3490 = FACE_BOUND('',#3491,.T.);
#3491 = EDGE_LOOP('',(#3492,#3493,#3494,#3495));
#3492 = ORIENTED_EDGE('',*,*,#3461,.T.);
#3493 = ORIENTED_EDGE('',*,*,#2929,.F.);
#3494 = ORIENTED_EDGE('',*,*,#3478,.T.);
#3495 = ORIENTED_EDGE('',*,*,#2331,.T.);
#3496 = CYLINDRICAL_SURFACE('',#3497,1.2E-02);
#3497 = AXIS2_PLACEMENT_3D('',#3498,#3499,#3500);
#3498 = CARTESIAN_POINT('',(11.024966623405,6.6120672196,1.256998514652)
  );
#3499 = DIRECTION('',(0.,0.,1.));
#3500 = DIRECTION('',(1.19248806385E-08,-1.,0.));
#3501 = ( GEOMETRIC_REPRESENTATION_CONTEXT(3) 
GLOBAL_UNCERTAINTY_ASSIGNED_CONTEXT((#3505)) 
GLOBAL_UNIT_ASSIGNED_CONTEXT((#3502,#3503,#3504)) REPRESENTATION_CONTEXT
('Context #1','3D Context with UNIT and UNCERTAINTY') );
#3502 = ( LENGTH_UNIT() NAMED_UNIT(*) SI_UNIT(.MILLI.,.METRE.) );
#3503 = ( NAMED_UNIT(*) PLANE_ANGLE_UNIT() SI_UNIT($,.RADIAN.) );
#3504 = ( NAMED_UNIT(*) SI_UNIT($,.STERADIAN.) SOLID_ANGLE_UNIT() );
#3505 = UNCERTAINTY_MEASURE_WITH_UNIT(LENGTH_MEASURE(1.E-07),#3502,
  'distance_accuracy_value','confusion accuracy');
#3506 = PRODUCT_RELATED_PRODUCT_CATEGORY('part',$,(#2219));
#3507 = SHAPE_DEFINITION_REPRESENTATION(#3508,#3514);
#3508 = PRODUCT_DEFINITION_SHAPE('','',#3509);
#3509 = PRODUCT_DEFINITION('design','',#3510,#3513);
#3510 = PRODUCT_DEFINITION_FORMATION('','',#3511);
#3511 = PRODUCT('Open CASCADE STEP translator 7.5 12',
  'Open CASCADE STEP translator 7.5 12','',(#3512));
#3512 = PRODUCT_CONTEXT('',#2,'mechanical');
#3513 = PRODUCT_DEFINITION_CONTEXT('part definition',#2,'design');
#3514 = ADVANCED_BREP_SHAPE_REPRESENTATION('',(#11,#3515),#6007);
#3515 = MANIFOLD_SOLID_BREP('',#3516);
#3516 = CLOSED_SHELL('',(#3517,#3559,#3599,#3630,#3654,#3678,#3695,#3726
    ,#3852,#3876,#3961,#3992,#4016,#4047,#4139,#4163,#4248,#4279,#4371,
    #4395,#4480,#4511,#4603,#4627,#4712,#4736,#4753,#4784,#4876,#4900,
    #4985,#5016,#5108,#5132,#5217,#5239,#5256,#5273,#5290,#5307,#5324,
    #5341,#5358,#5375,#5387,#5404,#5421,#5438,#5455,#5472,#5489,#5506,
    #5523,#5535,#5552,#5569,#5586,#5603,#5620,#5637,#5654,#5671,#5683,
    #5700,#5722,#5734,#5751,#5768,#5785,#5802,#5819,#5831,#5848,#5870,
    #5882,#5899,#5916,#5933,#5950,#5967,#5979,#5997));
#3517 = ADVANCED_FACE('',(#3518),#3554,.F.);
#3518 = FACE_BOUND('',#3519,.F.);
#3519 = EDGE_LOOP('',(#3520,#3530,#3539,#3547));
#3520 = ORIENTED_EDGE('',*,*,#3521,.T.);
#3521 = EDGE_CURVE('',#3522,#3524,#3526,.T.);
#3522 = VERTEX_POINT('',#3523);
#3523 = CARTESIAN_POINT('',(7.275147919732,4.327246383637,1.000000026222
    ));
#3524 = VERTEX_POINT('',#3525);
#3525 = CARTESIAN_POINT('',(7.275147921918,4.327246383637,1.050000026222
    ));
#3526 = LINE('',#3527,#3528);
#3527 = CARTESIAN_POINT('',(7.275147919732,4.327246383637,1.000000026222
    ));
#3528 = VECTOR('',#3529,1.);
#3529 = DIRECTION('',(4.371140912996E-08,1.91068637704E-15,1.));
#3530 = ORIENTED_EDGE('',*,*,#3531,.T.);
#3531 = EDGE_CURVE('',#3524,#3532,#3534,.T.);
#3532 = VERTEX_POINT('',#3533);
#3533 = CARTESIAN_POINT('',(6.975147921918,4.327246370524,1.050000039336
    ));
#3534 = CIRCLE('',#3535,0.15);
#3535 = AXIS2_PLACEMENT_3D('',#3536,#3537,#3538);
#3536 = CARTESIAN_POINT('',(7.125147921918,4.327246377081,1.050000032779
    ));
#3537 = DIRECTION('',(-4.371140912996E-08,-1.91068637704E-15,-1.));
#3538 = DIRECTION('',(1.,4.371138828674E-08,-4.371140912996E-08));
#3539 = ORIENTED_EDGE('',*,*,#3540,.F.);
#3540 = EDGE_CURVE('',#3541,#3532,#3543,.T.);
#3541 = VERTEX_POINT('',#3542);
#3542 = CARTESIAN_POINT('',(6.975147919732,4.327246370524,1.000000039336
    ));
#3543 = LINE('',#3544,#3545);
#3544 = CARTESIAN_POINT('',(6.975147919732,4.327246370524,1.000000039336
    ));
#3545 = VECTOR('',#3546,1.);
#3546 = DIRECTION('',(4.371140912996E-08,1.91068637704E-15,1.));
#3547 = ORIENTED_EDGE('',*,*,#3548,.T.);
#3548 = EDGE_CURVE('',#3541,#3522,#3549,.T.);
#3549 = CIRCLE('',#3550,0.15);
#3550 = AXIS2_PLACEMENT_3D('',#3551,#3552,#3553);
#3551 = CARTESIAN_POINT('',(7.125147919732,4.327246377081,1.000000032779
    ));
#3552 = DIRECTION('',(4.371140912996E-08,1.91068637704E-15,1.));
#3553 = DIRECTION('',(1.,4.371138828674E-08,-4.371140912996E-08));
#3554 = CYLINDRICAL_SURFACE('',#3555,0.15);
#3555 = AXIS2_PLACEMENT_3D('',#3556,#3557,#3558);
#3556 = CARTESIAN_POINT('',(7.125147919732,4.327246377081,1.000000032779
    ));
#3557 = DIRECTION('',(4.371140912996E-08,1.91068637704E-15,1.));
#3558 = DIRECTION('',(1.,4.371138828674E-08,-4.371140912996E-08));
#3559 = ADVANCED_FACE('',(#3560),#3594,.F.);
#3560 = FACE_BOUND('',#3561,.T.);
#3561 = EDGE_LOOP('',(#3562,#3572,#3580,#3588));
#3562 = ORIENTED_EDGE('',*,*,#3563,.F.);
#3563 = EDGE_CURVE('',#3564,#3566,#3568,.T.);
#3564 = VERTEX_POINT('',#3565);
#3565 = CARTESIAN_POINT('',(7.475042418883,4.049893236871,
    1.748456347129E-08));
#3566 = VERTEX_POINT('',#3567);
#3567 = CARTESIAN_POINT('',(7.475042335831,5.949893236871,
    1.748456358974E-08));
#3568 = LINE('',#3569,#3570);
#3569 = CARTESIAN_POINT('',(7.475042436367,3.649893236871,
    1.748456365198E-08));
#3570 = VECTOR('',#3571,1.);
#3571 = DIRECTION('',(-4.371138828674E-08,1.,1.840849544066E-31));
#3572 = ORIENTED_EDGE('',*,*,#3573,.F.);
#3573 = EDGE_CURVE('',#3574,#3564,#3576,.T.);
#3574 = VERTEX_POINT('',#3575);
#3575 = CARTESIAN_POINT('',(5.575042418883,4.049893153819,
    1.00536240896E-07));
#3576 = LINE('',#3577,#3578);
#3577 = CARTESIAN_POINT('',(7.875042418883,4.049893254355,
    7.363398176263E-32));
#3578 = VECTOR('',#3579,1.);
#3579 = DIRECTION('',(1.,4.371138828674E-08,-4.371140912996E-08));
#3580 = ORIENTED_EDGE('',*,*,#3581,.F.);
#3581 = EDGE_CURVE('',#3582,#3574,#3584,.T.);
#3582 = VERTEX_POINT('',#3583);
#3583 = CARTESIAN_POINT('',(5.575042335831,5.949893153819,
    1.005362408518E-07));
#3584 = LINE('',#3585,#3586);
#3585 = CARTESIAN_POINT('',(5.575042436367,3.649893153819,
    1.005362409989E-07));
#3586 = VECTOR('',#3587,1.);
#3587 = DIRECTION('',(4.371138828674E-08,-1.,-1.840849544066E-31));
#3588 = ORIENTED_EDGE('',*,*,#3589,.F.);
#3589 = EDGE_CURVE('',#3566,#3582,#3590,.T.);
#3590 = LINE('',#3591,#3592);
#3591 = CARTESIAN_POINT('',(7.875042335831,5.949893254355,
    4.233953951351E-31));
#3592 = VECTOR('',#3593,1.);
#3593 = DIRECTION('',(-1.,-4.371138828674E-08,4.371140912996E-08));
#3594 = PLANE('',#3595);
#3595 = AXIS2_PLACEMENT_3D('',#3596,#3597,#3598);
#3596 = CARTESIAN_POINT('',(7.875042436367,3.649893254355,0.));
#3597 = DIRECTION('',(4.371140912996E-08,1.91068637704E-15,1.));
#3598 = DIRECTION('',(1.,4.371138828674E-08,-4.371140912996E-08));
#3599 = ADVANCED_FACE('',(#3600),#3625,.F.);
#3600 = FACE_BOUND('',#3601,.T.);
#3601 = EDGE_LOOP('',(#3602,#3612,#3618,#3619));
#3602 = ORIENTED_EDGE('',*,*,#3603,.F.);
#3603 = EDGE_CURVE('',#3604,#3606,#3608,.T.);
#3604 = VERTEX_POINT('',#3605);
#3605 = CARTESIAN_POINT('',(7.875042335831,6.349893254355,0.4));
#3606 = VERTEX_POINT('',#3607);
#3607 = CARTESIAN_POINT('',(5.175042335831,6.349893136335,0.400000118021
    ));
#3608 = LINE('',#3609,#3610);
#3609 = CARTESIAN_POINT('',(7.875042335831,6.349893254355,0.4));
#3610 = VECTOR('',#3611,1.);
#3611 = DIRECTION('',(-1.,-4.371138820643E-08,4.371140904965E-08));
#3612 = ORIENTED_EDGE('',*,*,#3613,.F.);
#3613 = EDGE_CURVE('',#3566,#3604,#3614,.T.);
#3614 = LINE('',#3615,#3616);
#3615 = CARTESIAN_POINT('',(7.475042335831,5.949893236871,
    1.748456356565E-08));
#3616 = VECTOR('',#3617,1.);
#3617 = DIRECTION('',(0.57735026919,0.577350294426,0.577350243953));
#3618 = ORIENTED_EDGE('',*,*,#3589,.T.);
#3619 = ORIENTED_EDGE('',*,*,#3620,.F.);
#3620 = EDGE_CURVE('',#3606,#3582,#3621,.T.);
#3621 = LINE('',#3622,#3623);
#3622 = CARTESIAN_POINT('',(5.175042335831,6.349893136335,0.400000118021
    ));
#3623 = VECTOR('',#3624,1.);
#3624 = DIRECTION('',(0.57735026919,-0.577350243953,-0.577350294426));
#3625 = PLANE('',#3626);
#3626 = AXIS2_PLACEMENT_3D('',#3627,#3628,#3629);
#3627 = CARTESIAN_POINT('',(7.875042335831,6.349893254355,0.4));
#3628 = DIRECTION('',(6.181725277007E-08,-0.707106781187,0.707106781187)
  );
#3629 = DIRECTION('',(-1.473838496202E-14,-0.707106781187,
    -0.707106781187));
#3630 = ADVANCED_FACE('',(#3631),#3649,.F.);
#3631 = FACE_BOUND('',#3632,.T.);
#3632 = EDGE_LOOP('',(#3633,#3634,#3635,#3643));
#3633 = ORIENTED_EDGE('',*,*,#3563,.T.);
#3634 = ORIENTED_EDGE('',*,*,#3613,.T.);
#3635 = ORIENTED_EDGE('',*,*,#3636,.F.);
#3636 = EDGE_CURVE('',#3637,#3604,#3639,.T.);
#3637 = VERTEX_POINT('',#3638);
#3638 = CARTESIAN_POINT('',(7.875042453852,3.649893254355,0.4));
#3639 = LINE('',#3640,#3641);
#3640 = CARTESIAN_POINT('',(7.875042453852,3.649893254355,0.4));
#3641 = VECTOR('',#3642,1.);
#3642 = DIRECTION('',(-4.371138828674E-08,1.,1.840849544066E-31));
#3643 = ORIENTED_EDGE('',*,*,#3644,.F.);
#3644 = EDGE_CURVE('',#3564,#3637,#3645,.T.);
#3645 = LINE('',#3646,#3647);
#3646 = CARTESIAN_POINT('',(7.475042418883,4.049893236871,
    1.748456348935E-08));
#3647 = VECTOR('',#3648,1.);
#3648 = DIRECTION('',(0.577350319663,-0.577350243953,0.577350243953));
#3649 = PLANE('',#3650);
#3650 = AXIS2_PLACEMENT_3D('',#3651,#3652,#3653);
#3651 = CARTESIAN_POINT('',(7.875042453852,3.649893254355,0.4));
#3652 = DIRECTION('',(-0.707106750278,-3.090861772157E-08,0.707106812095
    ));
#3653 = DIRECTION('',(0.707106812095,3.090862042369E-08,0.707106750278)
  );
#3654 = ADVANCED_FACE('',(#3655),#3673,.F.);
#3655 = FACE_BOUND('',#3656,.T.);
#3656 = EDGE_LOOP('',(#3657,#3658,#3659,#3667));
#3657 = ORIENTED_EDGE('',*,*,#3573,.T.);
#3658 = ORIENTED_EDGE('',*,*,#3644,.T.);
#3659 = ORIENTED_EDGE('',*,*,#3660,.F.);
#3660 = EDGE_CURVE('',#3661,#3637,#3663,.T.);
#3661 = VERTEX_POINT('',#3662);
#3662 = CARTESIAN_POINT('',(5.175042453852,3.649893136335,0.400000118021
    ));
#3663 = LINE('',#3664,#3665);
#3664 = CARTESIAN_POINT('',(5.175042453852,3.649893136335,0.400000118021
    ));
#3665 = VECTOR('',#3666,1.);
#3666 = DIRECTION('',(1.,4.371138828674E-08,-4.371140912995E-08));
#3667 = ORIENTED_EDGE('',*,*,#3668,.F.);
#3668 = EDGE_CURVE('',#3574,#3661,#3669,.T.);
#3669 = LINE('',#3670,#3671);
#3670 = CARTESIAN_POINT('',(5.575042418883,4.049893153819,
    1.005362408363E-07));
#3671 = VECTOR('',#3672,1.);
#3672 = DIRECTION('',(-0.577350218716,-0.577350294426,0.577350294426));
#3673 = PLANE('',#3674);
#3674 = AXIS2_PLACEMENT_3D('',#3675,#3676,#3677);
#3675 = CARTESIAN_POINT('',(5.175042453852,3.649893136335,0.400000118021
    ));
#3676 = DIRECTION('',(1.473837526289E-14,0.707106781187,0.707106781187)
  );
#3677 = DIRECTION('',(6.181725288365E-08,-0.707106781187,0.707106781187)
  );
#3678 = ADVANCED_FACE('',(#3679),#3690,.F.);
#3679 = FACE_BOUND('',#3680,.T.);
#3680 = EDGE_LOOP('',(#3681,#3682,#3683,#3689));
#3681 = ORIENTED_EDGE('',*,*,#3581,.T.);
#3682 = ORIENTED_EDGE('',*,*,#3668,.T.);
#3683 = ORIENTED_EDGE('',*,*,#3684,.F.);
#3684 = EDGE_CURVE('',#3606,#3661,#3685,.T.);
#3685 = LINE('',#3686,#3687);
#3686 = CARTESIAN_POINT('',(5.175042335831,6.349893136335,0.400000118021
    ));
#3687 = VECTOR('',#3688,1.);
#3688 = DIRECTION('',(4.371138836705E-08,-1.,8.031126852544E-17));
#3689 = ORIENTED_EDGE('',*,*,#3620,.T.);
#3690 = PLANE('',#3691);
#3691 = AXIS2_PLACEMENT_3D('',#3692,#3693,#3694);
#3692 = CARTESIAN_POINT('',(5.175042335831,6.349893136335,0.400000118021
    ));
#3693 = DIRECTION('',(0.707106812095,3.090862053727E-08,0.707106750278)
  );
#3694 = DIRECTION('',(0.707106750278,3.090861772157E-08,-0.707106812095)
  );
#3695 = ADVANCED_FACE('',(#3696),#3721,.F.);
#3696 = FACE_BOUND('',#3697,.T.);
#3697 = EDGE_LOOP('',(#3698,#3699,#3707,#3715));
#3698 = ORIENTED_EDGE('',*,*,#3603,.T.);
#3699 = ORIENTED_EDGE('',*,*,#3700,.F.);
#3700 = EDGE_CURVE('',#3701,#3606,#3703,.T.);
#3701 = VERTEX_POINT('',#3702);
#3702 = CARTESIAN_POINT('',(5.175042346759,6.349893136335,0.650000118021
    ));
#3703 = LINE('',#3704,#3705);
#3704 = CARTESIAN_POINT('',(5.175042364243,6.349893136335,1.050000118021
    ));
#3705 = VECTOR('',#3706,1.);
#3706 = DIRECTION('',(-4.371140912996E-08,-1.91068637704E-15,-1.));
#3707 = ORIENTED_EDGE('',*,*,#3708,.F.);
#3708 = EDGE_CURVE('',#3709,#3701,#3711,.T.);
#3709 = VERTEX_POINT('',#3710);
#3710 = CARTESIAN_POINT('',(7.875042346759,6.349893254355,0.65));
#3711 = LINE('',#3712,#3713);
#3712 = CARTESIAN_POINT('',(7.875042346759,6.349893254355,0.65));
#3713 = VECTOR('',#3714,1.);
#3714 = DIRECTION('',(-1.,-4.371138812612E-08,4.371140912996E-08));
#3715 = ORIENTED_EDGE('',*,*,#3716,.F.);
#3716 = EDGE_CURVE('',#3604,#3709,#3717,.T.);
#3717 = LINE('',#3718,#3719);
#3718 = CARTESIAN_POINT('',(7.875042364243,6.349893254355,1.05));
#3719 = VECTOR('',#3720,1.);
#3720 = DIRECTION('',(4.371140912996E-08,1.91068637704E-15,1.));
#3721 = PLANE('',#3722);
#3722 = AXIS2_PLACEMENT_3D('',#3723,#3724,#3725);
#3723 = CARTESIAN_POINT('',(7.875042364243,6.349893254355,1.05));
#3724 = DIRECTION('',(4.371138812612E-08,-1.,7.021037555338E-24));
#3725 = DIRECTION('',(1.,4.371138812612E-08,-4.371140912996E-08));
#3726 = ADVANCED_FACE('',(#3727,#3745,#3779,#3813),#3847,.F.);
#3727 = FACE_BOUND('',#3728,.T.);
#3728 = EDGE_LOOP('',(#3729,#3730,#3731,#3739));
#3729 = ORIENTED_EDGE('',*,*,#3636,.T.);
#3730 = ORIENTED_EDGE('',*,*,#3716,.T.);
#3731 = ORIENTED_EDGE('',*,*,#3732,.F.);
#3732 = EDGE_CURVE('',#3733,#3709,#3735,.T.);
#3733 = VERTEX_POINT('',#3734);
#3734 = CARTESIAN_POINT('',(7.87504246478,3.649893254355,0.65));
#3735 = LINE('',#3736,#3737);
#3736 = CARTESIAN_POINT('',(7.87504246478,3.649893254355,0.65));
#3737 = VECTOR('',#3738,1.);
#3738 = DIRECTION('',(-4.371138828674E-08,1.,1.840849544066E-31));
#3739 = ORIENTED_EDGE('',*,*,#3740,.F.);
#3740 = EDGE_CURVE('',#3637,#3733,#3741,.T.);
#3741 = LINE('',#3742,#3743);
#3742 = CARTESIAN_POINT('',(7.875042482264,3.649893254355,1.05));
#3743 = VECTOR('',#3744,1.);
#3744 = DIRECTION('',(4.371140912996E-08,1.91068637704E-15,1.));
#3745 = FACE_BOUND('',#3746,.T.);
#3746 = EDGE_LOOP('',(#3747,#3757,#3765,#3773));
#3747 = ORIENTED_EDGE('',*,*,#3748,.F.);
#3748 = EDGE_CURVE('',#3749,#3751,#3753,.T.);
#3749 = VERTEX_POINT('',#3750);
#3750 = CARTESIAN_POINT('',(7.875042427406,4.334893254355,0.48));
#3751 = VERTEX_POINT('',#3752);
#3752 = CARTESIAN_POINT('',(7.87504243134,4.334893254355,0.57));
#3753 = LINE('',#3754,#3755);
#3754 = CARTESIAN_POINT('',(7.875042452322,4.334893254355,1.05));
#3755 = VECTOR('',#3756,1.);
#3756 = DIRECTION('',(4.371140912996E-08,1.91068637704E-15,1.));
#3757 = ORIENTED_EDGE('',*,*,#3758,.F.);
#3758 = EDGE_CURVE('',#3759,#3749,#3761,.T.);
#3759 = VERTEX_POINT('',#3760);
#3760 = CARTESIAN_POINT('',(7.875042438771,4.074893254355,0.48));
#3761 = LINE('',#3762,#3763);
#3762 = CARTESIAN_POINT('',(7.875042457349,3.649893254355,0.48));
#3763 = VECTOR('',#3764,1.);
#3764 = DIRECTION('',(-4.371138828674E-08,1.,1.840849544066E-31));
#3765 = ORIENTED_EDGE('',*,*,#3766,.F.);
#3766 = EDGE_CURVE('',#3767,#3759,#3769,.T.);
#3767 = VERTEX_POINT('',#3768);
#3768 = CARTESIAN_POINT('',(7.875042442705,4.074893254355,0.57));
#3769 = LINE('',#3770,#3771);
#3770 = CARTESIAN_POINT('',(7.875042463687,4.074893254355,1.05));
#3771 = VECTOR('',#3772,1.);
#3772 = DIRECTION('',(-4.371140912996E-08,-1.91068637704E-15,-1.));
#3773 = ORIENTED_EDGE('',*,*,#3774,.F.);
#3774 = EDGE_CURVE('',#3751,#3767,#3775,.T.);
#3775 = LINE('',#3776,#3777);
#3776 = CARTESIAN_POINT('',(7.875042461283,3.649893254355,0.57));
#3777 = VECTOR('',#3778,1.);
#3778 = DIRECTION('',(4.371138828674E-08,-1.,-1.840849544066E-31));
#3779 = FACE_BOUND('',#3780,.T.);
#3780 = EDGE_LOOP('',(#3781,#3791,#3799,#3807));
#3781 = ORIENTED_EDGE('',*,*,#3782,.F.);
#3782 = EDGE_CURVE('',#3783,#3785,#3787,.T.);
#3783 = VERTEX_POINT('',#3784);
#3784 = CARTESIAN_POINT('',(7.875042404239,4.864893254355,0.48));
#3785 = VERTEX_POINT('',#3786);
#3786 = CARTESIAN_POINT('',(7.875042408173,4.864893254355,0.57));
#3787 = LINE('',#3788,#3789);
#3788 = CARTESIAN_POINT('',(7.875042429155,4.864893254355,1.05));
#3789 = VECTOR('',#3790,1.);
#3790 = DIRECTION('',(4.371140912996E-08,1.91068637704E-15,1.));
#3791 = ORIENTED_EDGE('',*,*,#3792,.F.);
#3792 = EDGE_CURVE('',#3793,#3783,#3795,.T.);
#3793 = VERTEX_POINT('',#3794);
#3794 = CARTESIAN_POINT('',(7.875042415604,4.604893254355,0.48));
#3795 = LINE('',#3796,#3797);
#3796 = CARTESIAN_POINT('',(7.875042457349,3.649893254355,0.48));
#3797 = VECTOR('',#3798,1.);
#3798 = DIRECTION('',(-4.371138828674E-08,1.,1.840849544066E-31));
#3799 = ORIENTED_EDGE('',*,*,#3800,.F.);
#3800 = EDGE_CURVE('',#3801,#3793,#3803,.T.);
#3801 = VERTEX_POINT('',#3802);
#3802 = CARTESIAN_POINT('',(7.875042419538,4.604893254355,0.57));
#3803 = LINE('',#3804,#3805);
#3804 = CARTESIAN_POINT('',(7.87504244052,4.604893254355,1.05));
#3805 = VECTOR('',#3806,1.);
#3806 = DIRECTION('',(-4.371140912996E-08,-1.91068637704E-15,-1.));
#3807 = ORIENTED_EDGE('',*,*,#3808,.F.);
#3808 = EDGE_CURVE('',#3785,#3801,#3809,.T.);
#3809 = LINE('',#3810,#3811);
#3810 = CARTESIAN_POINT('',(7.875042461283,3.649893254355,0.57));
#3811 = VECTOR('',#3812,1.);
#3812 = DIRECTION('',(4.371138828674E-08,-1.,-1.840849544066E-31));
#3813 = FACE_BOUND('',#3814,.T.);
#3814 = EDGE_LOOP('',(#3815,#3825,#3833,#3841));
#3815 = ORIENTED_EDGE('',*,*,#3816,.F.);
#3816 = EDGE_CURVE('',#3817,#3819,#3821,.T.);
#3817 = VERTEX_POINT('',#3818);
#3818 = CARTESIAN_POINT('',(7.875042357905,5.924893254355,0.48));
#3819 = VERTEX_POINT('',#3820);
#3820 = CARTESIAN_POINT('',(7.875042361839,5.924893254355,0.57));
#3821 = LINE('',#3822,#3823);
#3822 = CARTESIAN_POINT('',(7.875042382821,5.924893254355,1.05));
#3823 = VECTOR('',#3824,1.);
#3824 = DIRECTION('',(4.371140912996E-08,1.91068637704E-15,1.));
#3825 = ORIENTED_EDGE('',*,*,#3826,.F.);
#3826 = EDGE_CURVE('',#3827,#3817,#3829,.T.);
#3827 = VERTEX_POINT('',#3828);
#3828 = CARTESIAN_POINT('',(7.87504236927,5.664893254355,0.48));
#3829 = LINE('',#3830,#3831);
#3830 = CARTESIAN_POINT('',(7.875042457349,3.649893254355,0.48));
#3831 = VECTOR('',#3832,1.);
#3832 = DIRECTION('',(-4.371138828674E-08,1.,1.840849544066E-31));
#3833 = ORIENTED_EDGE('',*,*,#3834,.F.);
#3834 = EDGE_CURVE('',#3835,#3827,#3837,.T.);
#3835 = VERTEX_POINT('',#3836);
#3836 = CARTESIAN_POINT('',(7.875042373204,5.664893254355,0.57));
#3837 = LINE('',#3838,#3839);
#3838 = CARTESIAN_POINT('',(7.875042394186,5.664893254355,1.05));
#3839 = VECTOR('',#3840,1.);
#3840 = DIRECTION('',(-4.371140912996E-08,-1.91068637704E-15,-1.));
#3841 = ORIENTED_EDGE('',*,*,#3842,.F.);
#3842 = EDGE_CURVE('',#3819,#3835,#3843,.T.);
#3843 = LINE('',#3844,#3845);
#3844 = CARTESIAN_POINT('',(7.875042461283,3.649893254355,0.57));
#3845 = VECTOR('',#3846,1.);
#3846 = DIRECTION('',(4.371138828674E-08,-1.,-1.840849544066E-31));
#3847 = PLANE('',#3848);
#3848 = AXIS2_PLACEMENT_3D('',#3849,#3850,#3851);
#3849 = CARTESIAN_POINT('',(7.875042482264,3.649893254355,1.05));
#3850 = DIRECTION('',(-1.,-4.371138828674E-08,4.371140912996E-08));
#3851 = DIRECTION('',(4.371138828674E-08,-1.,-1.840849544066E-31));
#3852 = ADVANCED_FACE('',(#3853),#3871,.F.);
#3853 = FACE_BOUND('',#3854,.T.);
#3854 = EDGE_LOOP('',(#3855,#3856,#3857,#3865));
#3855 = ORIENTED_EDGE('',*,*,#3660,.T.);
#3856 = ORIENTED_EDGE('',*,*,#3740,.T.);
#3857 = ORIENTED_EDGE('',*,*,#3858,.F.);
#3858 = EDGE_CURVE('',#3859,#3733,#3861,.T.);
#3859 = VERTEX_POINT('',#3860);
#3860 = CARTESIAN_POINT('',(5.17504246478,3.649893136335,0.650000118021)
  );
#3861 = LINE('',#3862,#3863);
#3862 = CARTESIAN_POINT('',(5.17504246478,3.649893136335,0.650000118021)
  );
#3863 = VECTOR('',#3864,1.);
#3864 = DIRECTION('',(1.,4.371138828675E-08,-4.371140912996E-08));
#3865 = ORIENTED_EDGE('',*,*,#3866,.F.);
#3866 = EDGE_CURVE('',#3661,#3859,#3867,.T.);
#3867 = LINE('',#3868,#3869);
#3868 = CARTESIAN_POINT('',(5.175042482264,3.649893136335,1.050000118021
    ));
#3869 = VECTOR('',#3870,1.);
#3870 = DIRECTION('',(4.371140912996E-08,1.91068637704E-15,1.));
#3871 = PLANE('',#3872);
#3872 = AXIS2_PLACEMENT_3D('',#3873,#3874,#3875);
#3873 = CARTESIAN_POINT('',(5.175042482264,3.649893136335,1.050000118021
    ));
#3874 = DIRECTION('',(-4.371138828675E-08,1.,6.169387817334E-28));
#3875 = DIRECTION('',(-1.,-4.371138828675E-08,4.371140912996E-08));
#3876 = ADVANCED_FACE('',(#3877,#3888,#3922),#3956,.F.);
#3877 = FACE_BOUND('',#3878,.T.);
#3878 = EDGE_LOOP('',(#3879,#3880,#3881,#3887));
#3879 = ORIENTED_EDGE('',*,*,#3684,.T.);
#3880 = ORIENTED_EDGE('',*,*,#3866,.T.);
#3881 = ORIENTED_EDGE('',*,*,#3882,.F.);
#3882 = EDGE_CURVE('',#3701,#3859,#3883,.T.);
#3883 = LINE('',#3884,#3885);
#3884 = CARTESIAN_POINT('',(5.175042346759,6.349893136335,0.650000118021
    ));
#3885 = VECTOR('',#3886,1.);
#3886 = DIRECTION('',(4.371138844736E-08,-1.,-7.021037923508E-24));
#3887 = ORIENTED_EDGE('',*,*,#3700,.T.);
#3888 = FACE_BOUND('',#3889,.T.);
#3889 = EDGE_LOOP('',(#3890,#3900,#3908,#3916));
#3890 = ORIENTED_EDGE('',*,*,#3891,.F.);
#3891 = EDGE_CURVE('',#3892,#3894,#3896,.T.);
#3892 = VERTEX_POINT('',#3893);
#3893 = CARTESIAN_POINT('',(5.175042438771,4.074893136335,0.480000118021
    ));
#3894 = VERTEX_POINT('',#3895);
#3895 = CARTESIAN_POINT('',(5.175042442705,4.074893136335,0.570000118021
    ));
#3896 = LINE('',#3897,#3898);
#3897 = CARTESIAN_POINT('',(5.175042463687,4.074893136335,1.050000118021
    ));
#3898 = VECTOR('',#3899,1.);
#3899 = DIRECTION('',(4.371140912996E-08,1.91068637704E-15,1.));
#3900 = ORIENTED_EDGE('',*,*,#3901,.F.);
#3901 = EDGE_CURVE('',#3902,#3892,#3904,.T.);
#3902 = VERTEX_POINT('',#3903);
#3903 = CARTESIAN_POINT('',(5.175042404239,4.864893136335,0.480000118021
    ));
#3904 = LINE('',#3905,#3906);
#3905 = CARTESIAN_POINT('',(5.175042339328,6.349893136335,0.480000118021
    ));
#3906 = VECTOR('',#3907,1.);
#3907 = DIRECTION('',(4.371138844736E-08,-1.,-7.021037923508E-24));
#3908 = ORIENTED_EDGE('',*,*,#3909,.F.);
#3909 = EDGE_CURVE('',#3910,#3902,#3912,.T.);
#3910 = VERTEX_POINT('',#3911);
#3911 = CARTESIAN_POINT('',(5.175042408173,4.864893136335,0.570000118021
    ));
#3912 = LINE('',#3913,#3914);
#3913 = CARTESIAN_POINT('',(5.175042429155,4.864893136335,1.050000118021
    ));
#3914 = VECTOR('',#3915,1.);
#3915 = DIRECTION('',(-4.371140912996E-08,-1.91068637704E-15,-1.));
#3916 = ORIENTED_EDGE('',*,*,#3917,.F.);
#3917 = EDGE_CURVE('',#3894,#3910,#3918,.T.);
#3918 = LINE('',#3919,#3920);
#3919 = CARTESIAN_POINT('',(5.175042343262,6.349893136335,0.570000118021
    ));
#3920 = VECTOR('',#3921,1.);
#3921 = DIRECTION('',(-4.371138844736E-08,1.,7.021037923508E-24));
#3922 = FACE_BOUND('',#3923,.T.);
#3923 = EDGE_LOOP('',(#3924,#3934,#3942,#3950));
#3924 = ORIENTED_EDGE('',*,*,#3925,.F.);
#3925 = EDGE_CURVE('',#3926,#3928,#3930,.T.);
#3926 = VERTEX_POINT('',#3927);
#3927 = CARTESIAN_POINT('',(5.175042392437,5.134893136335,0.480000118021
    ));
#3928 = VERTEX_POINT('',#3929);
#3929 = CARTESIAN_POINT('',(5.175042396371,5.134893136335,0.570000118021
    ));
#3930 = LINE('',#3931,#3932);
#3931 = CARTESIAN_POINT('',(5.175042417353,5.134893136335,1.050000118021
    ));
#3932 = VECTOR('',#3933,1.);
#3933 = DIRECTION('',(4.371140912996E-08,1.91068637704E-15,1.));
#3934 = ORIENTED_EDGE('',*,*,#3935,.F.);
#3935 = EDGE_CURVE('',#3936,#3926,#3938,.T.);
#3936 = VERTEX_POINT('',#3937);
#3937 = CARTESIAN_POINT('',(5.175042357905,5.924893136335,0.480000118021
    ));
#3938 = LINE('',#3939,#3940);
#3939 = CARTESIAN_POINT('',(5.175042339328,6.349893136335,0.480000118021
    ));
#3940 = VECTOR('',#3941,1.);
#3941 = DIRECTION('',(4.371138844736E-08,-1.,-7.021037923508E-24));
#3942 = ORIENTED_EDGE('',*,*,#3943,.F.);
#3943 = EDGE_CURVE('',#3944,#3936,#3946,.T.);
#3944 = VERTEX_POINT('',#3945);
#3945 = CARTESIAN_POINT('',(5.175042361839,5.924893136335,0.570000118021
    ));
#3946 = LINE('',#3947,#3948);
#3947 = CARTESIAN_POINT('',(5.175042382821,5.924893136335,1.050000118021
    ));
#3948 = VECTOR('',#3949,1.);
#3949 = DIRECTION('',(-4.371140912996E-08,-1.91068637704E-15,-1.));
#3950 = ORIENTED_EDGE('',*,*,#3951,.F.);
#3951 = EDGE_CURVE('',#3928,#3944,#3952,.T.);
#3952 = LINE('',#3953,#3954);
#3953 = CARTESIAN_POINT('',(5.175042343262,6.349893136335,0.570000118021
    ));
#3954 = VECTOR('',#3955,1.);
#3955 = DIRECTION('',(-4.371138844736E-08,1.,7.021037923508E-24));
#3956 = PLANE('',#3957);
#3957 = AXIS2_PLACEMENT_3D('',#3958,#3959,#3960);
#3958 = CARTESIAN_POINT('',(5.175042364243,6.349893136335,1.050000118021
    ));
#3959 = DIRECTION('',(1.,4.371138844736E-08,-4.371140912996E-08));
#3960 = DIRECTION('',(-4.371138844736E-08,1.,7.021037923508E-24));
#3961 = ADVANCED_FACE('',(#3962),#3987,.T.);
#3962 = FACE_BOUND('',#3963,.T.);
#3963 = EDGE_LOOP('',(#3964,#3972,#3980,#3986));
#3964 = ORIENTED_EDGE('',*,*,#3965,.T.);
#3965 = EDGE_CURVE('',#3701,#3966,#3968,.T.);
#3966 = VERTEX_POINT('',#3967);
#3967 = CARTESIAN_POINT('',(5.575042381728,5.949893153819,1.050000100536
    ));
#3968 = LINE('',#3969,#3970);
#3969 = CARTESIAN_POINT('',(5.175042346759,6.349893136335,0.650000118021
    ));
#3970 = VECTOR('',#3971,1.);
#3971 = DIRECTION('',(0.577350319663,-0.577350243953,0.577350243953));
#3972 = ORIENTED_EDGE('',*,*,#3973,.T.);
#3973 = EDGE_CURVE('',#3966,#3974,#3976,.T.);
#3974 = VERTEX_POINT('',#3975);
#3975 = CARTESIAN_POINT('',(7.475042381728,5.949893236871,1.050000017485
    ));
#3976 = LINE('',#3977,#3978);
#3977 = CARTESIAN_POINT('',(7.875042381728,5.949893254355,1.05));
#3978 = VECTOR('',#3979,1.);
#3979 = DIRECTION('',(1.,4.371138820643E-08,-4.371140921027E-08));
#3980 = ORIENTED_EDGE('',*,*,#3981,.T.);
#3981 = EDGE_CURVE('',#3974,#3709,#3982,.T.);
#3982 = LINE('',#3983,#3984);
#3983 = CARTESIAN_POINT('',(7.475042381728,5.949893236871,1.050000017485
    ));
#3984 = VECTOR('',#3985,1.);
#3985 = DIRECTION('',(0.577350218716,0.577350294426,-0.577350294426));
#3986 = ORIENTED_EDGE('',*,*,#3708,.T.);
#3987 = PLANE('',#3988);
#3988 = AXIS2_PLACEMENT_3D('',#3989,#3990,#3991);
#3989 = CARTESIAN_POINT('',(7.875042381728,5.949893254355,1.05));
#3990 = DIRECTION('',(1.485196229846E-14,0.707106781187,0.707106781187)
  );
#3991 = DIRECTION('',(6.181725288365E-08,-0.707106781187,0.707106781187)
  );
#3992 = ADVANCED_FACE('',(#3993),#4011,.T.);
#3993 = FACE_BOUND('',#3994,.T.);
#3994 = EDGE_LOOP('',(#3995,#3996,#4004,#4010));
#3995 = ORIENTED_EDGE('',*,*,#3981,.F.);
#3996 = ORIENTED_EDGE('',*,*,#3997,.T.);
#3997 = EDGE_CURVE('',#3974,#3998,#4000,.T.);
#3998 = VERTEX_POINT('',#3999);
#3999 = CARTESIAN_POINT('',(7.47504246478,4.049893236871,1.050000017485)
  );
#4000 = LINE('',#4001,#4002);
#4001 = CARTESIAN_POINT('',(7.475042482264,3.649893236871,1.050000017485
    ));
#4002 = VECTOR('',#4003,1.);
#4003 = DIRECTION('',(4.371138828674E-08,-1.,-1.840849544066E-31));
#4004 = ORIENTED_EDGE('',*,*,#4005,.T.);
#4005 = EDGE_CURVE('',#3998,#3733,#4006,.T.);
#4006 = LINE('',#4007,#4008);
#4007 = CARTESIAN_POINT('',(7.47504246478,4.049893236871,1.050000017485)
  );
#4008 = VECTOR('',#4009,1.);
#4009 = DIRECTION('',(0.57735026919,-0.577350243953,-0.577350294426));
#4010 = ORIENTED_EDGE('',*,*,#3732,.T.);
#4011 = PLANE('',#4012);
#4012 = AXIS2_PLACEMENT_3D('',#4013,#4014,#4015);
#4013 = CARTESIAN_POINT('',(7.475042482264,3.649893236871,1.050000017485
    ));
#4014 = DIRECTION('',(0.707106812095,3.090862042369E-08,0.707106750278)
  );
#4015 = DIRECTION('',(0.707106750278,3.090861772157E-08,-0.707106812095)
  );
#4016 = ADVANCED_FACE('',(#4017),#4042,.T.);
#4017 = FACE_BOUND('',#4018,.T.);
#4018 = EDGE_LOOP('',(#4019,#4027,#4028,#4036));
#4019 = ORIENTED_EDGE('',*,*,#4020,.T.);
#4020 = EDGE_CURVE('',#4021,#3751,#4023,.T.);
#4021 = VERTEX_POINT('',#4022);
#4022 = CARTESIAN_POINT('',(7.95004243134,4.334893257634,0.569999996722)
  );
#4023 = LINE('',#4024,#4025);
#4024 = CARTESIAN_POINT('',(7.87504243134,4.334893254355,0.57));
#4025 = VECTOR('',#4026,1.);
#4026 = DIRECTION('',(-1.,-4.371138828674E-08,4.371140912996E-08));
#4027 = ORIENTED_EDGE('',*,*,#3774,.T.);
#4028 = ORIENTED_EDGE('',*,*,#4029,.T.);
#4029 = EDGE_CURVE('',#3767,#4030,#4032,.T.);
#4030 = VERTEX_POINT('',#4031);
#4031 = CARTESIAN_POINT('',(7.950042442705,4.074893257634,0.569999996722
    ));
#4032 = LINE('',#4033,#4034);
#4033 = CARTESIAN_POINT('',(7.875042442705,4.074893254355,0.57));
#4034 = VECTOR('',#4035,1.);
#4035 = DIRECTION('',(1.,4.371138828674E-08,-4.371140912996E-08));
#4036 = ORIENTED_EDGE('',*,*,#4037,.T.);
#4037 = EDGE_CURVE('',#4030,#4021,#4038,.T.);
#4038 = LINE('',#4039,#4040);
#4039 = CARTESIAN_POINT('',(7.95004243134,4.334893257634,0.569999996722)
  );
#4040 = VECTOR('',#4041,1.);
#4041 = DIRECTION('',(-4.371138828674E-08,1.,1.840849544066E-31));
#4042 = PLANE('',#4043);
#4043 = AXIS2_PLACEMENT_3D('',#4044,#4045,#4046);
#4044 = CARTESIAN_POINT('',(7.87504243134,4.334893254355,0.57));
#4045 = DIRECTION('',(4.371140912996E-08,1.91068637704E-15,1.));
#4046 = DIRECTION('',(1.,4.371138828674E-08,-4.371140912996E-08));
#4047 = ADVANCED_FACE('',(#4048),#4134,.T.);
#4048 = FACE_BOUND('',#4049,.T.);
#4049 = EDGE_LOOP('',(#4050,#4060,#4069,#4075,#4076,#4077,#4086,#4094,
    #4103,#4111,#4119,#4127));
#4050 = ORIENTED_EDGE('',*,*,#4051,.T.);
#4051 = EDGE_CURVE('',#4052,#4054,#4056,.T.);
#4052 = VERTEX_POINT('',#4053);
#4053 = CARTESIAN_POINT('',(7.955042413911,4.334893257852,0.171253171106
    ));
#4054 = VERTEX_POINT('',#4055);
#4055 = CARTESIAN_POINT('',(7.955042427188,4.334893257852,0.474999996503
    ));
#4056 = LINE('',#4057,#4058);
#4057 = CARTESIAN_POINT('',(7.955042427188,4.334893257852,0.474999996503
    ));
#4058 = VECTOR('',#4059,1.);
#4059 = DIRECTION('',(4.371140912996E-08,1.91068637704E-15,1.));
#4060 = ORIENTED_EDGE('',*,*,#4061,.T.);
#4061 = EDGE_CURVE('',#4054,#4062,#4064,.T.);
#4062 = VERTEX_POINT('',#4063);
#4063 = CARTESIAN_POINT('',(7.950042427406,4.334893257634,0.479999996722
    ));
#4064 = CIRCLE('',#4065,5.E-03);
#4065 = AXIS2_PLACEMENT_3D('',#4066,#4067,#4068);
#4066 = CARTESIAN_POINT('',(7.950042427188,4.334893257634,0.474999996722
    ));
#4067 = DIRECTION('',(4.371138828675E-08,-1.,-6.172836583354E-28));
#4068 = DIRECTION('',(1.,4.371138828675E-08,-4.371140912996E-08));
#4069 = ORIENTED_EDGE('',*,*,#4070,.T.);
#4070 = EDGE_CURVE('',#4062,#3749,#4071,.T.);
#4071 = LINE('',#4072,#4073);
#4072 = CARTESIAN_POINT('',(7.950042427406,4.334893257634,0.479999996722
    ));
#4073 = VECTOR('',#4074,1.);
#4074 = DIRECTION('',(-1.,-4.371138828675E-08,4.371140912996E-08));
#4075 = ORIENTED_EDGE('',*,*,#3748,.T.);
#4076 = ORIENTED_EDGE('',*,*,#4020,.F.);
#4077 = ORIENTED_EDGE('',*,*,#4078,.T.);
#4078 = EDGE_CURVE('',#4021,#4079,#4081,.T.);
#4079 = VERTEX_POINT('',#4080);
#4080 = CARTESIAN_POINT('',(8.045042427188,4.334893261786,0.474999992569
    ));
#4081 = CIRCLE('',#4082,9.5E-02);
#4082 = AXIS2_PLACEMENT_3D('',#4083,#4084,#4085);
#4083 = CARTESIAN_POINT('',(7.950042427188,4.334893257634,0.474999996722
    ));
#4084 = DIRECTION('',(-4.371138828675E-08,1.,6.172836583354E-28));
#4085 = DIRECTION('',(1.,4.371138828675E-08,-4.37114079887E-08));
#4086 = ORIENTED_EDGE('',*,*,#4087,.T.);
#4087 = EDGE_CURVE('',#4079,#4088,#4090,.T.);
#4088 = VERTEX_POINT('',#4089);
#4089 = CARTESIAN_POINT('',(8.045042414717,4.334893261786,0.18969304626)
  );
#4090 = LINE('',#4091,#4092);
#4091 = CARTESIAN_POINT('',(8.045042427188,4.334893261786,0.474999992569
    ));
#4092 = VECTOR('',#4093,1.);
#4093 = DIRECTION('',(-4.371140912996E-08,-1.91068637704E-15,-1.));
#4094 = ORIENTED_EDGE('',*,*,#4095,.T.);
#4095 = EDGE_CURVE('',#4088,#4096,#4098,.T.);
#4096 = VERTEX_POINT('',#4097);
#4097 = CARTESIAN_POINT('',(8.110648314317,4.334893264654,0.11422208537)
  );
#4098 = CIRCLE('',#4099,7.621265433529E-02);
#4099 = AXIS2_PLACEMENT_3D('',#4100,#4101,#4102);
#4100 = CARTESIAN_POINT('',(8.121255069052,4.334893265118,0.189693042928
    ));
#4101 = DIRECTION('',(4.371138828674E-08,-1.,-3.944304526105E-31));
#4102 = DIRECTION('',(-1.,-4.371138828674E-08,4.371140912996E-08));
#4103 = ORIENTED_EDGE('',*,*,#4104,.T.);
#4104 = EDGE_CURVE('',#4096,#4105,#4107,.T.);
#4105 = VERTEX_POINT('',#4106);
#4106 = CARTESIAN_POINT('',(8.606305197916,4.33489328632,
    4.456203112884E-02));
#4107 = LINE('',#4108,#4109);
#4108 = CARTESIAN_POINT('',(8.110648314317,4.334893264654,0.11422208537)
  );
#4109 = VECTOR('',#4110,1.);
#4110 = DIRECTION('',(0.990268062658,4.32859917948E-08,-0.139173144246)
  );
#4111 = ORIENTED_EDGE('',*,*,#4112,.T.);
#4112 = EDGE_CURVE('',#4105,#4113,#4115,.T.);
#4113 = VERTEX_POINT('',#4114);
#4114 = CARTESIAN_POINT('',(8.593779614934,4.334893285772,
    -4.456209451039E-02));
#4115 = LINE('',#4116,#4117);
#4116 = CARTESIAN_POINT('',(8.606305197916,4.33489328632,
    4.456203112884E-02));
#4117 = VECTOR('',#4118,1.);
#4118 = DIRECTION('',(-0.139173144246,-6.083451347227E-09,
    -0.990268062658));
#4119 = ORIENTED_EDGE('',*,*,#4120,.T.);
#4120 = EDGE_CURVE('',#4113,#4121,#4123,.T.);
#4121 = VERTEX_POINT('',#4122);
#4122 = CARTESIAN_POINT('',(8.079862307995,4.334893263308,
    2.766429568256E-02));
#4123 = LINE('',#4124,#4125);
#4124 = CARTESIAN_POINT('',(8.593779614934,4.334893285772,
    -4.456209451039E-02));
#4125 = VECTOR('',#4126,1.);
#4126 = DIRECTION('',(-0.990268062658,-4.32859917948E-08,0.139173144246)
  );
#4127 = ORIENTED_EDGE('',*,*,#4128,.T.);
#4128 = EDGE_CURVE('',#4121,#4052,#4129,.T.);
#4129 = CIRCLE('',#4130,0.145);
#4130 = AXIS2_PLACEMENT_3D('',#4131,#4132,#4133);
#4131 = CARTESIAN_POINT('',(8.100042413911,4.334893264191,0.171253164768
    ));
#4132 = DIRECTION('',(-4.371138828675E-08,1.,6.172836583354E-28));
#4133 = DIRECTION('',(1.,4.371138828675E-08,-4.371140912996E-08));
#4134 = PLANE('',#4135);
#4135 = AXIS2_PLACEMENT_3D('',#4136,#4137,#4138);
#4136 = CARTESIAN_POINT('',(7.950042427188,4.334893257634,0.474999996722
    ));
#4137 = DIRECTION('',(-4.371138828675E-08,1.,6.169387817334E-28));
#4138 = DIRECTION('',(-1.,-4.371138828675E-08,4.371140912996E-08));
#4139 = ADVANCED_FACE('',(#4140),#4158,.F.);
#4140 = FACE_BOUND('',#4141,.T.);
#4141 = EDGE_LOOP('',(#4142,#4143,#4144,#4152));
#4142 = ORIENTED_EDGE('',*,*,#3758,.T.);
#4143 = ORIENTED_EDGE('',*,*,#4070,.F.);
#4144 = ORIENTED_EDGE('',*,*,#4145,.F.);
#4145 = EDGE_CURVE('',#4146,#4062,#4148,.T.);
#4146 = VERTEX_POINT('',#4147);
#4147 = CARTESIAN_POINT('',(7.950042438771,4.074893257634,0.479999996722
    ));
#4148 = LINE('',#4149,#4150);
#4149 = CARTESIAN_POINT('',(7.950042427406,4.334893257634,0.479999996722
    ));
#4150 = VECTOR('',#4151,1.);
#4151 = DIRECTION('',(-4.371138828674E-08,1.,1.840849544066E-31));
#4152 = ORIENTED_EDGE('',*,*,#4153,.F.);
#4153 = EDGE_CURVE('',#3759,#4146,#4154,.T.);
#4154 = LINE('',#4155,#4156);
#4155 = CARTESIAN_POINT('',(7.875042438771,4.074893254355,0.48));
#4156 = VECTOR('',#4157,1.);
#4157 = DIRECTION('',(1.,4.371138828674E-08,-4.371140912996E-08));
#4158 = PLANE('',#4159);
#4159 = AXIS2_PLACEMENT_3D('',#4160,#4161,#4162);
#4160 = CARTESIAN_POINT('',(7.875042427406,4.334893254355,0.48));
#4161 = DIRECTION('',(4.371140912996E-08,1.91068637704E-15,1.));
#4162 = DIRECTION('',(1.,4.371138828674E-08,-4.371140912996E-08));
#4163 = ADVANCED_FACE('',(#4164),#4243,.F.);
#4164 = FACE_BOUND('',#4165,.T.);
#4165 = EDGE_LOOP('',(#4166,#4176,#4183,#4184,#4185,#4186,#4195,#4203,
    #4212,#4220,#4228,#4236));
#4166 = ORIENTED_EDGE('',*,*,#4167,.F.);
#4167 = EDGE_CURVE('',#4168,#4170,#4172,.T.);
#4168 = VERTEX_POINT('',#4169);
#4169 = CARTESIAN_POINT('',(8.045042438553,4.074893261786,0.474999992569
    ));
#4170 = VERTEX_POINT('',#4171);
#4171 = CARTESIAN_POINT('',(8.045042426082,4.074893261786,0.18969304626)
  );
#4172 = LINE('',#4173,#4174);
#4173 = CARTESIAN_POINT('',(8.045042438553,4.074893261786,0.474999992569
    ));
#4174 = VECTOR('',#4175,1.);
#4175 = DIRECTION('',(-4.371140912996E-08,-1.91068637704E-15,-1.));
#4176 = ORIENTED_EDGE('',*,*,#4177,.F.);
#4177 = EDGE_CURVE('',#4030,#4168,#4178,.T.);
#4178 = CIRCLE('',#4179,9.5E-02);
#4179 = AXIS2_PLACEMENT_3D('',#4180,#4181,#4182);
#4180 = CARTESIAN_POINT('',(7.950042438553,4.074893257634,0.474999996722
    ));
#4181 = DIRECTION('',(-4.371138828675E-08,1.,6.172836583354E-28));
#4182 = DIRECTION('',(1.,4.371138828675E-08,-4.37114079887E-08));
#4183 = ORIENTED_EDGE('',*,*,#4029,.F.);
#4184 = ORIENTED_EDGE('',*,*,#3766,.T.);
#4185 = ORIENTED_EDGE('',*,*,#4153,.T.);
#4186 = ORIENTED_EDGE('',*,*,#4187,.F.);
#4187 = EDGE_CURVE('',#4188,#4146,#4190,.T.);
#4188 = VERTEX_POINT('',#4189);
#4189 = CARTESIAN_POINT('',(7.955042438553,4.074893257852,0.474999996503
    ));
#4190 = CIRCLE('',#4191,5.E-03);
#4191 = AXIS2_PLACEMENT_3D('',#4192,#4193,#4194);
#4192 = CARTESIAN_POINT('',(7.950042438553,4.074893257634,0.474999996722
    ));
#4193 = DIRECTION('',(4.371138828675E-08,-1.,-6.172836583354E-28));
#4194 = DIRECTION('',(1.,4.371138828675E-08,-4.371140912996E-08));
#4195 = ORIENTED_EDGE('',*,*,#4196,.F.);
#4196 = EDGE_CURVE('',#4197,#4188,#4199,.T.);
#4197 = VERTEX_POINT('',#4198);
#4198 = CARTESIAN_POINT('',(7.955042425276,4.074893257852,0.171253171106
    ));
#4199 = LINE('',#4200,#4201);
#4200 = CARTESIAN_POINT('',(7.955042438553,4.074893257852,0.474999996503
    ));
#4201 = VECTOR('',#4202,1.);
#4202 = DIRECTION('',(4.371140912996E-08,1.91068637704E-15,1.));
#4203 = ORIENTED_EDGE('',*,*,#4204,.F.);
#4204 = EDGE_CURVE('',#4205,#4197,#4207,.T.);
#4205 = VERTEX_POINT('',#4206);
#4206 = CARTESIAN_POINT('',(8.07986231936,4.074893263308,
    2.766429568256E-02));
#4207 = CIRCLE('',#4208,0.145);
#4208 = AXIS2_PLACEMENT_3D('',#4209,#4210,#4211);
#4209 = CARTESIAN_POINT('',(8.100042425276,4.074893264191,0.171253164768
    ));
#4210 = DIRECTION('',(-4.371138828675E-08,1.,6.172836583354E-28));
#4211 = DIRECTION('',(1.,4.371138828675E-08,-4.371140912996E-08));
#4212 = ORIENTED_EDGE('',*,*,#4213,.F.);
#4213 = EDGE_CURVE('',#4214,#4205,#4216,.T.);
#4214 = VERTEX_POINT('',#4215);
#4215 = CARTESIAN_POINT('',(8.593779626299,4.074893285772,
    -4.456209451039E-02));
#4216 = LINE('',#4217,#4218);
#4217 = CARTESIAN_POINT('',(8.593779626299,4.074893285772,
    -4.456209451039E-02));
#4218 = VECTOR('',#4219,1.);
#4219 = DIRECTION('',(-0.990268062658,-4.32859917948E-08,0.139173144246)
  );
#4220 = ORIENTED_EDGE('',*,*,#4221,.F.);
#4221 = EDGE_CURVE('',#4222,#4214,#4224,.T.);
#4222 = VERTEX_POINT('',#4223);
#4223 = CARTESIAN_POINT('',(8.606305209281,4.07489328632,
    4.456203112884E-02));
#4224 = LINE('',#4225,#4226);
#4225 = CARTESIAN_POINT('',(8.606305209281,4.07489328632,
    4.456203112884E-02));
#4226 = VECTOR('',#4227,1.);
#4227 = DIRECTION('',(-0.139173144246,-6.083451347227E-09,
    -0.990268062658));
#4228 = ORIENTED_EDGE('',*,*,#4229,.F.);
#4229 = EDGE_CURVE('',#4230,#4222,#4232,.T.);
#4230 = VERTEX_POINT('',#4231);
#4231 = CARTESIAN_POINT('',(8.110648325682,4.074893264654,0.11422208537)
  );
#4232 = LINE('',#4233,#4234);
#4233 = CARTESIAN_POINT('',(8.110648325682,4.074893264654,0.11422208537)
  );
#4234 = VECTOR('',#4235,1.);
#4235 = DIRECTION('',(0.990268062658,4.32859917948E-08,-0.139173144246)
  );
#4236 = ORIENTED_EDGE('',*,*,#4237,.F.);
#4237 = EDGE_CURVE('',#4170,#4230,#4238,.T.);
#4238 = CIRCLE('',#4239,7.621265433529E-02);
#4239 = AXIS2_PLACEMENT_3D('',#4240,#4241,#4242);
#4240 = CARTESIAN_POINT('',(8.121255080417,4.074893265118,0.189693042928
    ));
#4241 = DIRECTION('',(4.371138828674E-08,-1.,-3.944304526105E-31));
#4242 = DIRECTION('',(-1.,-4.371138828674E-08,4.371140912996E-08));
#4243 = PLANE('',#4244);
#4244 = AXIS2_PLACEMENT_3D('',#4245,#4246,#4247);
#4245 = CARTESIAN_POINT('',(7.950042438553,4.074893257634,0.474999996722
    ));
#4246 = DIRECTION('',(-4.371138828675E-08,1.,6.169387817334E-28));
#4247 = DIRECTION('',(-1.,-4.371138828675E-08,4.371140912996E-08));
#4248 = ADVANCED_FACE('',(#4249),#4274,.T.);
#4249 = FACE_BOUND('',#4250,.T.);
#4250 = EDGE_LOOP('',(#4251,#4259,#4260,#4268));
#4251 = ORIENTED_EDGE('',*,*,#4252,.T.);
#4252 = EDGE_CURVE('',#4253,#3785,#4255,.T.);
#4253 = VERTEX_POINT('',#4254);
#4254 = CARTESIAN_POINT('',(7.950042408173,4.864893257634,0.569999996722
    ));
#4255 = LINE('',#4256,#4257);
#4256 = CARTESIAN_POINT('',(7.875042408173,4.864893254355,0.57));
#4257 = VECTOR('',#4258,1.);
#4258 = DIRECTION('',(-1.,-4.371138828674E-08,4.371140912996E-08));
#4259 = ORIENTED_EDGE('',*,*,#3808,.T.);
#4260 = ORIENTED_EDGE('',*,*,#4261,.T.);
#4261 = EDGE_CURVE('',#3801,#4262,#4264,.T.);
#4262 = VERTEX_POINT('',#4263);
#4263 = CARTESIAN_POINT('',(7.950042419538,4.604893257634,0.569999996722
    ));
#4264 = LINE('',#4265,#4266);
#4265 = CARTESIAN_POINT('',(7.875042419538,4.604893254355,0.57));
#4266 = VECTOR('',#4267,1.);
#4267 = DIRECTION('',(1.,4.371138828674E-08,-4.371140912996E-08));
#4268 = ORIENTED_EDGE('',*,*,#4269,.T.);
#4269 = EDGE_CURVE('',#4262,#4253,#4270,.T.);
#4270 = LINE('',#4271,#4272);
#4271 = CARTESIAN_POINT('',(7.950042408173,4.864893257634,0.569999996722
    ));
#4272 = VECTOR('',#4273,1.);
#4273 = DIRECTION('',(-4.371138828674E-08,1.,1.840849544066E-31));
#4274 = PLANE('',#4275);
#4275 = AXIS2_PLACEMENT_3D('',#4276,#4277,#4278);
#4276 = CARTESIAN_POINT('',(7.875042408173,4.864893254355,0.57));
#4277 = DIRECTION('',(4.371140912996E-08,1.91068637704E-15,1.));
#4278 = DIRECTION('',(1.,4.371138828674E-08,-4.371140912996E-08));
#4279 = ADVANCED_FACE('',(#4280),#4366,.T.);
#4280 = FACE_BOUND('',#4281,.T.);
#4281 = EDGE_LOOP('',(#4282,#4292,#4301,#4307,#4308,#4309,#4318,#4326,
    #4335,#4343,#4351,#4359));
#4282 = ORIENTED_EDGE('',*,*,#4283,.T.);
#4283 = EDGE_CURVE('',#4284,#4286,#4288,.T.);
#4284 = VERTEX_POINT('',#4285);
#4285 = CARTESIAN_POINT('',(7.955042390744,4.864893257852,0.171253171106
    ));
#4286 = VERTEX_POINT('',#4287);
#4287 = CARTESIAN_POINT('',(7.955042404021,4.864893257852,0.474999996503
    ));
#4288 = LINE('',#4289,#4290);
#4289 = CARTESIAN_POINT('',(7.955042404021,4.864893257852,0.474999996503
    ));
#4290 = VECTOR('',#4291,1.);
#4291 = DIRECTION('',(4.371140912996E-08,1.91068637704E-15,1.));
#4292 = ORIENTED_EDGE('',*,*,#4293,.T.);
#4293 = EDGE_CURVE('',#4286,#4294,#4296,.T.);
#4294 = VERTEX_POINT('',#4295);
#4295 = CARTESIAN_POINT('',(7.950042404239,4.864893257634,0.479999996722
    ));
#4296 = CIRCLE('',#4297,5.E-03);
#4297 = AXIS2_PLACEMENT_3D('',#4298,#4299,#4300);
#4298 = CARTESIAN_POINT('',(7.950042404021,4.864893257634,0.474999996722
    ));
#4299 = DIRECTION('',(4.371138828675E-08,-1.,-6.172836583354E-28));
#4300 = DIRECTION('',(1.,4.371138828675E-08,-4.371140912996E-08));
#4301 = ORIENTED_EDGE('',*,*,#4302,.T.);
#4302 = EDGE_CURVE('',#4294,#3783,#4303,.T.);
#4303 = LINE('',#4304,#4305);
#4304 = CARTESIAN_POINT('',(7.950042404239,4.864893257634,0.479999996722
    ));
#4305 = VECTOR('',#4306,1.);
#4306 = DIRECTION('',(-1.,-4.371138828675E-08,4.371140912996E-08));
#4307 = ORIENTED_EDGE('',*,*,#3782,.T.);
#4308 = ORIENTED_EDGE('',*,*,#4252,.F.);
#4309 = ORIENTED_EDGE('',*,*,#4310,.T.);
#4310 = EDGE_CURVE('',#4253,#4311,#4313,.T.);
#4311 = VERTEX_POINT('',#4312);
#4312 = CARTESIAN_POINT('',(8.045042404021,4.864893261786,0.474999992569
    ));
#4313 = CIRCLE('',#4314,9.5E-02);
#4314 = AXIS2_PLACEMENT_3D('',#4315,#4316,#4317);
#4315 = CARTESIAN_POINT('',(7.950042404021,4.864893257634,0.474999996722
    ));
#4316 = DIRECTION('',(-4.371138828675E-08,1.,6.172836583354E-28));
#4317 = DIRECTION('',(1.,4.371138828675E-08,-4.37114079887E-08));
#4318 = ORIENTED_EDGE('',*,*,#4319,.T.);
#4319 = EDGE_CURVE('',#4311,#4320,#4322,.T.);
#4320 = VERTEX_POINT('',#4321);
#4321 = CARTESIAN_POINT('',(8.04504239155,4.864893261786,0.18969304626)
  );
#4322 = LINE('',#4323,#4324);
#4323 = CARTESIAN_POINT('',(8.045042404021,4.864893261786,0.474999992569
    ));
#4324 = VECTOR('',#4325,1.);
#4325 = DIRECTION('',(-4.371140912996E-08,-1.91068637704E-15,-1.));
#4326 = ORIENTED_EDGE('',*,*,#4327,.T.);
#4327 = EDGE_CURVE('',#4320,#4328,#4330,.T.);
#4328 = VERTEX_POINT('',#4329);
#4329 = CARTESIAN_POINT('',(8.11064829115,4.864893264654,0.11422208537)
  );
#4330 = CIRCLE('',#4331,7.621265433529E-02);
#4331 = AXIS2_PLACEMENT_3D('',#4332,#4333,#4334);
#4332 = CARTESIAN_POINT('',(8.121255045885,4.864893265118,0.189693042928
    ));
#4333 = DIRECTION('',(4.371138828674E-08,-1.,-3.944304526105E-31));
#4334 = DIRECTION('',(-1.,-4.371138828674E-08,4.371140912996E-08));
#4335 = ORIENTED_EDGE('',*,*,#4336,.T.);
#4336 = EDGE_CURVE('',#4328,#4337,#4339,.T.);
#4337 = VERTEX_POINT('',#4338);
#4338 = CARTESIAN_POINT('',(8.606305174749,4.86489328632,
    4.456203112884E-02));
#4339 = LINE('',#4340,#4341);
#4340 = CARTESIAN_POINT('',(8.11064829115,4.864893264654,0.11422208537)
  );
#4341 = VECTOR('',#4342,1.);
#4342 = DIRECTION('',(0.990268062658,4.32859917948E-08,-0.139173144246)
  );
#4343 = ORIENTED_EDGE('',*,*,#4344,.T.);
#4344 = EDGE_CURVE('',#4337,#4345,#4347,.T.);
#4345 = VERTEX_POINT('',#4346);
#4346 = CARTESIAN_POINT('',(8.593779591767,4.864893285772,
    -4.456209451039E-02));
#4347 = LINE('',#4348,#4349);
#4348 = CARTESIAN_POINT('',(8.606305174749,4.86489328632,
    4.456203112884E-02));
#4349 = VECTOR('',#4350,1.);
#4350 = DIRECTION('',(-0.139173144246,-6.083451347227E-09,
    -0.990268062658));
#4351 = ORIENTED_EDGE('',*,*,#4352,.T.);
#4352 = EDGE_CURVE('',#4345,#4353,#4355,.T.);
#4353 = VERTEX_POINT('',#4354);
#4354 = CARTESIAN_POINT('',(8.079862284828,4.864893263308,
    2.766429568256E-02));
#4355 = LINE('',#4356,#4357);
#4356 = CARTESIAN_POINT('',(8.593779591767,4.864893285772,
    -4.456209451039E-02));
#4357 = VECTOR('',#4358,1.);
#4358 = DIRECTION('',(-0.990268062658,-4.32859917948E-08,0.139173144246)
  );
#4359 = ORIENTED_EDGE('',*,*,#4360,.T.);
#4360 = EDGE_CURVE('',#4353,#4284,#4361,.T.);
#4361 = CIRCLE('',#4362,0.145);
#4362 = AXIS2_PLACEMENT_3D('',#4363,#4364,#4365);
#4363 = CARTESIAN_POINT('',(8.100042390744,4.864893264191,0.171253164768
    ));
#4364 = DIRECTION('',(-4.371138828675E-08,1.,6.172836583354E-28));
#4365 = DIRECTION('',(1.,4.371138828675E-08,-4.371140912996E-08));
#4366 = PLANE('',#4367);
#4367 = AXIS2_PLACEMENT_3D('',#4368,#4369,#4370);
#4368 = CARTESIAN_POINT('',(7.950042404021,4.864893257634,0.474999996722
    ));
#4369 = DIRECTION('',(-4.371138828675E-08,1.,6.169387817334E-28));
#4370 = DIRECTION('',(-1.,-4.371138828675E-08,4.371140912996E-08));
#4371 = ADVANCED_FACE('',(#4372),#4390,.F.);
#4372 = FACE_BOUND('',#4373,.T.);
#4373 = EDGE_LOOP('',(#4374,#4375,#4376,#4384));
#4374 = ORIENTED_EDGE('',*,*,#3792,.T.);
#4375 = ORIENTED_EDGE('',*,*,#4302,.F.);
#4376 = ORIENTED_EDGE('',*,*,#4377,.F.);
#4377 = EDGE_CURVE('',#4378,#4294,#4380,.T.);
#4378 = VERTEX_POINT('',#4379);
#4379 = CARTESIAN_POINT('',(7.950042415604,4.604893257634,0.479999996722
    ));
#4380 = LINE('',#4381,#4382);
#4381 = CARTESIAN_POINT('',(7.950042404239,4.864893257634,0.479999996722
    ));
#4382 = VECTOR('',#4383,1.);
#4383 = DIRECTION('',(-4.371138828674E-08,1.,1.840849544066E-31));
#4384 = ORIENTED_EDGE('',*,*,#4385,.F.);
#4385 = EDGE_CURVE('',#3793,#4378,#4386,.T.);
#4386 = LINE('',#4387,#4388);
#4387 = CARTESIAN_POINT('',(7.875042415604,4.604893254355,0.48));
#4388 = VECTOR('',#4389,1.);
#4389 = DIRECTION('',(1.,4.371138828674E-08,-4.371140912996E-08));
#4390 = PLANE('',#4391);
#4391 = AXIS2_PLACEMENT_3D('',#4392,#4393,#4394);
#4392 = CARTESIAN_POINT('',(7.875042404239,4.864893254355,0.48));
#4393 = DIRECTION('',(4.371140912996E-08,1.91068637704E-15,1.));
#4394 = DIRECTION('',(1.,4.371138828674E-08,-4.371140912996E-08));
#4395 = ADVANCED_FACE('',(#4396),#4475,.F.);
#4396 = FACE_BOUND('',#4397,.T.);
#4397 = EDGE_LOOP('',(#4398,#4408,#4415,#4416,#4417,#4418,#4427,#4435,
    #4444,#4452,#4460,#4468));
#4398 = ORIENTED_EDGE('',*,*,#4399,.F.);
#4399 = EDGE_CURVE('',#4400,#4402,#4404,.T.);
#4400 = VERTEX_POINT('',#4401);
#4401 = CARTESIAN_POINT('',(8.045042415386,4.604893261786,0.474999992569
    ));
#4402 = VERTEX_POINT('',#4403);
#4403 = CARTESIAN_POINT('',(8.045042402915,4.604893261786,0.18969304626)
  );
#4404 = LINE('',#4405,#4406);
#4405 = CARTESIAN_POINT('',(8.045042415386,4.604893261786,0.474999992569
    ));
#4406 = VECTOR('',#4407,1.);
#4407 = DIRECTION('',(-4.371140912996E-08,-1.91068637704E-15,-1.));
#4408 = ORIENTED_EDGE('',*,*,#4409,.F.);
#4409 = EDGE_CURVE('',#4262,#4400,#4410,.T.);
#4410 = CIRCLE('',#4411,9.5E-02);
#4411 = AXIS2_PLACEMENT_3D('',#4412,#4413,#4414);
#4412 = CARTESIAN_POINT('',(7.950042415386,4.604893257634,0.474999996722
    ));
#4413 = DIRECTION('',(-4.371138828675E-08,1.,6.172836583354E-28));
#4414 = DIRECTION('',(1.,4.371138828675E-08,-4.37114079887E-08));
#4415 = ORIENTED_EDGE('',*,*,#4261,.F.);
#4416 = ORIENTED_EDGE('',*,*,#3800,.T.);
#4417 = ORIENTED_EDGE('',*,*,#4385,.T.);
#4418 = ORIENTED_EDGE('',*,*,#4419,.F.);
#4419 = EDGE_CURVE('',#4420,#4378,#4422,.T.);
#4420 = VERTEX_POINT('',#4421);
#4421 = CARTESIAN_POINT('',(7.955042415386,4.604893257852,0.474999996503
    ));
#4422 = CIRCLE('',#4423,5.E-03);
#4423 = AXIS2_PLACEMENT_3D('',#4424,#4425,#4426);
#4424 = CARTESIAN_POINT('',(7.950042415386,4.604893257634,0.474999996722
    ));
#4425 = DIRECTION('',(4.371138828675E-08,-1.,-6.172836583354E-28));
#4426 = DIRECTION('',(1.,4.371138828675E-08,-4.371140912996E-08));
#4427 = ORIENTED_EDGE('',*,*,#4428,.F.);
#4428 = EDGE_CURVE('',#4429,#4420,#4431,.T.);
#4429 = VERTEX_POINT('',#4430);
#4430 = CARTESIAN_POINT('',(7.955042402109,4.604893257852,0.171253171106
    ));
#4431 = LINE('',#4432,#4433);
#4432 = CARTESIAN_POINT('',(7.955042415386,4.604893257852,0.474999996503
    ));
#4433 = VECTOR('',#4434,1.);
#4434 = DIRECTION('',(4.371140912996E-08,1.91068637704E-15,1.));
#4435 = ORIENTED_EDGE('',*,*,#4436,.F.);
#4436 = EDGE_CURVE('',#4437,#4429,#4439,.T.);
#4437 = VERTEX_POINT('',#4438);
#4438 = CARTESIAN_POINT('',(8.079862296193,4.604893263308,
    2.766429568256E-02));
#4439 = CIRCLE('',#4440,0.145);
#4440 = AXIS2_PLACEMENT_3D('',#4441,#4442,#4443);
#4441 = CARTESIAN_POINT('',(8.100042402109,4.604893264191,0.171253164768
    ));
#4442 = DIRECTION('',(-4.371138828675E-08,1.,6.172836583354E-28));
#4443 = DIRECTION('',(1.,4.371138828675E-08,-4.371140912996E-08));
#4444 = ORIENTED_EDGE('',*,*,#4445,.F.);
#4445 = EDGE_CURVE('',#4446,#4437,#4448,.T.);
#4446 = VERTEX_POINT('',#4447);
#4447 = CARTESIAN_POINT('',(8.593779603132,4.604893285772,
    -4.456209451039E-02));
#4448 = LINE('',#4449,#4450);
#4449 = CARTESIAN_POINT('',(8.593779603132,4.604893285772,
    -4.456209451039E-02));
#4450 = VECTOR('',#4451,1.);
#4451 = DIRECTION('',(-0.990268062658,-4.32859917948E-08,0.139173144246)
  );
#4452 = ORIENTED_EDGE('',*,*,#4453,.F.);
#4453 = EDGE_CURVE('',#4454,#4446,#4456,.T.);
#4454 = VERTEX_POINT('',#4455);
#4455 = CARTESIAN_POINT('',(8.606305186114,4.60489328632,
    4.456203112884E-02));
#4456 = LINE('',#4457,#4458);
#4457 = CARTESIAN_POINT('',(8.606305186114,4.60489328632,
    4.456203112884E-02));
#4458 = VECTOR('',#4459,1.);
#4459 = DIRECTION('',(-0.139173144246,-6.083451347227E-09,
    -0.990268062658));
#4460 = ORIENTED_EDGE('',*,*,#4461,.F.);
#4461 = EDGE_CURVE('',#4462,#4454,#4464,.T.);
#4462 = VERTEX_POINT('',#4463);
#4463 = CARTESIAN_POINT('',(8.110648302515,4.604893264654,0.11422208537)
  );
#4464 = LINE('',#4465,#4466);
#4465 = CARTESIAN_POINT('',(8.110648302515,4.604893264654,0.11422208537)
  );
#4466 = VECTOR('',#4467,1.);
#4467 = DIRECTION('',(0.990268062658,4.32859917948E-08,-0.139173144246)
  );
#4468 = ORIENTED_EDGE('',*,*,#4469,.F.);
#4469 = EDGE_CURVE('',#4402,#4462,#4470,.T.);
#4470 = CIRCLE('',#4471,7.621265433529E-02);
#4471 = AXIS2_PLACEMENT_3D('',#4472,#4473,#4474);
#4472 = CARTESIAN_POINT('',(8.12125505725,4.604893265118,0.189693042928)
  );
#4473 = DIRECTION('',(4.371138828674E-08,-1.,-3.944304526105E-31));
#4474 = DIRECTION('',(-1.,-4.371138828674E-08,4.371140912996E-08));
#4475 = PLANE('',#4476);
#4476 = AXIS2_PLACEMENT_3D('',#4477,#4478,#4479);
#4477 = CARTESIAN_POINT('',(7.950042415386,4.604893257634,0.474999996722
    ));
#4478 = DIRECTION('',(-4.371138828675E-08,1.,6.169387817334E-28));
#4479 = DIRECTION('',(-1.,-4.371138828675E-08,4.371140912996E-08));
#4480 = ADVANCED_FACE('',(#4481),#4506,.T.);
#4481 = FACE_BOUND('',#4482,.T.);
#4482 = EDGE_LOOP('',(#4483,#4491,#4492,#4500));
#4483 = ORIENTED_EDGE('',*,*,#4484,.T.);
#4484 = EDGE_CURVE('',#4485,#3819,#4487,.T.);
#4485 = VERTEX_POINT('',#4486);
#4486 = CARTESIAN_POINT('',(7.950042361839,5.924893257634,0.569999996722
    ));
#4487 = LINE('',#4488,#4489);
#4488 = CARTESIAN_POINT('',(7.875042361839,5.924893254355,0.57));
#4489 = VECTOR('',#4490,1.);
#4490 = DIRECTION('',(-1.,-4.371138828674E-08,4.371140912996E-08));
#4491 = ORIENTED_EDGE('',*,*,#3842,.T.);
#4492 = ORIENTED_EDGE('',*,*,#4493,.T.);
#4493 = EDGE_CURVE('',#3835,#4494,#4496,.T.);
#4494 = VERTEX_POINT('',#4495);
#4495 = CARTESIAN_POINT('',(7.950042373204,5.664893257634,0.569999996722
    ));
#4496 = LINE('',#4497,#4498);
#4497 = CARTESIAN_POINT('',(7.875042373204,5.664893254355,0.57));
#4498 = VECTOR('',#4499,1.);
#4499 = DIRECTION('',(1.,4.371138828674E-08,-4.371140912996E-08));
#4500 = ORIENTED_EDGE('',*,*,#4501,.T.);
#4501 = EDGE_CURVE('',#4494,#4485,#4502,.T.);
#4502 = LINE('',#4503,#4504);
#4503 = CARTESIAN_POINT('',(7.950042361839,5.924893257634,0.569999996722
    ));
#4504 = VECTOR('',#4505,1.);
#4505 = DIRECTION('',(-4.371138828674E-08,1.,1.840849544066E-31));
#4506 = PLANE('',#4507);
#4507 = AXIS2_PLACEMENT_3D('',#4508,#4509,#4510);
#4508 = CARTESIAN_POINT('',(7.875042361839,5.924893254355,0.57));
#4509 = DIRECTION('',(4.371140912996E-08,1.91068637704E-15,1.));
#4510 = DIRECTION('',(1.,4.371138828674E-08,-4.371140912996E-08));
#4511 = ADVANCED_FACE('',(#4512),#4598,.T.);
#4512 = FACE_BOUND('',#4513,.T.);
#4513 = EDGE_LOOP('',(#4514,#4524,#4533,#4539,#4540,#4541,#4550,#4558,
    #4567,#4575,#4583,#4591));
#4514 = ORIENTED_EDGE('',*,*,#4515,.T.);
#4515 = EDGE_CURVE('',#4516,#4518,#4520,.T.);
#4516 = VERTEX_POINT('',#4517);
#4517 = CARTESIAN_POINT('',(7.95504234441,5.924893257852,0.171253171106)
  );
#4518 = VERTEX_POINT('',#4519);
#4519 = CARTESIAN_POINT('',(7.955042357687,5.924893257852,0.474999996503
    ));
#4520 = LINE('',#4521,#4522);
#4521 = CARTESIAN_POINT('',(7.955042357687,5.924893257852,0.474999996503
    ));
#4522 = VECTOR('',#4523,1.);
#4523 = DIRECTION('',(4.371140912996E-08,1.91068637704E-15,1.));
#4524 = ORIENTED_EDGE('',*,*,#4525,.T.);
#4525 = EDGE_CURVE('',#4518,#4526,#4528,.T.);
#4526 = VERTEX_POINT('',#4527);
#4527 = CARTESIAN_POINT('',(7.950042357905,5.924893257634,0.479999996722
    ));
#4528 = CIRCLE('',#4529,5.E-03);
#4529 = AXIS2_PLACEMENT_3D('',#4530,#4531,#4532);
#4530 = CARTESIAN_POINT('',(7.950042357687,5.924893257634,0.474999996722
    ));
#4531 = DIRECTION('',(4.371138828675E-08,-1.,-6.172836583354E-28));
#4532 = DIRECTION('',(1.,4.371138828675E-08,-4.371140912996E-08));
#4533 = ORIENTED_EDGE('',*,*,#4534,.T.);
#4534 = EDGE_CURVE('',#4526,#3817,#4535,.T.);
#4535 = LINE('',#4536,#4537);
#4536 = CARTESIAN_POINT('',(7.950042357905,5.924893257634,0.479999996722
    ));
#4537 = VECTOR('',#4538,1.);
#4538 = DIRECTION('',(-1.,-4.371138828675E-08,4.371140912996E-08));
#4539 = ORIENTED_EDGE('',*,*,#3816,.T.);
#4540 = ORIENTED_EDGE('',*,*,#4484,.F.);
#4541 = ORIENTED_EDGE('',*,*,#4542,.T.);
#4542 = EDGE_CURVE('',#4485,#4543,#4545,.T.);
#4543 = VERTEX_POINT('',#4544);
#4544 = CARTESIAN_POINT('',(8.045042357687,5.924893261786,0.474999992569
    ));
#4545 = CIRCLE('',#4546,9.5E-02);
#4546 = AXIS2_PLACEMENT_3D('',#4547,#4548,#4549);
#4547 = CARTESIAN_POINT('',(7.950042357687,5.924893257634,0.474999996722
    ));
#4548 = DIRECTION('',(-4.371138828675E-08,1.,6.172836583354E-28));
#4549 = DIRECTION('',(1.,4.371138828675E-08,-4.37114079887E-08));
#4550 = ORIENTED_EDGE('',*,*,#4551,.T.);
#4551 = EDGE_CURVE('',#4543,#4552,#4554,.T.);
#4552 = VERTEX_POINT('',#4553);
#4553 = CARTESIAN_POINT('',(8.045042345216,5.924893261786,0.18969304626)
  );
#4554 = LINE('',#4555,#4556);
#4555 = CARTESIAN_POINT('',(8.045042357687,5.924893261786,0.474999992569
    ));
#4556 = VECTOR('',#4557,1.);
#4557 = DIRECTION('',(-4.371140912996E-08,-1.91068637704E-15,-1.));
#4558 = ORIENTED_EDGE('',*,*,#4559,.T.);
#4559 = EDGE_CURVE('',#4552,#4560,#4562,.T.);
#4560 = VERTEX_POINT('',#4561);
#4561 = CARTESIAN_POINT('',(8.110648244816,5.924893264654,0.11422208537)
  );
#4562 = CIRCLE('',#4563,7.621265433529E-02);
#4563 = AXIS2_PLACEMENT_3D('',#4564,#4565,#4566);
#4564 = CARTESIAN_POINT('',(8.121254999551,5.924893265118,0.189693042928
    ));
#4565 = DIRECTION('',(4.371138828674E-08,-1.,-3.944304526105E-31));
#4566 = DIRECTION('',(-1.,-4.371138828674E-08,4.371140912996E-08));
#4567 = ORIENTED_EDGE('',*,*,#4568,.T.);
#4568 = EDGE_CURVE('',#4560,#4569,#4571,.T.);
#4569 = VERTEX_POINT('',#4570);
#4570 = CARTESIAN_POINT('',(8.606305128415,5.92489328632,
    4.456203112884E-02));
#4571 = LINE('',#4572,#4573);
#4572 = CARTESIAN_POINT('',(8.110648244816,5.924893264654,0.11422208537)
  );
#4573 = VECTOR('',#4574,1.);
#4574 = DIRECTION('',(0.990268062658,4.32859917948E-08,-0.139173144246)
  );
#4575 = ORIENTED_EDGE('',*,*,#4576,.T.);
#4576 = EDGE_CURVE('',#4569,#4577,#4579,.T.);
#4577 = VERTEX_POINT('',#4578);
#4578 = CARTESIAN_POINT('',(8.593779545433,5.924893285772,
    -4.456209451039E-02));
#4579 = LINE('',#4580,#4581);
#4580 = CARTESIAN_POINT('',(8.606305128415,5.92489328632,
    4.456203112884E-02));
#4581 = VECTOR('',#4582,1.);
#4582 = DIRECTION('',(-0.139173144246,-6.083451347227E-09,
    -0.990268062658));
#4583 = ORIENTED_EDGE('',*,*,#4584,.T.);
#4584 = EDGE_CURVE('',#4577,#4585,#4587,.T.);
#4585 = VERTEX_POINT('',#4586);
#4586 = CARTESIAN_POINT('',(8.079862238494,5.924893263308,
    2.766429568256E-02));
#4587 = LINE('',#4588,#4589);
#4588 = CARTESIAN_POINT('',(8.593779545433,5.924893285772,
    -4.456209451039E-02));
#4589 = VECTOR('',#4590,1.);
#4590 = DIRECTION('',(-0.990268062658,-4.32859917948E-08,0.139173144246)
  );
#4591 = ORIENTED_EDGE('',*,*,#4592,.T.);
#4592 = EDGE_CURVE('',#4585,#4516,#4593,.T.);
#4593 = CIRCLE('',#4594,0.145);
#4594 = AXIS2_PLACEMENT_3D('',#4595,#4596,#4597);
#4595 = CARTESIAN_POINT('',(8.10004234441,5.924893264191,0.171253164768)
  );
#4596 = DIRECTION('',(-4.371138828675E-08,1.,6.172836583354E-28));
#4597 = DIRECTION('',(1.,4.371138828675E-08,-4.371140912996E-08));
#4598 = PLANE('',#4599);
#4599 = AXIS2_PLACEMENT_3D('',#4600,#4601,#4602);
#4600 = CARTESIAN_POINT('',(7.950042357687,5.924893257634,0.474999996722
    ));
#4601 = DIRECTION('',(-4.371138828675E-08,1.,6.169387817334E-28));
#4602 = DIRECTION('',(-1.,-4.371138828675E-08,4.371140912996E-08));
#4603 = ADVANCED_FACE('',(#4604),#4622,.F.);
#4604 = FACE_BOUND('',#4605,.T.);
#4605 = EDGE_LOOP('',(#4606,#4607,#4608,#4616));
#4606 = ORIENTED_EDGE('',*,*,#3826,.T.);
#4607 = ORIENTED_EDGE('',*,*,#4534,.F.);
#4608 = ORIENTED_EDGE('',*,*,#4609,.F.);
#4609 = EDGE_CURVE('',#4610,#4526,#4612,.T.);
#4610 = VERTEX_POINT('',#4611);
#4611 = CARTESIAN_POINT('',(7.95004236927,5.664893257634,0.479999996722)
  );
#4612 = LINE('',#4613,#4614);
#4613 = CARTESIAN_POINT('',(7.950042357905,5.924893257634,0.479999996722
    ));
#4614 = VECTOR('',#4615,1.);
#4615 = DIRECTION('',(-4.371138828674E-08,1.,1.840849544066E-31));
#4616 = ORIENTED_EDGE('',*,*,#4617,.F.);
#4617 = EDGE_CURVE('',#3827,#4610,#4618,.T.);
#4618 = LINE('',#4619,#4620);
#4619 = CARTESIAN_POINT('',(7.87504236927,5.664893254355,0.48));
#4620 = VECTOR('',#4621,1.);
#4621 = DIRECTION('',(1.,4.371138828674E-08,-4.371140912996E-08));
#4622 = PLANE('',#4623);
#4623 = AXIS2_PLACEMENT_3D('',#4624,#4625,#4626);
#4624 = CARTESIAN_POINT('',(7.875042357905,5.924893254355,0.48));
#4625 = DIRECTION('',(4.371140912996E-08,1.91068637704E-15,1.));
#4626 = DIRECTION('',(1.,4.371138828674E-08,-4.371140912996E-08));
#4627 = ADVANCED_FACE('',(#4628),#4707,.F.);
#4628 = FACE_BOUND('',#4629,.T.);
#4629 = EDGE_LOOP('',(#4630,#4640,#4647,#4648,#4649,#4650,#4659,#4667,
    #4676,#4684,#4692,#4700));
#4630 = ORIENTED_EDGE('',*,*,#4631,.F.);
#4631 = EDGE_CURVE('',#4632,#4634,#4636,.T.);
#4632 = VERTEX_POINT('',#4633);
#4633 = CARTESIAN_POINT('',(8.045042369052,5.664893261786,0.474999992569
    ));
#4634 = VERTEX_POINT('',#4635);
#4635 = CARTESIAN_POINT('',(8.04504235658,5.664893261786,0.18969304626)
  );
#4636 = LINE('',#4637,#4638);
#4637 = CARTESIAN_POINT('',(8.045042369052,5.664893261786,0.474999992569
    ));
#4638 = VECTOR('',#4639,1.);
#4639 = DIRECTION('',(-4.371140912996E-08,-1.91068637704E-15,-1.));
#4640 = ORIENTED_EDGE('',*,*,#4641,.F.);
#4641 = EDGE_CURVE('',#4494,#4632,#4642,.T.);
#4642 = CIRCLE('',#4643,9.5E-02);
#4643 = AXIS2_PLACEMENT_3D('',#4644,#4645,#4646);
#4644 = CARTESIAN_POINT('',(7.950042369052,5.664893257634,0.474999996722
    ));
#4645 = DIRECTION('',(-4.371138828675E-08,1.,6.172836583354E-28));
#4646 = DIRECTION('',(1.,4.371138828675E-08,-4.37114079887E-08));
#4647 = ORIENTED_EDGE('',*,*,#4493,.F.);
#4648 = ORIENTED_EDGE('',*,*,#3834,.T.);
#4649 = ORIENTED_EDGE('',*,*,#4617,.T.);
#4650 = ORIENTED_EDGE('',*,*,#4651,.F.);
#4651 = EDGE_CURVE('',#4652,#4610,#4654,.T.);
#4652 = VERTEX_POINT('',#4653);
#4653 = CARTESIAN_POINT('',(7.955042369052,5.664893257852,0.474999996503
    ));
#4654 = CIRCLE('',#4655,5.E-03);
#4655 = AXIS2_PLACEMENT_3D('',#4656,#4657,#4658);
#4656 = CARTESIAN_POINT('',(7.950042369052,5.664893257634,0.474999996722
    ));
#4657 = DIRECTION('',(4.371138828675E-08,-1.,-6.172836583354E-28));
#4658 = DIRECTION('',(1.,4.371138828675E-08,-4.371140912996E-08));
#4659 = ORIENTED_EDGE('',*,*,#4660,.F.);
#4660 = EDGE_CURVE('',#4661,#4652,#4663,.T.);
#4661 = VERTEX_POINT('',#4662);
#4662 = CARTESIAN_POINT('',(7.955042355774,5.664893257852,0.171253171106
    ));
#4663 = LINE('',#4664,#4665);
#4664 = CARTESIAN_POINT('',(7.955042369052,5.664893257852,0.474999996503
    ));
#4665 = VECTOR('',#4666,1.);
#4666 = DIRECTION('',(4.371140912996E-08,1.91068637704E-15,1.));
#4667 = ORIENTED_EDGE('',*,*,#4668,.F.);
#4668 = EDGE_CURVE('',#4669,#4661,#4671,.T.);
#4669 = VERTEX_POINT('',#4670);
#4670 = CARTESIAN_POINT('',(8.079862249859,5.664893263308,
    2.766429568256E-02));
#4671 = CIRCLE('',#4672,0.145);
#4672 = AXIS2_PLACEMENT_3D('',#4673,#4674,#4675);
#4673 = CARTESIAN_POINT('',(8.100042355774,5.664893264191,0.171253164768
    ));
#4674 = DIRECTION('',(-4.371138828675E-08,1.,6.172836583354E-28));
#4675 = DIRECTION('',(1.,4.371138828675E-08,-4.371140912996E-08));
#4676 = ORIENTED_EDGE('',*,*,#4677,.F.);
#4677 = EDGE_CURVE('',#4678,#4669,#4680,.T.);
#4678 = VERTEX_POINT('',#4679);
#4679 = CARTESIAN_POINT('',(8.593779556798,5.664893285772,
    -4.456209451039E-02));
#4680 = LINE('',#4681,#4682);
#4681 = CARTESIAN_POINT('',(8.593779556798,5.664893285772,
    -4.456209451039E-02));
#4682 = VECTOR('',#4683,1.);
#4683 = DIRECTION('',(-0.990268062658,-4.32859917948E-08,0.139173144246)
  );
#4684 = ORIENTED_EDGE('',*,*,#4685,.F.);
#4685 = EDGE_CURVE('',#4686,#4678,#4688,.T.);
#4686 = VERTEX_POINT('',#4687);
#4687 = CARTESIAN_POINT('',(8.60630513978,5.66489328632,
    4.456203112884E-02));
#4688 = LINE('',#4689,#4690);
#4689 = CARTESIAN_POINT('',(8.60630513978,5.66489328632,
    4.456203112884E-02));
#4690 = VECTOR('',#4691,1.);
#4691 = DIRECTION('',(-0.139173144246,-6.083451347227E-09,
    -0.990268062658));
#4692 = ORIENTED_EDGE('',*,*,#4693,.F.);
#4693 = EDGE_CURVE('',#4694,#4686,#4696,.T.);
#4694 = VERTEX_POINT('',#4695);
#4695 = CARTESIAN_POINT('',(8.110648256181,5.664893264654,0.11422208537)
  );
#4696 = LINE('',#4697,#4698);
#4697 = CARTESIAN_POINT('',(8.110648256181,5.664893264654,0.11422208537)
  );
#4698 = VECTOR('',#4699,1.);
#4699 = DIRECTION('',(0.990268062658,4.32859917948E-08,-0.139173144246)
  );
#4700 = ORIENTED_EDGE('',*,*,#4701,.F.);
#4701 = EDGE_CURVE('',#4634,#4694,#4702,.T.);
#4702 = CIRCLE('',#4703,7.621265433529E-02);
#4703 = AXIS2_PLACEMENT_3D('',#4704,#4705,#4706);
#4704 = CARTESIAN_POINT('',(8.121255010916,5.664893265118,0.189693042928
    ));
#4705 = DIRECTION('',(4.371138828674E-08,-1.,-3.944304526105E-31));
#4706 = DIRECTION('',(-1.,-4.371138828674E-08,4.371140912996E-08));
#4707 = PLANE('',#4708);
#4708 = AXIS2_PLACEMENT_3D('',#4709,#4710,#4711);
#4709 = CARTESIAN_POINT('',(7.950042369052,5.664893257634,0.474999996722
    ));
#4710 = DIRECTION('',(-4.371138828675E-08,1.,6.169387817334E-28));
#4711 = DIRECTION('',(-1.,-4.371138828675E-08,4.371140912996E-08));
#4712 = ADVANCED_FACE('',(#4713),#4731,.T.);
#4713 = FACE_BOUND('',#4714,.T.);
#4714 = EDGE_LOOP('',(#4715,#4723,#4724,#4725));
#4715 = ORIENTED_EDGE('',*,*,#4716,.T.);
#4716 = EDGE_CURVE('',#4717,#3859,#4719,.T.);
#4717 = VERTEX_POINT('',#4718);
#4718 = CARTESIAN_POINT('',(5.57504246478,4.049893153819,1.050000100536)
  );
#4719 = LINE('',#4720,#4721);
#4720 = CARTESIAN_POINT('',(5.57504246478,4.049893153819,1.050000100536)
  );
#4721 = VECTOR('',#4722,1.);
#4722 = DIRECTION('',(-0.57735026919,-0.577350294426,-0.577350243953));
#4723 = ORIENTED_EDGE('',*,*,#3858,.T.);
#4724 = ORIENTED_EDGE('',*,*,#4005,.F.);
#4725 = ORIENTED_EDGE('',*,*,#4726,.T.);
#4726 = EDGE_CURVE('',#3998,#4717,#4727,.T.);
#4727 = LINE('',#4728,#4729);
#4728 = CARTESIAN_POINT('',(7.87504246478,4.049893254355,1.05));
#4729 = VECTOR('',#4730,1.);
#4730 = DIRECTION('',(-1.,-4.371138828674E-08,4.371140912997E-08));
#4731 = PLANE('',#4732);
#4732 = AXIS2_PLACEMENT_3D('',#4733,#4734,#4735);
#4733 = CARTESIAN_POINT('',(7.87504246478,4.049893254355,1.05));
#4734 = DIRECTION('',(6.181725288366E-08,-0.707106781187,0.707106781187)
  );
#4735 = DIRECTION('',(-1.473838523995E-14,-0.707106781187,
    -0.707106781187));
#4736 = ADVANCED_FACE('',(#4737),#4748,.T.);
#4737 = FACE_BOUND('',#4738,.T.);
#4738 = EDGE_LOOP('',(#4739,#4740,#4746,#4747));
#4739 = ORIENTED_EDGE('',*,*,#4716,.F.);
#4740 = ORIENTED_EDGE('',*,*,#4741,.T.);
#4741 = EDGE_CURVE('',#4717,#3966,#4742,.T.);
#4742 = LINE('',#4743,#4744);
#4743 = CARTESIAN_POINT('',(5.575042482264,3.649893153819,1.050000100536
    ));
#4744 = VECTOR('',#4745,1.);
#4745 = DIRECTION('',(-4.371138836705E-08,1.,8.031127554648E-17));
#4746 = ORIENTED_EDGE('',*,*,#3965,.F.);
#4747 = ORIENTED_EDGE('',*,*,#3882,.T.);
#4748 = PLANE('',#4749);
#4749 = AXIS2_PLACEMENT_3D('',#4750,#4751,#4752);
#4750 = CARTESIAN_POINT('',(5.575042482264,3.649893153819,1.050000100536
    ));
#4751 = DIRECTION('',(-0.707106750278,-3.090861783515E-08,0.707106812095
    ));
#4752 = DIRECTION('',(0.707106812095,3.090862042369E-08,0.707106750278)
  );
#4753 = ADVANCED_FACE('',(#4754),#4779,.F.);
#4754 = FACE_BOUND('',#4755,.T.);
#4755 = EDGE_LOOP('',(#4756,#4766,#4772,#4773));
#4756 = ORIENTED_EDGE('',*,*,#4757,.F.);
#4757 = EDGE_CURVE('',#4758,#4760,#4762,.T.);
#4758 = VERTEX_POINT('',#4759);
#4759 = CARTESIAN_POINT('',(5.100042442705,4.074893133056,0.570000121299
    ));
#4760 = VERTEX_POINT('',#4761);
#4761 = CARTESIAN_POINT('',(5.100042408173,4.864893133056,0.570000121299
    ));
#4762 = LINE('',#4763,#4764);
#4763 = CARTESIAN_POINT('',(5.100042442705,4.074893133056,0.570000121299
    ));
#4764 = VECTOR('',#4765,1.);
#4765 = DIRECTION('',(-4.371138828674E-08,1.,1.840849544066E-31));
#4766 = ORIENTED_EDGE('',*,*,#4767,.F.);
#4767 = EDGE_CURVE('',#3894,#4758,#4768,.T.);
#4768 = LINE('',#4769,#4770);
#4769 = CARTESIAN_POINT('',(5.175042442705,4.074893136335,0.570000118021
    ));
#4770 = VECTOR('',#4771,1.);
#4771 = DIRECTION('',(-1.,-4.371138828674E-08,4.371140912996E-08));
#4772 = ORIENTED_EDGE('',*,*,#3917,.T.);
#4773 = ORIENTED_EDGE('',*,*,#4774,.F.);
#4774 = EDGE_CURVE('',#4760,#3910,#4775,.T.);
#4775 = LINE('',#4776,#4777);
#4776 = CARTESIAN_POINT('',(5.175042408173,4.864893136335,0.570000118021
    ));
#4777 = VECTOR('',#4778,1.);
#4778 = DIRECTION('',(1.,4.371138828674E-08,-4.371140912996E-08));
#4779 = PLANE('',#4780);
#4780 = AXIS2_PLACEMENT_3D('',#4781,#4782,#4783);
#4781 = CARTESIAN_POINT('',(5.175042442705,4.074893136335,0.570000118021
    ));
#4782 = DIRECTION('',(-4.371140912996E-08,-1.91068637704E-15,-1.));
#4783 = DIRECTION('',(-1.,-4.371138828674E-08,4.371140912996E-08));
#4784 = ADVANCED_FACE('',(#4785),#4871,.T.);
#4785 = FACE_BOUND('',#4786,.T.);
#4786 = EDGE_LOOP('',(#4787,#4797,#4806,#4814,#4822,#4830,#4839,#4847,
    #4856,#4862,#4863,#4864));
#4787 = ORIENTED_EDGE('',*,*,#4788,.T.);
#4788 = EDGE_CURVE('',#4789,#4791,#4793,.T.);
#4789 = VERTEX_POINT('',#4790);
#4790 = CARTESIAN_POINT('',(5.005042438553,4.074893128904,0.475000125452
    ));
#4791 = VERTEX_POINT('',#4792);
#4792 = CARTESIAN_POINT('',(5.005042425276,4.074893128904,0.171253300055
    ));
#4793 = LINE('',#4794,#4795);
#4794 = CARTESIAN_POINT('',(5.005042425276,4.074893128904,0.171253300055
    ));
#4795 = VECTOR('',#4796,1.);
#4796 = DIRECTION('',(-4.371140912996E-08,-1.91068637704E-15,-1.));
#4797 = ORIENTED_EDGE('',*,*,#4798,.T.);
#4798 = EDGE_CURVE('',#4791,#4799,#4801,.T.);
#4799 = VERTEX_POINT('',#4800);
#4800 = CARTESIAN_POINT('',(4.957696943448,4.074893126834,0.116788558344
    ));
#4801 = CIRCLE('',#4802,5.5E-02);
#4802 = AXIS2_PLACEMENT_3D('',#4803,#4804,#4805);
#4803 = CARTESIAN_POINT('',(4.950042425276,4.0748931265,0.171253302459)
  );
#4804 = DIRECTION('',(-4.371138828675E-08,1.,6.172836583354E-28));
#4805 = DIRECTION('',(-1.,-4.371138828675E-08,4.371140912996E-08));
#4806 = ORIENTED_EDGE('',*,*,#4807,.T.);
#4807 = EDGE_CURVE('',#4799,#4808,#4810,.T.);
#4808 = VERTEX_POINT('',#4809);
#4809 = CARTESIAN_POINT('',(4.443779630195,4.07489310437,
    4.45622130787E-02));
#4810 = LINE('',#4811,#4812);
#4811 = CARTESIAN_POINT('',(4.957696943448,4.074893126834,0.116788558344
    ));
#4812 = VECTOR('',#4813,1.);
#4813 = DIRECTION('',(-0.990268074825,-4.328599232664E-08,
    -0.139173057674));
#4814 = ORIENTED_EDGE('',*,*,#4815,.T.);
#4815 = EDGE_CURVE('',#4808,#4816,#4818,.T.);
#4816 = VERTEX_POINT('',#4817);
#4817 = CARTESIAN_POINT('',(4.456305205385,4.074893104918,
    -4.456191365555E-02));
#4818 = LINE('',#4819,#4820);
#4819 = CARTESIAN_POINT('',(4.443779630195,4.07489310437,
    4.45622130787E-02));
#4820 = VECTOR('',#4821,1.);
#4821 = DIRECTION('',(0.139173057674,6.083447563043E-09,-0.990268074825)
  );
#4822 = ORIENTED_EDGE('',*,*,#4823,.T.);
#4823 = EDGE_CURVE('',#4816,#4824,#4826,.T.);
#4824 = VERTEX_POINT('',#4825);
#4825 = CARTESIAN_POINT('',(4.970222518638,4.074893127382,
    2.76644316093E-02));
#4826 = LINE('',#4827,#4828);
#4827 = CARTESIAN_POINT('',(4.456305205385,4.074893104918,
    -4.456191365555E-02));
#4828 = VECTOR('',#4829,1.);
#4829 = DIRECTION('',(0.990268074825,4.328599232664E-08,0.139173057674)
  );
#4830 = ORIENTED_EDGE('',*,*,#4831,.T.);
#4831 = EDGE_CURVE('',#4824,#4832,#4834,.T.);
#4832 = VERTEX_POINT('',#4833);
#4833 = CARTESIAN_POINT('',(5.095042425276,4.074893132838,0.171253296121
    ));
#4834 = CIRCLE('',#4835,0.145);
#4835 = AXIS2_PLACEMENT_3D('',#4836,#4837,#4838);
#4836 = CARTESIAN_POINT('',(4.950042425276,4.0748931265,0.171253302459)
  );
#4837 = DIRECTION('',(4.371138828675E-08,-1.,-6.172836583354E-28));
#4838 = DIRECTION('',(-1.,-4.371138828675E-08,4.371140912996E-08));
#4839 = ORIENTED_EDGE('',*,*,#4840,.T.);
#4840 = EDGE_CURVE('',#4832,#4841,#4843,.T.);
#4841 = VERTEX_POINT('',#4842);
#4842 = CARTESIAN_POINT('',(5.095042438553,4.074893132838,0.475000121518
    ));
#4843 = LINE('',#4844,#4845);
#4844 = CARTESIAN_POINT('',(5.095042425276,4.074893132838,0.171253296121
    ));
#4845 = VECTOR('',#4846,1.);
#4846 = DIRECTION('',(4.371140912996E-08,1.91068637704E-15,1.));
#4847 = ORIENTED_EDGE('',*,*,#4848,.T.);
#4848 = EDGE_CURVE('',#4841,#4849,#4851,.T.);
#4849 = VERTEX_POINT('',#4850);
#4850 = CARTESIAN_POINT('',(5.100042438771,4.074893133056,0.480000121299
    ));
#4851 = CIRCLE('',#4852,5.E-03);
#4852 = AXIS2_PLACEMENT_3D('',#4853,#4854,#4855);
#4853 = CARTESIAN_POINT('',(5.100042438553,4.074893133056,0.475000121299
    ));
#4854 = DIRECTION('',(-4.371138828675E-08,1.,6.172836583354E-28));
#4855 = DIRECTION('',(-1.,-4.371138828675E-08,4.371140912996E-08));
#4856 = ORIENTED_EDGE('',*,*,#4857,.T.);
#4857 = EDGE_CURVE('',#4849,#3892,#4858,.T.);
#4858 = LINE('',#4859,#4860);
#4859 = CARTESIAN_POINT('',(4.950042438771,4.0748931265,0.480000127856)
  );
#4860 = VECTOR('',#4861,1.);
#4861 = DIRECTION('',(1.,4.371138828675E-08,-4.371140912996E-08));
#4862 = ORIENTED_EDGE('',*,*,#3891,.T.);
#4863 = ORIENTED_EDGE('',*,*,#4767,.T.);
#4864 = ORIENTED_EDGE('',*,*,#4865,.T.);
#4865 = EDGE_CURVE('',#4758,#4789,#4866,.T.);
#4866 = CIRCLE('',#4867,9.5E-02);
#4867 = AXIS2_PLACEMENT_3D('',#4868,#4869,#4870);
#4868 = CARTESIAN_POINT('',(5.100042438553,4.074893133056,0.475000121299
    ));
#4869 = DIRECTION('',(4.371138828675E-08,-1.,-6.168892278828E-28));
#4870 = DIRECTION('',(-1.,-4.371138828675E-08,4.371141027123E-08));
#4871 = PLANE('',#4872);
#4872 = AXIS2_PLACEMENT_3D('',#4873,#4874,#4875);
#4873 = CARTESIAN_POINT('',(4.950042425276,4.0748931265,0.171253302459)
  );
#4874 = DIRECTION('',(4.371138828675E-08,-1.,-6.169387817334E-28));
#4875 = DIRECTION('',(1.,4.371138828675E-08,-4.371140912996E-08));
#4876 = ADVANCED_FACE('',(#4877),#4895,.T.);
#4877 = FACE_BOUND('',#4878,.T.);
#4878 = EDGE_LOOP('',(#4879,#4880,#4888,#4894));
#4879 = ORIENTED_EDGE('',*,*,#4857,.F.);
#4880 = ORIENTED_EDGE('',*,*,#4881,.T.);
#4881 = EDGE_CURVE('',#4849,#4882,#4884,.T.);
#4882 = VERTEX_POINT('',#4883);
#4883 = CARTESIAN_POINT('',(5.100042404239,4.864893133056,0.480000121299
    ));
#4884 = LINE('',#4885,#4886);
#4885 = CARTESIAN_POINT('',(5.100042438771,4.074893133056,0.480000121299
    ));
#4886 = VECTOR('',#4887,1.);
#4887 = DIRECTION('',(-4.371138828674E-08,1.,1.840849544066E-31));
#4888 = ORIENTED_EDGE('',*,*,#4889,.T.);
#4889 = EDGE_CURVE('',#4882,#3902,#4890,.T.);
#4890 = LINE('',#4891,#4892);
#4891 = CARTESIAN_POINT('',(5.175042404239,4.864893136335,0.480000118021
    ));
#4892 = VECTOR('',#4893,1.);
#4893 = DIRECTION('',(1.,4.371138828674E-08,-4.371140912996E-08));
#4894 = ORIENTED_EDGE('',*,*,#3901,.T.);
#4895 = PLANE('',#4896);
#4896 = AXIS2_PLACEMENT_3D('',#4897,#4898,#4899);
#4897 = CARTESIAN_POINT('',(5.175042438771,4.074893136335,0.480000118021
    ));
#4898 = DIRECTION('',(-4.371140912996E-08,-1.91068637704E-15,-1.));
#4899 = DIRECTION('',(-1.,-4.371138828674E-08,4.371140912996E-08));
#4900 = ADVANCED_FACE('',(#4901),#4980,.F.);
#4901 = FACE_BOUND('',#4902,.T.);
#4902 = EDGE_LOOP('',(#4903,#4914,#4922,#4929,#4930,#4931,#4932,#4941,
    #4949,#4958,#4966,#4974));
#4903 = ORIENTED_EDGE('',*,*,#4904,.F.);
#4904 = EDGE_CURVE('',#4905,#4907,#4909,.T.);
#4905 = VERTEX_POINT('',#4906);
#4906 = CARTESIAN_POINT('',(5.005042390744,4.864893128904,0.171253300055
    ));
#4907 = VERTEX_POINT('',#4908);
#4908 = CARTESIAN_POINT('',(4.957696908916,4.864893126834,0.116788558344
    ));
#4909 = CIRCLE('',#4910,5.5E-02);
#4910 = AXIS2_PLACEMENT_3D('',#4911,#4912,#4913);
#4911 = CARTESIAN_POINT('',(4.950042390744,4.8648931265,0.171253302459)
  );
#4912 = DIRECTION('',(-4.371138828675E-08,1.,6.172836583354E-28));
#4913 = DIRECTION('',(-1.,-4.371138828675E-08,4.371140912996E-08));
#4914 = ORIENTED_EDGE('',*,*,#4915,.F.);
#4915 = EDGE_CURVE('',#4916,#4905,#4918,.T.);
#4916 = VERTEX_POINT('',#4917);
#4917 = CARTESIAN_POINT('',(5.005042404021,4.864893128904,0.475000125452
    ));
#4918 = LINE('',#4919,#4920);
#4919 = CARTESIAN_POINT('',(5.005042390744,4.864893128904,0.171253300055
    ));
#4920 = VECTOR('',#4921,1.);
#4921 = DIRECTION('',(-4.371140912996E-08,-1.91068637704E-15,-1.));
#4922 = ORIENTED_EDGE('',*,*,#4923,.F.);
#4923 = EDGE_CURVE('',#4760,#4916,#4924,.T.);
#4924 = CIRCLE('',#4925,9.5E-02);
#4925 = AXIS2_PLACEMENT_3D('',#4926,#4927,#4928);
#4926 = CARTESIAN_POINT('',(5.100042404021,4.864893133056,0.475000121299
    ));
#4927 = DIRECTION('',(4.371138828675E-08,-1.,-6.168892278828E-28));
#4928 = DIRECTION('',(-1.,-4.371138828675E-08,4.371141027123E-08));
#4929 = ORIENTED_EDGE('',*,*,#4774,.T.);
#4930 = ORIENTED_EDGE('',*,*,#3909,.T.);
#4931 = ORIENTED_EDGE('',*,*,#4889,.F.);
#4932 = ORIENTED_EDGE('',*,*,#4933,.F.);
#4933 = EDGE_CURVE('',#4934,#4882,#4936,.T.);
#4934 = VERTEX_POINT('',#4935);
#4935 = CARTESIAN_POINT('',(5.095042404021,4.864893132838,0.475000121518
    ));
#4936 = CIRCLE('',#4937,5.E-03);
#4937 = AXIS2_PLACEMENT_3D('',#4938,#4939,#4940);
#4938 = CARTESIAN_POINT('',(5.100042404021,4.864893133056,0.475000121299
    ));
#4939 = DIRECTION('',(-4.371138828675E-08,1.,6.172836583354E-28));
#4940 = DIRECTION('',(-1.,-4.371138828675E-08,4.371140912996E-08));
#4941 = ORIENTED_EDGE('',*,*,#4942,.F.);
#4942 = EDGE_CURVE('',#4943,#4934,#4945,.T.);
#4943 = VERTEX_POINT('',#4944);
#4944 = CARTESIAN_POINT('',(5.095042390744,4.864893132838,0.171253296121
    ));
#4945 = LINE('',#4946,#4947);
#4946 = CARTESIAN_POINT('',(5.095042390744,4.864893132838,0.171253296121
    ));
#4947 = VECTOR('',#4948,1.);
#4948 = DIRECTION('',(4.371140912996E-08,1.91068637704E-15,1.));
#4949 = ORIENTED_EDGE('',*,*,#4950,.F.);
#4950 = EDGE_CURVE('',#4951,#4943,#4953,.T.);
#4951 = VERTEX_POINT('',#4952);
#4952 = CARTESIAN_POINT('',(4.970222484106,4.864893127382,
    2.76644316093E-02));
#4953 = CIRCLE('',#4954,0.145);
#4954 = AXIS2_PLACEMENT_3D('',#4955,#4956,#4957);
#4955 = CARTESIAN_POINT('',(4.950042390744,4.8648931265,0.171253302459)
  );
#4956 = DIRECTION('',(4.371138828675E-08,-1.,-6.172836583354E-28));
#4957 = DIRECTION('',(-1.,-4.371138828675E-08,4.371140912996E-08));
#4958 = ORIENTED_EDGE('',*,*,#4959,.F.);
#4959 = EDGE_CURVE('',#4960,#4951,#4962,.T.);
#4960 = VERTEX_POINT('',#4961);
#4961 = CARTESIAN_POINT('',(4.456305170853,4.864893104918,
    -4.456191365555E-02));
#4962 = LINE('',#4963,#4964);
#4963 = CARTESIAN_POINT('',(4.456305170853,4.864893104918,
    -4.456191365555E-02));
#4964 = VECTOR('',#4965,1.);
#4965 = DIRECTION('',(0.990268074825,4.328599232664E-08,0.139173057674)
  );
#4966 = ORIENTED_EDGE('',*,*,#4967,.F.);
#4967 = EDGE_CURVE('',#4968,#4960,#4970,.T.);
#4968 = VERTEX_POINT('',#4969);
#4969 = CARTESIAN_POINT('',(4.443779595663,4.86489310437,
    4.45622130787E-02));
#4970 = LINE('',#4971,#4972);
#4971 = CARTESIAN_POINT('',(4.443779595663,4.86489310437,
    4.45622130787E-02));
#4972 = VECTOR('',#4973,1.);
#4973 = DIRECTION('',(0.139173057674,6.083447563043E-09,-0.990268074825)
  );
#4974 = ORIENTED_EDGE('',*,*,#4975,.F.);
#4975 = EDGE_CURVE('',#4907,#4968,#4976,.T.);
#4976 = LINE('',#4977,#4978);
#4977 = CARTESIAN_POINT('',(4.957696908916,4.864893126834,0.116788558344
    ));
#4978 = VECTOR('',#4979,1.);
#4979 = DIRECTION('',(-0.990268074825,-4.328599232664E-08,
    -0.139173057674));
#4980 = PLANE('',#4981);
#4981 = AXIS2_PLACEMENT_3D('',#4982,#4983,#4984);
#4982 = CARTESIAN_POINT('',(4.950042390744,4.8648931265,0.171253302459)
  );
#4983 = DIRECTION('',(4.371138828675E-08,-1.,-6.169387817334E-28));
#4984 = DIRECTION('',(1.,4.371138828675E-08,-4.371140912996E-08));
#4985 = ADVANCED_FACE('',(#4986),#5011,.F.);
#4986 = FACE_BOUND('',#4987,.T.);
#4987 = EDGE_LOOP('',(#4988,#4998,#5004,#5005));
#4988 = ORIENTED_EDGE('',*,*,#4989,.F.);
#4989 = EDGE_CURVE('',#4990,#4992,#4994,.T.);
#4990 = VERTEX_POINT('',#4991);
#4991 = CARTESIAN_POINT('',(5.100042396371,5.134893133056,0.570000121299
    ));
#4992 = VERTEX_POINT('',#4993);
#4993 = CARTESIAN_POINT('',(5.100042361839,5.924893133056,0.570000121299
    ));
#4994 = LINE('',#4995,#4996);
#4995 = CARTESIAN_POINT('',(5.100042396371,5.134893133056,0.570000121299
    ));
#4996 = VECTOR('',#4997,1.);
#4997 = DIRECTION('',(-4.371138828674E-08,1.,1.840849544066E-31));
#4998 = ORIENTED_EDGE('',*,*,#4999,.F.);
#4999 = EDGE_CURVE('',#3928,#4990,#5000,.T.);
#5000 = LINE('',#5001,#5002);
#5001 = CARTESIAN_POINT('',(5.175042396371,5.134893136335,0.570000118021
    ));
#5002 = VECTOR('',#5003,1.);
#5003 = DIRECTION('',(-1.,-4.371138828674E-08,4.371140912996E-08));
#5004 = ORIENTED_EDGE('',*,*,#3951,.T.);
#5005 = ORIENTED_EDGE('',*,*,#5006,.F.);
#5006 = EDGE_CURVE('',#4992,#3944,#5007,.T.);
#5007 = LINE('',#5008,#5009);
#5008 = CARTESIAN_POINT('',(5.175042361839,5.924893136335,0.570000118021
    ));
#5009 = VECTOR('',#5010,1.);
#5010 = DIRECTION('',(1.,4.371138828674E-08,-4.371140912996E-08));
#5011 = PLANE('',#5012);
#5012 = AXIS2_PLACEMENT_3D('',#5013,#5014,#5015);
#5013 = CARTESIAN_POINT('',(5.175042396371,5.134893136335,0.570000118021
    ));
#5014 = DIRECTION('',(-4.371140912996E-08,-1.91068637704E-15,-1.));
#5015 = DIRECTION('',(-1.,-4.371138828674E-08,4.371140912996E-08));
#5016 = ADVANCED_FACE('',(#5017),#5103,.T.);
#5017 = FACE_BOUND('',#5018,.T.);
#5018 = EDGE_LOOP('',(#5019,#5029,#5038,#5046,#5054,#5062,#5071,#5079,
    #5088,#5094,#5095,#5096));
#5019 = ORIENTED_EDGE('',*,*,#5020,.T.);
#5020 = EDGE_CURVE('',#5021,#5023,#5025,.T.);
#5021 = VERTEX_POINT('',#5022);
#5022 = CARTESIAN_POINT('',(5.005042392219,5.134893128904,0.475000125452
    ));
#5023 = VERTEX_POINT('',#5024);
#5024 = CARTESIAN_POINT('',(5.005042378942,5.134893128904,0.171253300055
    ));
#5025 = LINE('',#5026,#5027);
#5026 = CARTESIAN_POINT('',(5.005042378942,5.134893128904,0.171253300055
    ));
#5027 = VECTOR('',#5028,1.);
#5028 = DIRECTION('',(-4.371140912996E-08,-1.91068637704E-15,-1.));
#5029 = ORIENTED_EDGE('',*,*,#5030,.T.);
#5030 = EDGE_CURVE('',#5023,#5031,#5033,.T.);
#5031 = VERTEX_POINT('',#5032);
#5032 = CARTESIAN_POINT('',(4.957696897114,5.134893126834,0.116788558344
    ));
#5033 = CIRCLE('',#5034,5.5E-02);
#5034 = AXIS2_PLACEMENT_3D('',#5035,#5036,#5037);
#5035 = CARTESIAN_POINT('',(4.950042378942,5.1348931265,0.171253302459)
  );
#5036 = DIRECTION('',(-4.371138828675E-08,1.,6.172836583354E-28));
#5037 = DIRECTION('',(-1.,-4.371138828675E-08,4.371140912996E-08));
#5038 = ORIENTED_EDGE('',*,*,#5039,.T.);
#5039 = EDGE_CURVE('',#5031,#5040,#5042,.T.);
#5040 = VERTEX_POINT('',#5041);
#5041 = CARTESIAN_POINT('',(4.44377958386,5.13489310437,
    4.45622130787E-02));
#5042 = LINE('',#5043,#5044);
#5043 = CARTESIAN_POINT('',(4.957696897114,5.134893126834,0.116788558344
    ));
#5044 = VECTOR('',#5045,1.);
#5045 = DIRECTION('',(-0.990268074825,-4.328599232664E-08,
    -0.139173057674));
#5046 = ORIENTED_EDGE('',*,*,#5047,.T.);
#5047 = EDGE_CURVE('',#5040,#5048,#5050,.T.);
#5048 = VERTEX_POINT('',#5049);
#5049 = CARTESIAN_POINT('',(4.456305159051,5.134893104918,
    -4.456191365555E-02));
#5050 = LINE('',#5051,#5052);
#5051 = CARTESIAN_POINT('',(4.44377958386,5.13489310437,
    4.45622130787E-02));
#5052 = VECTOR('',#5053,1.);
#5053 = DIRECTION('',(0.139173057674,6.083447563043E-09,-0.990268074825)
  );
#5054 = ORIENTED_EDGE('',*,*,#5055,.T.);
#5055 = EDGE_CURVE('',#5048,#5056,#5058,.T.);
#5056 = VERTEX_POINT('',#5057);
#5057 = CARTESIAN_POINT('',(4.970222472304,5.134893127382,
    2.76644316093E-02));
#5058 = LINE('',#5059,#5060);
#5059 = CARTESIAN_POINT('',(4.456305159051,5.134893104918,
    -4.456191365555E-02));
#5060 = VECTOR('',#5061,1.);
#5061 = DIRECTION('',(0.990268074825,4.328599232664E-08,0.139173057674)
  );
#5062 = ORIENTED_EDGE('',*,*,#5063,.T.);
#5063 = EDGE_CURVE('',#5056,#5064,#5066,.T.);
#5064 = VERTEX_POINT('',#5065);
#5065 = CARTESIAN_POINT('',(5.095042378942,5.134893132838,0.171253296121
    ));
#5066 = CIRCLE('',#5067,0.145);
#5067 = AXIS2_PLACEMENT_3D('',#5068,#5069,#5070);
#5068 = CARTESIAN_POINT('',(4.950042378942,5.1348931265,0.171253302459)
  );
#5069 = DIRECTION('',(4.371138828675E-08,-1.,-6.172836583354E-28));
#5070 = DIRECTION('',(-1.,-4.371138828675E-08,4.371140912996E-08));
#5071 = ORIENTED_EDGE('',*,*,#5072,.T.);
#5072 = EDGE_CURVE('',#5064,#5073,#5075,.T.);
#5073 = VERTEX_POINT('',#5074);
#5074 = CARTESIAN_POINT('',(5.095042392219,5.134893132838,0.475000121518
    ));
#5075 = LINE('',#5076,#5077);
#5076 = CARTESIAN_POINT('',(5.095042378942,5.134893132838,0.171253296121
    ));
#5077 = VECTOR('',#5078,1.);
#5078 = DIRECTION('',(4.371140912996E-08,1.91068637704E-15,1.));
#5079 = ORIENTED_EDGE('',*,*,#5080,.T.);
#5080 = EDGE_CURVE('',#5073,#5081,#5083,.T.);
#5081 = VERTEX_POINT('',#5082);
#5082 = CARTESIAN_POINT('',(5.100042392437,5.134893133056,0.480000121299
    ));
#5083 = CIRCLE('',#5084,5.E-03);
#5084 = AXIS2_PLACEMENT_3D('',#5085,#5086,#5087);
#5085 = CARTESIAN_POINT('',(5.100042392219,5.134893133056,0.475000121299
    ));
#5086 = DIRECTION('',(-4.371138828675E-08,1.,6.172836583354E-28));
#5087 = DIRECTION('',(-1.,-4.371138828675E-08,4.371140912996E-08));
#5088 = ORIENTED_EDGE('',*,*,#5089,.T.);
#5089 = EDGE_CURVE('',#5081,#3926,#5090,.T.);
#5090 = LINE('',#5091,#5092);
#5091 = CARTESIAN_POINT('',(4.950042392437,5.1348931265,0.480000127856)
  );
#5092 = VECTOR('',#5093,1.);
#5093 = DIRECTION('',(1.,4.371138828675E-08,-4.371140912996E-08));
#5094 = ORIENTED_EDGE('',*,*,#3925,.T.);
#5095 = ORIENTED_EDGE('',*,*,#4999,.T.);
#5096 = ORIENTED_EDGE('',*,*,#5097,.T.);
#5097 = EDGE_CURVE('',#4990,#5021,#5098,.T.);
#5098 = CIRCLE('',#5099,9.5E-02);
#5099 = AXIS2_PLACEMENT_3D('',#5100,#5101,#5102);
#5100 = CARTESIAN_POINT('',(5.100042392219,5.134893133056,0.475000121299
    ));
#5101 = DIRECTION('',(4.371138828675E-08,-1.,-6.168892278828E-28));
#5102 = DIRECTION('',(-1.,-4.371138828675E-08,4.371141027123E-08));
#5103 = PLANE('',#5104);
#5104 = AXIS2_PLACEMENT_3D('',#5105,#5106,#5107);
#5105 = CARTESIAN_POINT('',(4.950042378942,5.1348931265,0.171253302459)
  );
#5106 = DIRECTION('',(4.371138828675E-08,-1.,-6.169387817334E-28));
#5107 = DIRECTION('',(1.,4.371138828675E-08,-4.371140912996E-08));
#5108 = ADVANCED_FACE('',(#5109),#5127,.T.);
#5109 = FACE_BOUND('',#5110,.T.);
#5110 = EDGE_LOOP('',(#5111,#5112,#5120,#5126));
#5111 = ORIENTED_EDGE('',*,*,#5089,.F.);
#5112 = ORIENTED_EDGE('',*,*,#5113,.T.);
#5113 = EDGE_CURVE('',#5081,#5114,#5116,.T.);
#5114 = VERTEX_POINT('',#5115);
#5115 = CARTESIAN_POINT('',(5.100042357905,5.924893133056,0.480000121299
    ));
#5116 = LINE('',#5117,#5118);
#5117 = CARTESIAN_POINT('',(5.100042392437,5.134893133056,0.480000121299
    ));
#5118 = VECTOR('',#5119,1.);
#5119 = DIRECTION('',(-4.371138828674E-08,1.,1.840849544066E-31));
#5120 = ORIENTED_EDGE('',*,*,#5121,.T.);
#5121 = EDGE_CURVE('',#5114,#3936,#5122,.T.);
#5122 = LINE('',#5123,#5124);
#5123 = CARTESIAN_POINT('',(5.175042357905,5.924893136335,0.480000118021
    ));
#5124 = VECTOR('',#5125,1.);
#5125 = DIRECTION('',(1.,4.371138828674E-08,-4.371140912996E-08));
#5126 = ORIENTED_EDGE('',*,*,#3935,.T.);
#5127 = PLANE('',#5128);
#5128 = AXIS2_PLACEMENT_3D('',#5129,#5130,#5131);
#5129 = CARTESIAN_POINT('',(5.175042392437,5.134893136335,0.480000118021
    ));
#5130 = DIRECTION('',(-4.371140912996E-08,-1.91068637704E-15,-1.));
#5131 = DIRECTION('',(-1.,-4.371138828674E-08,4.371140912996E-08));
#5132 = ADVANCED_FACE('',(#5133),#5212,.F.);
#5133 = FACE_BOUND('',#5134,.T.);
#5134 = EDGE_LOOP('',(#5135,#5146,#5154,#5161,#5162,#5163,#5164,#5173,
    #5181,#5190,#5198,#5206));
#5135 = ORIENTED_EDGE('',*,*,#5136,.F.);
#5136 = EDGE_CURVE('',#5137,#5139,#5141,.T.);
#5137 = VERTEX_POINT('',#5138);
#5138 = CARTESIAN_POINT('',(5.00504234441,5.924893128904,0.171253300055)
  );
#5139 = VERTEX_POINT('',#5140);
#5140 = CARTESIAN_POINT('',(4.957696862582,5.924893126834,0.116788558344
    ));
#5141 = CIRCLE('',#5142,5.5E-02);
#5142 = AXIS2_PLACEMENT_3D('',#5143,#5144,#5145);
#5143 = CARTESIAN_POINT('',(4.95004234441,5.9248931265,0.171253302459));
#5144 = DIRECTION('',(-4.371138828675E-08,1.,6.172836583354E-28));
#5145 = DIRECTION('',(-1.,-4.371138828675E-08,4.371140912996E-08));
#5146 = ORIENTED_EDGE('',*,*,#5147,.F.);
#5147 = EDGE_CURVE('',#5148,#5137,#5150,.T.);
#5148 = VERTEX_POINT('',#5149);
#5149 = CARTESIAN_POINT('',(5.005042357687,5.924893128904,0.475000125452
    ));
#5150 = LINE('',#5151,#5152);
#5151 = CARTESIAN_POINT('',(5.00504234441,5.924893128904,0.171253300055)
  );
#5152 = VECTOR('',#5153,1.);
#5153 = DIRECTION('',(-4.371140912996E-08,-1.91068637704E-15,-1.));
#5154 = ORIENTED_EDGE('',*,*,#5155,.F.);
#5155 = EDGE_CURVE('',#4992,#5148,#5156,.T.);
#5156 = CIRCLE('',#5157,9.5E-02);
#5157 = AXIS2_PLACEMENT_3D('',#5158,#5159,#5160);
#5158 = CARTESIAN_POINT('',(5.100042357687,5.924893133056,0.475000121299
    ));
#5159 = DIRECTION('',(4.371138828675E-08,-1.,-6.168892278828E-28));
#5160 = DIRECTION('',(-1.,-4.371138828675E-08,4.371141027123E-08));
#5161 = ORIENTED_EDGE('',*,*,#5006,.T.);
#5162 = ORIENTED_EDGE('',*,*,#3943,.T.);
#5163 = ORIENTED_EDGE('',*,*,#5121,.F.);
#5164 = ORIENTED_EDGE('',*,*,#5165,.F.);
#5165 = EDGE_CURVE('',#5166,#5114,#5168,.T.);
#5166 = VERTEX_POINT('',#5167);
#5167 = CARTESIAN_POINT('',(5.095042357687,5.924893132838,0.475000121518
    ));
#5168 = CIRCLE('',#5169,5.E-03);
#5169 = AXIS2_PLACEMENT_3D('',#5170,#5171,#5172);
#5170 = CARTESIAN_POINT('',(5.100042357687,5.924893133056,0.475000121299
    ));
#5171 = DIRECTION('',(-4.371138828675E-08,1.,6.172836583354E-28));
#5172 = DIRECTION('',(-1.,-4.371138828675E-08,4.371140912996E-08));
#5173 = ORIENTED_EDGE('',*,*,#5174,.F.);
#5174 = EDGE_CURVE('',#5175,#5166,#5177,.T.);
#5175 = VERTEX_POINT('',#5176);
#5176 = CARTESIAN_POINT('',(5.09504234441,5.924893132838,0.171253296121)
  );
#5177 = LINE('',#5178,#5179);
#5178 = CARTESIAN_POINT('',(5.09504234441,5.924893132838,0.171253296121)
  );
#5179 = VECTOR('',#5180,1.);
#5180 = DIRECTION('',(4.371140912996E-08,1.91068637704E-15,1.));
#5181 = ORIENTED_EDGE('',*,*,#5182,.F.);
#5182 = EDGE_CURVE('',#5183,#5175,#5185,.T.);
#5183 = VERTEX_POINT('',#5184);
#5184 = CARTESIAN_POINT('',(4.970222437772,5.924893127382,
    2.76644316093E-02));
#5185 = CIRCLE('',#5186,0.145);
#5186 = AXIS2_PLACEMENT_3D('',#5187,#5188,#5189);
#5187 = CARTESIAN_POINT('',(4.95004234441,5.9248931265,0.171253302459));
#5188 = DIRECTION('',(4.371138828675E-08,-1.,-6.172836583354E-28));
#5189 = DIRECTION('',(-1.,-4.371138828675E-08,4.371140912996E-08));
#5190 = ORIENTED_EDGE('',*,*,#5191,.F.);
#5191 = EDGE_CURVE('',#5192,#5183,#5194,.T.);
#5192 = VERTEX_POINT('',#5193);
#5193 = CARTESIAN_POINT('',(4.456305124519,5.924893104918,
    -4.456191365555E-02));
#5194 = LINE('',#5195,#5196);
#5195 = CARTESIAN_POINT('',(4.456305124519,5.924893104918,
    -4.456191365555E-02));
#5196 = VECTOR('',#5197,1.);
#5197 = DIRECTION('',(0.990268074825,4.328599232664E-08,0.139173057674)
  );
#5198 = ORIENTED_EDGE('',*,*,#5199,.F.);
#5199 = EDGE_CURVE('',#5200,#5192,#5202,.T.);
#5200 = VERTEX_POINT('',#5201);
#5201 = CARTESIAN_POINT('',(4.443779549328,5.92489310437,
    4.45622130787E-02));
#5202 = LINE('',#5203,#5204);
#5203 = CARTESIAN_POINT('',(4.443779549328,5.92489310437,
    4.45622130787E-02));
#5204 = VECTOR('',#5205,1.);
#5205 = DIRECTION('',(0.139173057674,6.083447563043E-09,-0.990268074825)
  );
#5206 = ORIENTED_EDGE('',*,*,#5207,.F.);
#5207 = EDGE_CURVE('',#5139,#5200,#5208,.T.);
#5208 = LINE('',#5209,#5210);
#5209 = CARTESIAN_POINT('',(4.957696862582,5.924893126834,0.116788558344
    ));
#5210 = VECTOR('',#5211,1.);
#5211 = DIRECTION('',(-0.990268074825,-4.328599232664E-08,
    -0.139173057674));
#5212 = PLANE('',#5213);
#5213 = AXIS2_PLACEMENT_3D('',#5214,#5215,#5216);
#5214 = CARTESIAN_POINT('',(4.95004234441,5.9248931265,0.171253302459));
#5215 = DIRECTION('',(4.371138828675E-08,-1.,-6.169387817334E-28));
#5216 = DIRECTION('',(1.,4.371138828675E-08,-4.371140912996E-08));
#5217 = ADVANCED_FACE('',(#5218,#5224),#5234,.T.);
#5218 = FACE_BOUND('',#5219,.T.);
#5219 = EDGE_LOOP('',(#5220,#5221,#5222,#5223));
#5220 = ORIENTED_EDGE('',*,*,#4726,.F.);
#5221 = ORIENTED_EDGE('',*,*,#3997,.F.);
#5222 = ORIENTED_EDGE('',*,*,#3973,.F.);
#5223 = ORIENTED_EDGE('',*,*,#4741,.F.);
#5224 = FACE_BOUND('',#5225,.T.);
#5225 = EDGE_LOOP('',(#5226,#5227));
#5226 = ORIENTED_EDGE('',*,*,#3531,.T.);
#5227 = ORIENTED_EDGE('',*,*,#5228,.T.);
#5228 = EDGE_CURVE('',#3532,#3524,#5229,.T.);
#5229 = CIRCLE('',#5230,0.15);
#5230 = AXIS2_PLACEMENT_3D('',#5231,#5232,#5233);
#5231 = CARTESIAN_POINT('',(7.125147921918,4.327246377081,1.050000032779
    ));
#5232 = DIRECTION('',(-4.371140912996E-08,-1.91068637704E-15,-1.));
#5233 = DIRECTION('',(1.,4.371138828674E-08,-4.371140912996E-08));
#5234 = PLANE('',#5235);
#5235 = AXIS2_PLACEMENT_3D('',#5236,#5237,#5238);
#5236 = CARTESIAN_POINT('',(7.875042482264,3.649893254355,1.05));
#5237 = DIRECTION('',(4.371140912996E-08,1.91068637704E-15,1.));
#5238 = DIRECTION('',(1.,4.371138828674E-08,-4.371140912996E-08));
#5239 = ADVANCED_FACE('',(#5240),#5251,.T.);
#5240 = FACE_BOUND('',#5241,.T.);
#5241 = EDGE_LOOP('',(#5242,#5243,#5244,#5245));
#5242 = ORIENTED_EDGE('',*,*,#4078,.F.);
#5243 = ORIENTED_EDGE('',*,*,#4037,.F.);
#5244 = ORIENTED_EDGE('',*,*,#4177,.T.);
#5245 = ORIENTED_EDGE('',*,*,#5246,.T.);
#5246 = EDGE_CURVE('',#4168,#4079,#5247,.T.);
#5247 = LINE('',#5248,#5249);
#5248 = CARTESIAN_POINT('',(8.045042427188,4.334893261786,0.474999992569
    ));
#5249 = VECTOR('',#5250,1.);
#5250 = DIRECTION('',(-4.371138828675E-08,1.,6.169387817334E-28));
#5251 = CYLINDRICAL_SURFACE('',#5252,9.5E-02);
#5252 = AXIS2_PLACEMENT_3D('',#5253,#5254,#5255);
#5253 = CARTESIAN_POINT('',(7.950042427188,4.334893257634,0.474999996722
    ));
#5254 = DIRECTION('',(4.371138828675E-08,-1.,-6.169387817334E-28));
#5255 = DIRECTION('',(1.,4.371138828675E-08,-4.371140912996E-08));
#5256 = ADVANCED_FACE('',(#5257),#5268,.F.);
#5257 = FACE_BOUND('',#5258,.F.);
#5258 = EDGE_LOOP('',(#5259,#5260,#5266,#5267));
#5259 = ORIENTED_EDGE('',*,*,#4187,.F.);
#5260 = ORIENTED_EDGE('',*,*,#5261,.T.);
#5261 = EDGE_CURVE('',#4188,#4054,#5262,.T.);
#5262 = LINE('',#5263,#5264);
#5263 = CARTESIAN_POINT('',(7.955042427188,4.334893257852,0.474999996503
    ));
#5264 = VECTOR('',#5265,1.);
#5265 = DIRECTION('',(-4.371138828675E-08,1.,6.169387817334E-28));
#5266 = ORIENTED_EDGE('',*,*,#4061,.T.);
#5267 = ORIENTED_EDGE('',*,*,#4145,.F.);
#5268 = CYLINDRICAL_SURFACE('',#5269,5.E-03);
#5269 = AXIS2_PLACEMENT_3D('',#5270,#5271,#5272);
#5270 = CARTESIAN_POINT('',(7.950042427188,4.334893257634,0.474999996722
    ));
#5271 = DIRECTION('',(4.371138828675E-08,-1.,-6.169387817334E-28));
#5272 = DIRECTION('',(1.,4.371138828675E-08,-4.371140912996E-08));
#5273 = ADVANCED_FACE('',(#5274),#5285,.F.);
#5274 = FACE_BOUND('',#5275,.T.);
#5275 = EDGE_LOOP('',(#5276,#5277,#5278,#5284));
#5276 = ORIENTED_EDGE('',*,*,#5261,.T.);
#5277 = ORIENTED_EDGE('',*,*,#4051,.F.);
#5278 = ORIENTED_EDGE('',*,*,#5279,.F.);
#5279 = EDGE_CURVE('',#4197,#4052,#5280,.T.);
#5280 = LINE('',#5281,#5282);
#5281 = CARTESIAN_POINT('',(7.955042413911,4.334893257852,0.171253171106
    ));
#5282 = VECTOR('',#5283,1.);
#5283 = DIRECTION('',(-4.371138828675E-08,1.,6.169387817334E-28));
#5284 = ORIENTED_EDGE('',*,*,#4196,.T.);
#5285 = PLANE('',#5286);
#5286 = AXIS2_PLACEMENT_3D('',#5287,#5288,#5289);
#5287 = CARTESIAN_POINT('',(7.955042413911,4.334893257852,0.171253171106
    ));
#5288 = DIRECTION('',(1.,4.371138828675E-08,-4.371140912996E-08));
#5289 = DIRECTION('',(-4.371138828675E-08,1.,6.169387817334E-28));
#5290 = ADVANCED_FACE('',(#5291),#5302,.T.);
#5291 = FACE_BOUND('',#5292,.T.);
#5292 = EDGE_LOOP('',(#5293,#5294,#5300,#5301));
#5293 = ORIENTED_EDGE('',*,*,#4128,.F.);
#5294 = ORIENTED_EDGE('',*,*,#5295,.T.);
#5295 = EDGE_CURVE('',#4121,#4205,#5296,.T.);
#5296 = LINE('',#5297,#5298);
#5297 = CARTESIAN_POINT('',(8.079862307995,4.334893263308,
    2.766429568256E-02));
#5298 = VECTOR('',#5299,1.);
#5299 = DIRECTION('',(4.371138828675E-08,-1.,-6.169387817334E-28));
#5300 = ORIENTED_EDGE('',*,*,#4204,.T.);
#5301 = ORIENTED_EDGE('',*,*,#5279,.T.);
#5302 = CYLINDRICAL_SURFACE('',#5303,0.145);
#5303 = AXIS2_PLACEMENT_3D('',#5304,#5305,#5306);
#5304 = CARTESIAN_POINT('',(8.100042413911,4.334893264191,0.171253164768
    ));
#5305 = DIRECTION('',(4.371138828675E-08,-1.,-6.169387817334E-28));
#5306 = DIRECTION('',(1.,4.371138828675E-08,-4.371140912996E-08));
#5307 = ADVANCED_FACE('',(#5308),#5319,.F.);
#5308 = FACE_BOUND('',#5309,.T.);
#5309 = EDGE_LOOP('',(#5310,#5311,#5312,#5318));
#5310 = ORIENTED_EDGE('',*,*,#5295,.F.);
#5311 = ORIENTED_EDGE('',*,*,#4120,.F.);
#5312 = ORIENTED_EDGE('',*,*,#5313,.F.);
#5313 = EDGE_CURVE('',#4214,#4113,#5314,.T.);
#5314 = LINE('',#5315,#5316);
#5315 = CARTESIAN_POINT('',(8.593779614934,4.334893285772,
    -4.456209451039E-02));
#5316 = VECTOR('',#5317,1.);
#5317 = DIRECTION('',(-4.371138828674E-08,1.,-1.944579643292E-21));
#5318 = ORIENTED_EDGE('',*,*,#4213,.T.);
#5319 = PLANE('',#5320);
#5320 = AXIS2_PLACEMENT_3D('',#5321,#5322,#5323);
#5321 = CARTESIAN_POINT('',(8.593779614934,4.334893285772,
    -4.456209451039E-02));
#5322 = DIRECTION('',(0.139173144246,6.083451347228E-09,0.990268062658)
  );
#5323 = DIRECTION('',(0.990268062658,4.32859917948E-08,-0.139173144246)
  );
#5324 = ADVANCED_FACE('',(#5325),#5336,.T.);
#5325 = FACE_BOUND('',#5326,.T.);
#5326 = EDGE_LOOP('',(#5327,#5328,#5334,#5335));
#5327 = ORIENTED_EDGE('',*,*,#4112,.F.);
#5328 = ORIENTED_EDGE('',*,*,#5329,.T.);
#5329 = EDGE_CURVE('',#4105,#4222,#5330,.T.);
#5330 = LINE('',#5331,#5332);
#5331 = CARTESIAN_POINT('',(8.606305197916,4.33489328632,
    4.456203112884E-02));
#5332 = VECTOR('',#5333,1.);
#5333 = DIRECTION('',(4.371138828675E-08,-1.,-1.944580260414E-21));
#5334 = ORIENTED_EDGE('',*,*,#4221,.T.);
#5335 = ORIENTED_EDGE('',*,*,#5313,.T.);
#5336 = PLANE('',#5337);
#5337 = AXIS2_PLACEMENT_3D('',#5338,#5339,#5340);
#5338 = CARTESIAN_POINT('',(8.593779614934,4.334893285772,
    -4.456209451039E-02));
#5339 = DIRECTION('',(0.990268062658,4.328599179482E-08,-0.139173144246)
  );
#5340 = DIRECTION('',(-0.139173144246,-6.083451347227E-09,
    -0.990268062658));
#5341 = ADVANCED_FACE('',(#5342),#5353,.T.);
#5342 = FACE_BOUND('',#5343,.T.);
#5343 = EDGE_LOOP('',(#5344,#5345,#5346,#5347));
#5344 = ORIENTED_EDGE('',*,*,#4229,.T.);
#5345 = ORIENTED_EDGE('',*,*,#5329,.F.);
#5346 = ORIENTED_EDGE('',*,*,#4104,.F.);
#5347 = ORIENTED_EDGE('',*,*,#5348,.T.);
#5348 = EDGE_CURVE('',#4096,#4230,#5349,.T.);
#5349 = LINE('',#5350,#5351);
#5350 = CARTESIAN_POINT('',(8.110648314317,4.334893264654,0.11422208537)
  );
#5351 = VECTOR('',#5352,1.);
#5352 = DIRECTION('',(4.371138828674E-08,-1.,1.944579643292E-21));
#5353 = PLANE('',#5354);
#5354 = AXIS2_PLACEMENT_3D('',#5355,#5356,#5357);
#5355 = CARTESIAN_POINT('',(8.606305197916,4.33489328632,
    4.456203112884E-02));
#5356 = DIRECTION('',(0.139173144246,6.083451347228E-09,0.990268062658)
  );
#5357 = DIRECTION('',(0.990268062658,4.32859917948E-08,-0.139173144246)
  );
#5358 = ADVANCED_FACE('',(#5359),#5370,.F.);
#5359 = FACE_BOUND('',#5360,.F.);
#5360 = EDGE_LOOP('',(#5361,#5367,#5368,#5369));
#5361 = ORIENTED_EDGE('',*,*,#5362,.T.);
#5362 = EDGE_CURVE('',#4170,#4088,#5363,.T.);
#5363 = LINE('',#5364,#5365);
#5364 = CARTESIAN_POINT('',(8.045042426082,4.074893261786,0.18969304626)
  );
#5365 = VECTOR('',#5366,1.);
#5366 = DIRECTION('',(-4.371138828674E-08,1.,1.840849544066E-31));
#5367 = ORIENTED_EDGE('',*,*,#4095,.T.);
#5368 = ORIENTED_EDGE('',*,*,#5348,.T.);
#5369 = ORIENTED_EDGE('',*,*,#4237,.F.);
#5370 = CYLINDRICAL_SURFACE('',#5371,7.621265433529E-02);
#5371 = AXIS2_PLACEMENT_3D('',#5372,#5373,#5374);
#5372 = CARTESIAN_POINT('',(8.121255080417,4.074893265118,0.189693042928
    ));
#5373 = DIRECTION('',(-4.371138828674E-08,1.,1.840849544066E-31));
#5374 = DIRECTION('',(-1.,-4.371138828674E-08,4.371140912996E-08));
#5375 = ADVANCED_FACE('',(#5376),#5382,.T.);
#5376 = FACE_BOUND('',#5377,.T.);
#5377 = EDGE_LOOP('',(#5378,#5379,#5380,#5381));
#5378 = ORIENTED_EDGE('',*,*,#4087,.F.);
#5379 = ORIENTED_EDGE('',*,*,#5246,.F.);
#5380 = ORIENTED_EDGE('',*,*,#4167,.T.);
#5381 = ORIENTED_EDGE('',*,*,#5362,.T.);
#5382 = PLANE('',#5383);
#5383 = AXIS2_PLACEMENT_3D('',#5384,#5385,#5386);
#5384 = CARTESIAN_POINT('',(8.045042413911,4.334893261786,0.171253167172
    ));
#5385 = DIRECTION('',(1.,4.371138828675E-08,-4.371140912996E-08));
#5386 = DIRECTION('',(-4.371138828675E-08,1.,6.169387817334E-28));
#5387 = ADVANCED_FACE('',(#5388),#5399,.T.);
#5388 = FACE_BOUND('',#5389,.T.);
#5389 = EDGE_LOOP('',(#5390,#5391,#5392,#5393));
#5390 = ORIENTED_EDGE('',*,*,#4310,.F.);
#5391 = ORIENTED_EDGE('',*,*,#4269,.F.);
#5392 = ORIENTED_EDGE('',*,*,#4409,.T.);
#5393 = ORIENTED_EDGE('',*,*,#5394,.T.);
#5394 = EDGE_CURVE('',#4400,#4311,#5395,.T.);
#5395 = LINE('',#5396,#5397);
#5396 = CARTESIAN_POINT('',(8.045042404021,4.864893261786,0.474999992569
    ));
#5397 = VECTOR('',#5398,1.);
#5398 = DIRECTION('',(-4.371138828675E-08,1.,6.169387817334E-28));
#5399 = CYLINDRICAL_SURFACE('',#5400,9.5E-02);
#5400 = AXIS2_PLACEMENT_3D('',#5401,#5402,#5403);
#5401 = CARTESIAN_POINT('',(7.950042404021,4.864893257634,0.474999996722
    ));
#5402 = DIRECTION('',(4.371138828675E-08,-1.,-6.169387817334E-28));
#5403 = DIRECTION('',(1.,4.371138828675E-08,-4.371140912996E-08));
#5404 = ADVANCED_FACE('',(#5405),#5416,.F.);
#5405 = FACE_BOUND('',#5406,.F.);
#5406 = EDGE_LOOP('',(#5407,#5408,#5414,#5415));
#5407 = ORIENTED_EDGE('',*,*,#4419,.F.);
#5408 = ORIENTED_EDGE('',*,*,#5409,.T.);
#5409 = EDGE_CURVE('',#4420,#4286,#5410,.T.);
#5410 = LINE('',#5411,#5412);
#5411 = CARTESIAN_POINT('',(7.955042404021,4.864893257852,0.474999996503
    ));
#5412 = VECTOR('',#5413,1.);
#5413 = DIRECTION('',(-4.371138828675E-08,1.,6.169387817334E-28));
#5414 = ORIENTED_EDGE('',*,*,#4293,.T.);
#5415 = ORIENTED_EDGE('',*,*,#4377,.F.);
#5416 = CYLINDRICAL_SURFACE('',#5417,5.E-03);
#5417 = AXIS2_PLACEMENT_3D('',#5418,#5419,#5420);
#5418 = CARTESIAN_POINT('',(7.950042404021,4.864893257634,0.474999996722
    ));
#5419 = DIRECTION('',(4.371138828675E-08,-1.,-6.169387817334E-28));
#5420 = DIRECTION('',(1.,4.371138828675E-08,-4.371140912996E-08));
#5421 = ADVANCED_FACE('',(#5422),#5433,.F.);
#5422 = FACE_BOUND('',#5423,.T.);
#5423 = EDGE_LOOP('',(#5424,#5425,#5426,#5432));
#5424 = ORIENTED_EDGE('',*,*,#5409,.T.);
#5425 = ORIENTED_EDGE('',*,*,#4283,.F.);
#5426 = ORIENTED_EDGE('',*,*,#5427,.F.);
#5427 = EDGE_CURVE('',#4429,#4284,#5428,.T.);
#5428 = LINE('',#5429,#5430);
#5429 = CARTESIAN_POINT('',(7.955042390744,4.864893257852,0.171253171106
    ));
#5430 = VECTOR('',#5431,1.);
#5431 = DIRECTION('',(-4.371138828675E-08,1.,6.169387817334E-28));
#5432 = ORIENTED_EDGE('',*,*,#4428,.T.);
#5433 = PLANE('',#5434);
#5434 = AXIS2_PLACEMENT_3D('',#5435,#5436,#5437);
#5435 = CARTESIAN_POINT('',(7.955042390744,4.864893257852,0.171253171106
    ));
#5436 = DIRECTION('',(1.,4.371138828675E-08,-4.371140912996E-08));
#5437 = DIRECTION('',(-4.371138828675E-08,1.,6.169387817334E-28));
#5438 = ADVANCED_FACE('',(#5439),#5450,.T.);
#5439 = FACE_BOUND('',#5440,.T.);
#5440 = EDGE_LOOP('',(#5441,#5442,#5448,#5449));
#5441 = ORIENTED_EDGE('',*,*,#4360,.F.);
#5442 = ORIENTED_EDGE('',*,*,#5443,.T.);
#5443 = EDGE_CURVE('',#4353,#4437,#5444,.T.);
#5444 = LINE('',#5445,#5446);
#5445 = CARTESIAN_POINT('',(8.079862284828,4.864893263308,
    2.766429568256E-02));
#5446 = VECTOR('',#5447,1.);
#5447 = DIRECTION('',(4.371138828675E-08,-1.,-6.169387817334E-28));
#5448 = ORIENTED_EDGE('',*,*,#4436,.T.);
#5449 = ORIENTED_EDGE('',*,*,#5427,.T.);
#5450 = CYLINDRICAL_SURFACE('',#5451,0.145);
#5451 = AXIS2_PLACEMENT_3D('',#5452,#5453,#5454);
#5452 = CARTESIAN_POINT('',(8.100042390744,4.864893264191,0.171253164768
    ));
#5453 = DIRECTION('',(4.371138828675E-08,-1.,-6.169387817334E-28));
#5454 = DIRECTION('',(1.,4.371138828675E-08,-4.371140912996E-08));
#5455 = ADVANCED_FACE('',(#5456),#5467,.F.);
#5456 = FACE_BOUND('',#5457,.T.);
#5457 = EDGE_LOOP('',(#5458,#5459,#5460,#5466));
#5458 = ORIENTED_EDGE('',*,*,#5443,.F.);
#5459 = ORIENTED_EDGE('',*,*,#4352,.F.);
#5460 = ORIENTED_EDGE('',*,*,#5461,.F.);
#5461 = EDGE_CURVE('',#4446,#4345,#5462,.T.);
#5462 = LINE('',#5463,#5464);
#5463 = CARTESIAN_POINT('',(8.593779591767,4.864893285772,
    -4.456209451039E-02));
#5464 = VECTOR('',#5465,1.);
#5465 = DIRECTION('',(-4.371138828674E-08,1.,-1.944579643292E-21));
#5466 = ORIENTED_EDGE('',*,*,#4445,.T.);
#5467 = PLANE('',#5468);
#5468 = AXIS2_PLACEMENT_3D('',#5469,#5470,#5471);
#5469 = CARTESIAN_POINT('',(8.593779591767,4.864893285772,
    -4.456209451039E-02));
#5470 = DIRECTION('',(0.139173144246,6.083451347228E-09,0.990268062658)
  );
#5471 = DIRECTION('',(0.990268062658,4.32859917948E-08,-0.139173144246)
  );
#5472 = ADVANCED_FACE('',(#5473),#5484,.T.);
#5473 = FACE_BOUND('',#5474,.T.);
#5474 = EDGE_LOOP('',(#5475,#5476,#5482,#5483));
#5475 = ORIENTED_EDGE('',*,*,#4344,.F.);
#5476 = ORIENTED_EDGE('',*,*,#5477,.T.);
#5477 = EDGE_CURVE('',#4337,#4454,#5478,.T.);
#5478 = LINE('',#5479,#5480);
#5479 = CARTESIAN_POINT('',(8.606305174749,4.86489328632,
    4.456203112884E-02));
#5480 = VECTOR('',#5481,1.);
#5481 = DIRECTION('',(4.371138828675E-08,-1.,-1.944580260414E-21));
#5482 = ORIENTED_EDGE('',*,*,#4453,.T.);
#5483 = ORIENTED_EDGE('',*,*,#5461,.T.);
#5484 = PLANE('',#5485);
#5485 = AXIS2_PLACEMENT_3D('',#5486,#5487,#5488);
#5486 = CARTESIAN_POINT('',(8.593779591767,4.864893285772,
    -4.456209451039E-02));
#5487 = DIRECTION('',(0.990268062658,4.328599179482E-08,-0.139173144246)
  );
#5488 = DIRECTION('',(-0.139173144246,-6.083451347227E-09,
    -0.990268062658));
#5489 = ADVANCED_FACE('',(#5490),#5501,.T.);
#5490 = FACE_BOUND('',#5491,.T.);
#5491 = EDGE_LOOP('',(#5492,#5493,#5494,#5495));
#5492 = ORIENTED_EDGE('',*,*,#4461,.T.);
#5493 = ORIENTED_EDGE('',*,*,#5477,.F.);
#5494 = ORIENTED_EDGE('',*,*,#4336,.F.);
#5495 = ORIENTED_EDGE('',*,*,#5496,.T.);
#5496 = EDGE_CURVE('',#4328,#4462,#5497,.T.);
#5497 = LINE('',#5498,#5499);
#5498 = CARTESIAN_POINT('',(8.11064829115,4.864893264654,0.11422208537)
  );
#5499 = VECTOR('',#5500,1.);
#5500 = DIRECTION('',(4.371138828674E-08,-1.,1.944579643292E-21));
#5501 = PLANE('',#5502);
#5502 = AXIS2_PLACEMENT_3D('',#5503,#5504,#5505);
#5503 = CARTESIAN_POINT('',(8.606305174749,4.86489328632,
    4.456203112884E-02));
#5504 = DIRECTION('',(0.139173144246,6.083451347228E-09,0.990268062658)
  );
#5505 = DIRECTION('',(0.990268062658,4.32859917948E-08,-0.139173144246)
  );
#5506 = ADVANCED_FACE('',(#5507),#5518,.F.);
#5507 = FACE_BOUND('',#5508,.F.);
#5508 = EDGE_LOOP('',(#5509,#5515,#5516,#5517));
#5509 = ORIENTED_EDGE('',*,*,#5510,.T.);
#5510 = EDGE_CURVE('',#4402,#4320,#5511,.T.);
#5511 = LINE('',#5512,#5513);
#5512 = CARTESIAN_POINT('',(8.045042402915,4.604893261786,0.18969304626)
  );
#5513 = VECTOR('',#5514,1.);
#5514 = DIRECTION('',(-4.371138828674E-08,1.,1.840849544066E-31));
#5515 = ORIENTED_EDGE('',*,*,#4327,.T.);
#5516 = ORIENTED_EDGE('',*,*,#5496,.T.);
#5517 = ORIENTED_EDGE('',*,*,#4469,.F.);
#5518 = CYLINDRICAL_SURFACE('',#5519,7.621265433529E-02);
#5519 = AXIS2_PLACEMENT_3D('',#5520,#5521,#5522);
#5520 = CARTESIAN_POINT('',(8.12125505725,4.604893265118,0.189693042928)
  );
#5521 = DIRECTION('',(-4.371138828674E-08,1.,1.840849544066E-31));
#5522 = DIRECTION('',(-1.,-4.371138828674E-08,4.371140912996E-08));
#5523 = ADVANCED_FACE('',(#5524),#5530,.T.);
#5524 = FACE_BOUND('',#5525,.T.);
#5525 = EDGE_LOOP('',(#5526,#5527,#5528,#5529));
#5526 = ORIENTED_EDGE('',*,*,#4319,.F.);
#5527 = ORIENTED_EDGE('',*,*,#5394,.F.);
#5528 = ORIENTED_EDGE('',*,*,#4399,.T.);
#5529 = ORIENTED_EDGE('',*,*,#5510,.T.);
#5530 = PLANE('',#5531);
#5531 = AXIS2_PLACEMENT_3D('',#5532,#5533,#5534);
#5532 = CARTESIAN_POINT('',(8.045042390744,4.864893261786,0.171253167172
    ));
#5533 = DIRECTION('',(1.,4.371138828675E-08,-4.371140912996E-08));
#5534 = DIRECTION('',(-4.371138828675E-08,1.,6.169387817334E-28));
#5535 = ADVANCED_FACE('',(#5536),#5547,.T.);
#5536 = FACE_BOUND('',#5537,.T.);
#5537 = EDGE_LOOP('',(#5538,#5539,#5540,#5541));
#5538 = ORIENTED_EDGE('',*,*,#4542,.F.);
#5539 = ORIENTED_EDGE('',*,*,#4501,.F.);
#5540 = ORIENTED_EDGE('',*,*,#4641,.T.);
#5541 = ORIENTED_EDGE('',*,*,#5542,.T.);
#5542 = EDGE_CURVE('',#4632,#4543,#5543,.T.);
#5543 = LINE('',#5544,#5545);
#5544 = CARTESIAN_POINT('',(8.045042357687,5.924893261786,0.474999992569
    ));
#5545 = VECTOR('',#5546,1.);
#5546 = DIRECTION('',(-4.371138828675E-08,1.,6.169387817334E-28));
#5547 = CYLINDRICAL_SURFACE('',#5548,9.5E-02);
#5548 = AXIS2_PLACEMENT_3D('',#5549,#5550,#5551);
#5549 = CARTESIAN_POINT('',(7.950042357687,5.924893257634,0.474999996722
    ));
#5550 = DIRECTION('',(4.371138828675E-08,-1.,-6.169387817334E-28));
#5551 = DIRECTION('',(1.,4.371138828675E-08,-4.371140912996E-08));
#5552 = ADVANCED_FACE('',(#5553),#5564,.F.);
#5553 = FACE_BOUND('',#5554,.F.);
#5554 = EDGE_LOOP('',(#5555,#5556,#5562,#5563));
#5555 = ORIENTED_EDGE('',*,*,#4651,.F.);
#5556 = ORIENTED_EDGE('',*,*,#5557,.T.);
#5557 = EDGE_CURVE('',#4652,#4518,#5558,.T.);
#5558 = LINE('',#5559,#5560);
#5559 = CARTESIAN_POINT('',(7.955042357687,5.924893257852,0.474999996503
    ));
#5560 = VECTOR('',#5561,1.);
#5561 = DIRECTION('',(-4.371138828675E-08,1.,6.169387817334E-28));
#5562 = ORIENTED_EDGE('',*,*,#4525,.T.);
#5563 = ORIENTED_EDGE('',*,*,#4609,.F.);
#5564 = CYLINDRICAL_SURFACE('',#5565,5.E-03);
#5565 = AXIS2_PLACEMENT_3D('',#5566,#5567,#5568);
#5566 = CARTESIAN_POINT('',(7.950042357687,5.924893257634,0.474999996722
    ));
#5567 = DIRECTION('',(4.371138828675E-08,-1.,-6.169387817334E-28));
#5568 = DIRECTION('',(1.,4.371138828675E-08,-4.371140912996E-08));
#5569 = ADVANCED_FACE('',(#5570),#5581,.F.);
#5570 = FACE_BOUND('',#5571,.T.);
#5571 = EDGE_LOOP('',(#5572,#5573,#5574,#5580));
#5572 = ORIENTED_EDGE('',*,*,#5557,.T.);
#5573 = ORIENTED_EDGE('',*,*,#4515,.F.);
#5574 = ORIENTED_EDGE('',*,*,#5575,.F.);
#5575 = EDGE_CURVE('',#4661,#4516,#5576,.T.);
#5576 = LINE('',#5577,#5578);
#5577 = CARTESIAN_POINT('',(7.95504234441,5.924893257852,0.171253171106)
  );
#5578 = VECTOR('',#5579,1.);
#5579 = DIRECTION('',(-4.371138828675E-08,1.,6.169387817334E-28));
#5580 = ORIENTED_EDGE('',*,*,#4660,.T.);
#5581 = PLANE('',#5582);
#5582 = AXIS2_PLACEMENT_3D('',#5583,#5584,#5585);
#5583 = CARTESIAN_POINT('',(7.95504234441,5.924893257852,0.171253171106)
  );
#5584 = DIRECTION('',(1.,4.371138828675E-08,-4.371140912996E-08));
#5585 = DIRECTION('',(-4.371138828675E-08,1.,6.169387817334E-28));
#5586 = ADVANCED_FACE('',(#5587),#5598,.T.);
#5587 = FACE_BOUND('',#5588,.T.);
#5588 = EDGE_LOOP('',(#5589,#5590,#5596,#5597));
#5589 = ORIENTED_EDGE('',*,*,#4592,.F.);
#5590 = ORIENTED_EDGE('',*,*,#5591,.T.);
#5591 = EDGE_CURVE('',#4585,#4669,#5592,.T.);
#5592 = LINE('',#5593,#5594);
#5593 = CARTESIAN_POINT('',(8.079862238494,5.924893263308,
    2.766429568256E-02));
#5594 = VECTOR('',#5595,1.);
#5595 = DIRECTION('',(4.371138828675E-08,-1.,-6.169387817334E-28));
#5596 = ORIENTED_EDGE('',*,*,#4668,.T.);
#5597 = ORIENTED_EDGE('',*,*,#5575,.T.);
#5598 = CYLINDRICAL_SURFACE('',#5599,0.145);
#5599 = AXIS2_PLACEMENT_3D('',#5600,#5601,#5602);
#5600 = CARTESIAN_POINT('',(8.10004234441,5.924893264191,0.171253164768)
  );
#5601 = DIRECTION('',(4.371138828675E-08,-1.,-6.169387817334E-28));
#5602 = DIRECTION('',(1.,4.371138828675E-08,-4.371140912996E-08));
#5603 = ADVANCED_FACE('',(#5604),#5615,.F.);
#5604 = FACE_BOUND('',#5605,.T.);
#5605 = EDGE_LOOP('',(#5606,#5607,#5608,#5614));
#5606 = ORIENTED_EDGE('',*,*,#5591,.F.);
#5607 = ORIENTED_EDGE('',*,*,#4584,.F.);
#5608 = ORIENTED_EDGE('',*,*,#5609,.F.);
#5609 = EDGE_CURVE('',#4678,#4577,#5610,.T.);
#5610 = LINE('',#5611,#5612);
#5611 = CARTESIAN_POINT('',(8.593779545433,5.924893285772,
    -4.456209451039E-02));
#5612 = VECTOR('',#5613,1.);
#5613 = DIRECTION('',(-4.371138828674E-08,1.,-1.944579643292E-21));
#5614 = ORIENTED_EDGE('',*,*,#4677,.T.);
#5615 = PLANE('',#5616);
#5616 = AXIS2_PLACEMENT_3D('',#5617,#5618,#5619);
#5617 = CARTESIAN_POINT('',(8.593779545433,5.924893285772,
    -4.456209451039E-02));
#5618 = DIRECTION('',(0.139173144246,6.083451347228E-09,0.990268062658)
  );
#5619 = DIRECTION('',(0.990268062658,4.32859917948E-08,-0.139173144246)
  );
#5620 = ADVANCED_FACE('',(#5621),#5632,.T.);
#5621 = FACE_BOUND('',#5622,.T.);
#5622 = EDGE_LOOP('',(#5623,#5624,#5630,#5631));
#5623 = ORIENTED_EDGE('',*,*,#4576,.F.);
#5624 = ORIENTED_EDGE('',*,*,#5625,.T.);
#5625 = EDGE_CURVE('',#4569,#4686,#5626,.T.);
#5626 = LINE('',#5627,#5628);
#5627 = CARTESIAN_POINT('',(8.606305128415,5.92489328632,
    4.456203112884E-02));
#5628 = VECTOR('',#5629,1.);
#5629 = DIRECTION('',(4.371138828675E-08,-1.,-1.944580260414E-21));
#5630 = ORIENTED_EDGE('',*,*,#4685,.T.);
#5631 = ORIENTED_EDGE('',*,*,#5609,.T.);
#5632 = PLANE('',#5633);
#5633 = AXIS2_PLACEMENT_3D('',#5634,#5635,#5636);
#5634 = CARTESIAN_POINT('',(8.593779545433,5.924893285772,
    -4.456209451039E-02));
#5635 = DIRECTION('',(0.990268062658,4.328599179482E-08,-0.139173144246)
  );
#5636 = DIRECTION('',(-0.139173144246,-6.083451347227E-09,
    -0.990268062658));
#5637 = ADVANCED_FACE('',(#5638),#5649,.T.);
#5638 = FACE_BOUND('',#5639,.T.);
#5639 = EDGE_LOOP('',(#5640,#5641,#5642,#5643));
#5640 = ORIENTED_EDGE('',*,*,#4693,.T.);
#5641 = ORIENTED_EDGE('',*,*,#5625,.F.);
#5642 = ORIENTED_EDGE('',*,*,#4568,.F.);
#5643 = ORIENTED_EDGE('',*,*,#5644,.T.);
#5644 = EDGE_CURVE('',#4560,#4694,#5645,.T.);
#5645 = LINE('',#5646,#5647);
#5646 = CARTESIAN_POINT('',(8.110648244816,5.924893264654,0.11422208537)
  );
#5647 = VECTOR('',#5648,1.);
#5648 = DIRECTION('',(4.371138828674E-08,-1.,1.944579643292E-21));
#5649 = PLANE('',#5650);
#5650 = AXIS2_PLACEMENT_3D('',#5651,#5652,#5653);
#5651 = CARTESIAN_POINT('',(8.606305128415,5.92489328632,
    4.456203112884E-02));
#5652 = DIRECTION('',(0.139173144246,6.083451347228E-09,0.990268062658)
  );
#5653 = DIRECTION('',(0.990268062658,4.32859917948E-08,-0.139173144246)
  );
#5654 = ADVANCED_FACE('',(#5655),#5666,.F.);
#5655 = FACE_BOUND('',#5656,.F.);
#5656 = EDGE_LOOP('',(#5657,#5663,#5664,#5665));
#5657 = ORIENTED_EDGE('',*,*,#5658,.T.);
#5658 = EDGE_CURVE('',#4634,#4552,#5659,.T.);
#5659 = LINE('',#5660,#5661);
#5660 = CARTESIAN_POINT('',(8.04504235658,5.664893261786,0.18969304626)
  );
#5661 = VECTOR('',#5662,1.);
#5662 = DIRECTION('',(-4.371138828674E-08,1.,1.840849544066E-31));
#5663 = ORIENTED_EDGE('',*,*,#4559,.T.);
#5664 = ORIENTED_EDGE('',*,*,#5644,.T.);
#5665 = ORIENTED_EDGE('',*,*,#4701,.F.);
#5666 = CYLINDRICAL_SURFACE('',#5667,7.621265433529E-02);
#5667 = AXIS2_PLACEMENT_3D('',#5668,#5669,#5670);
#5668 = CARTESIAN_POINT('',(8.121255010916,5.664893265118,0.189693042928
    ));
#5669 = DIRECTION('',(-4.371138828674E-08,1.,1.840849544066E-31));
#5670 = DIRECTION('',(-1.,-4.371138828674E-08,4.371140912996E-08));
#5671 = ADVANCED_FACE('',(#5672),#5678,.T.);
#5672 = FACE_BOUND('',#5673,.T.);
#5673 = EDGE_LOOP('',(#5674,#5675,#5676,#5677));
#5674 = ORIENTED_EDGE('',*,*,#4551,.F.);
#5675 = ORIENTED_EDGE('',*,*,#5542,.F.);
#5676 = ORIENTED_EDGE('',*,*,#4631,.T.);
#5677 = ORIENTED_EDGE('',*,*,#5658,.T.);
#5678 = PLANE('',#5679);
#5679 = AXIS2_PLACEMENT_3D('',#5680,#5681,#5682);
#5680 = CARTESIAN_POINT('',(8.04504234441,5.924893261786,0.171253167172)
  );
#5681 = DIRECTION('',(1.,4.371138828675E-08,-4.371140912996E-08));
#5682 = DIRECTION('',(-4.371138828675E-08,1.,6.169387817334E-28));
#5683 = ADVANCED_FACE('',(#5684),#5695,.T.);
#5684 = FACE_BOUND('',#5685,.T.);
#5685 = EDGE_LOOP('',(#5686,#5687,#5688,#5689));
#5686 = ORIENTED_EDGE('',*,*,#4865,.F.);
#5687 = ORIENTED_EDGE('',*,*,#4757,.T.);
#5688 = ORIENTED_EDGE('',*,*,#4923,.T.);
#5689 = ORIENTED_EDGE('',*,*,#5690,.T.);
#5690 = EDGE_CURVE('',#4916,#4789,#5691,.T.);
#5691 = LINE('',#5692,#5693);
#5692 = CARTESIAN_POINT('',(5.005042438553,4.074893128904,0.475000125452
    ));
#5693 = VECTOR('',#5694,1.);
#5694 = DIRECTION('',(4.371138828675E-08,-1.,-6.169387817334E-28));
#5695 = CYLINDRICAL_SURFACE('',#5696,9.5E-02);
#5696 = AXIS2_PLACEMENT_3D('',#5697,#5698,#5699);
#5697 = CARTESIAN_POINT('',(5.100042438553,4.074893133056,0.475000121299
    ));
#5698 = DIRECTION('',(-4.371138828675E-08,1.,6.169387817334E-28));
#5699 = DIRECTION('',(-1.,-4.371138828675E-08,4.371140912996E-08));
#5700 = ADVANCED_FACE('',(#5701),#5717,.F.);
#5701 = FACE_BOUND('',#5702,.F.);
#5702 = EDGE_LOOP('',(#5703,#5704,#5710,#5711));
#5703 = ORIENTED_EDGE('',*,*,#4904,.F.);
#5704 = ORIENTED_EDGE('',*,*,#5705,.T.);
#5705 = EDGE_CURVE('',#4905,#4791,#5706,.T.);
#5706 = LINE('',#5707,#5708);
#5707 = CARTESIAN_POINT('',(5.005042425276,4.074893128904,0.171253300055
    ));
#5708 = VECTOR('',#5709,1.);
#5709 = DIRECTION('',(4.371138828675E-08,-1.,-6.169387817334E-28));
#5710 = ORIENTED_EDGE('',*,*,#4798,.T.);
#5711 = ORIENTED_EDGE('',*,*,#5712,.T.);
#5712 = EDGE_CURVE('',#4799,#4907,#5713,.T.);
#5713 = LINE('',#5714,#5715);
#5714 = CARTESIAN_POINT('',(4.957696943448,4.074893126834,0.116788558344
    ));
#5715 = VECTOR('',#5716,1.);
#5716 = DIRECTION('',(-4.371138828675E-08,1.,6.169387817334E-28));
#5717 = CYLINDRICAL_SURFACE('',#5718,5.5E-02);
#5718 = AXIS2_PLACEMENT_3D('',#5719,#5720,#5721);
#5719 = CARTESIAN_POINT('',(4.950042425276,4.0748931265,0.171253302459)
  );
#5720 = DIRECTION('',(-4.371138828675E-08,1.,6.169387817334E-28));
#5721 = DIRECTION('',(-1.,-4.371138828675E-08,4.371140912996E-08));
#5722 = ADVANCED_FACE('',(#5723),#5729,.F.);
#5723 = FACE_BOUND('',#5724,.T.);
#5724 = EDGE_LOOP('',(#5725,#5726,#5727,#5728));
#5725 = ORIENTED_EDGE('',*,*,#5705,.T.);
#5726 = ORIENTED_EDGE('',*,*,#4788,.F.);
#5727 = ORIENTED_EDGE('',*,*,#5690,.F.);
#5728 = ORIENTED_EDGE('',*,*,#4915,.T.);
#5729 = PLANE('',#5730);
#5730 = AXIS2_PLACEMENT_3D('',#5731,#5732,#5733);
#5731 = CARTESIAN_POINT('',(5.005042425276,4.074893128904,0.171253300055
    ));
#5732 = DIRECTION('',(1.,4.371138828675E-08,-4.371140912996E-08));
#5733 = DIRECTION('',(-4.371138828675E-08,1.,6.169387817334E-28));
#5734 = ADVANCED_FACE('',(#5735),#5746,.F.);
#5735 = FACE_BOUND('',#5736,.F.);
#5736 = EDGE_LOOP('',(#5737,#5738,#5744,#5745));
#5737 = ORIENTED_EDGE('',*,*,#4933,.F.);
#5738 = ORIENTED_EDGE('',*,*,#5739,.T.);
#5739 = EDGE_CURVE('',#4934,#4841,#5740,.T.);
#5740 = LINE('',#5741,#5742);
#5741 = CARTESIAN_POINT('',(5.095042438553,4.074893132838,0.475000121518
    ));
#5742 = VECTOR('',#5743,1.);
#5743 = DIRECTION('',(4.371138828675E-08,-1.,-6.169387817334E-28));
#5744 = ORIENTED_EDGE('',*,*,#4848,.T.);
#5745 = ORIENTED_EDGE('',*,*,#4881,.T.);
#5746 = CYLINDRICAL_SURFACE('',#5747,5.E-03);
#5747 = AXIS2_PLACEMENT_3D('',#5748,#5749,#5750);
#5748 = CARTESIAN_POINT('',(5.100042438553,4.074893133056,0.475000121299
    ));
#5749 = DIRECTION('',(-4.371138828675E-08,1.,6.169387817334E-28));
#5750 = DIRECTION('',(-1.,-4.371138828675E-08,4.371140912996E-08));
#5751 = ADVANCED_FACE('',(#5752),#5763,.T.);
#5752 = FACE_BOUND('',#5753,.T.);
#5753 = EDGE_LOOP('',(#5754,#5755,#5761,#5762));
#5754 = ORIENTED_EDGE('',*,*,#4840,.F.);
#5755 = ORIENTED_EDGE('',*,*,#5756,.T.);
#5756 = EDGE_CURVE('',#4832,#4943,#5757,.T.);
#5757 = LINE('',#5758,#5759);
#5758 = CARTESIAN_POINT('',(5.095042425276,4.074893132838,0.171253296121
    ));
#5759 = VECTOR('',#5760,1.);
#5760 = DIRECTION('',(-4.371138828675E-08,1.,6.169387817334E-28));
#5761 = ORIENTED_EDGE('',*,*,#4942,.T.);
#5762 = ORIENTED_EDGE('',*,*,#5739,.T.);
#5763 = PLANE('',#5764);
#5764 = AXIS2_PLACEMENT_3D('',#5765,#5766,#5767);
#5765 = CARTESIAN_POINT('',(5.095042425276,4.074893132838,0.171253296121
    ));
#5766 = DIRECTION('',(1.,4.371138828675E-08,-4.371140912996E-08));
#5767 = DIRECTION('',(-4.371138828675E-08,1.,6.169387817334E-28));
#5768 = ADVANCED_FACE('',(#5769),#5780,.T.);
#5769 = FACE_BOUND('',#5770,.T.);
#5770 = EDGE_LOOP('',(#5771,#5772,#5778,#5779));
#5771 = ORIENTED_EDGE('',*,*,#4831,.F.);
#5772 = ORIENTED_EDGE('',*,*,#5773,.T.);
#5773 = EDGE_CURVE('',#4824,#4951,#5774,.T.);
#5774 = LINE('',#5775,#5776);
#5775 = CARTESIAN_POINT('',(4.970222518638,4.074893127382,
    2.76644316093E-02));
#5776 = VECTOR('',#5777,1.);
#5777 = DIRECTION('',(-4.371138828675E-08,1.,6.169387817334E-28));
#5778 = ORIENTED_EDGE('',*,*,#4950,.T.);
#5779 = ORIENTED_EDGE('',*,*,#5756,.F.);
#5780 = CYLINDRICAL_SURFACE('',#5781,0.145);
#5781 = AXIS2_PLACEMENT_3D('',#5782,#5783,#5784);
#5782 = CARTESIAN_POINT('',(4.950042425276,4.0748931265,0.171253302459)
  );
#5783 = DIRECTION('',(-4.371138828675E-08,1.,6.169387817334E-28));
#5784 = DIRECTION('',(-1.,-4.371138828675E-08,4.371140912996E-08));
#5785 = ADVANCED_FACE('',(#5786),#5797,.T.);
#5786 = FACE_BOUND('',#5787,.T.);
#5787 = EDGE_LOOP('',(#5788,#5789,#5795,#5796));
#5788 = ORIENTED_EDGE('',*,*,#4823,.F.);
#5789 = ORIENTED_EDGE('',*,*,#5790,.T.);
#5790 = EDGE_CURVE('',#4816,#4960,#5791,.T.);
#5791 = LINE('',#5792,#5793);
#5792 = CARTESIAN_POINT('',(4.456305205385,4.074893104918,
    -4.456191365555E-02));
#5793 = VECTOR('',#5794,1.);
#5794 = DIRECTION('',(-4.371138828674E-08,1.,1.944579667552E-21));
#5795 = ORIENTED_EDGE('',*,*,#4959,.T.);
#5796 = ORIENTED_EDGE('',*,*,#5773,.F.);
#5797 = PLANE('',#5798);
#5798 = AXIS2_PLACEMENT_3D('',#5799,#5800,#5801);
#5799 = CARTESIAN_POINT('',(4.456305205385,4.074893104918,
    -4.456191365555E-02));
#5800 = DIRECTION('',(0.139173057674,6.083447563045E-09,-0.990268074825)
  );
#5801 = DIRECTION('',(-0.990268074825,-4.328599232664E-08,
    -0.139173057674));
#5802 = ADVANCED_FACE('',(#5803),#5814,.T.);
#5803 = FACE_BOUND('',#5804,.T.);
#5804 = EDGE_LOOP('',(#5805,#5806,#5812,#5813));
#5805 = ORIENTED_EDGE('',*,*,#4815,.F.);
#5806 = ORIENTED_EDGE('',*,*,#5807,.T.);
#5807 = EDGE_CURVE('',#4808,#4968,#5808,.T.);
#5808 = LINE('',#5809,#5810);
#5809 = CARTESIAN_POINT('',(4.443779630195,4.07489310437,
    4.45622130787E-02));
#5810 = VECTOR('',#5811,1.);
#5811 = DIRECTION('',(-4.371138828675E-08,1.,-1.944579050429E-21));
#5812 = ORIENTED_EDGE('',*,*,#4967,.T.);
#5813 = ORIENTED_EDGE('',*,*,#5790,.F.);
#5814 = PLANE('',#5815);
#5815 = AXIS2_PLACEMENT_3D('',#5816,#5817,#5818);
#5816 = CARTESIAN_POINT('',(4.456305205385,4.074893104918,
    -4.456191365555E-02));
#5817 = DIRECTION('',(-0.990268074825,-4.328599232665E-08,
    -0.139173057674));
#5818 = DIRECTION('',(-0.139173057674,-6.083447563043E-09,0.990268074825
    ));
#5819 = ADVANCED_FACE('',(#5820),#5826,.F.);
#5820 = FACE_BOUND('',#5821,.T.);
#5821 = EDGE_LOOP('',(#5822,#5823,#5824,#5825));
#5822 = ORIENTED_EDGE('',*,*,#5807,.F.);
#5823 = ORIENTED_EDGE('',*,*,#4807,.F.);
#5824 = ORIENTED_EDGE('',*,*,#5712,.T.);
#5825 = ORIENTED_EDGE('',*,*,#4975,.T.);
#5826 = PLANE('',#5827);
#5827 = AXIS2_PLACEMENT_3D('',#5828,#5829,#5830);
#5828 = CARTESIAN_POINT('',(4.443779630195,4.07489310437,
    4.45622130787E-02));
#5829 = DIRECTION('',(0.139173057674,6.083447563045E-09,-0.990268074825)
  );
#5830 = DIRECTION('',(-0.990268074825,-4.328599232664E-08,
    -0.139173057674));
#5831 = ADVANCED_FACE('',(#5832),#5843,.T.);
#5832 = FACE_BOUND('',#5833,.T.);
#5833 = EDGE_LOOP('',(#5834,#5835,#5836,#5837));
#5834 = ORIENTED_EDGE('',*,*,#5097,.F.);
#5835 = ORIENTED_EDGE('',*,*,#4989,.T.);
#5836 = ORIENTED_EDGE('',*,*,#5155,.T.);
#5837 = ORIENTED_EDGE('',*,*,#5838,.T.);
#5838 = EDGE_CURVE('',#5148,#5021,#5839,.T.);
#5839 = LINE('',#5840,#5841);
#5840 = CARTESIAN_POINT('',(5.005042392219,5.134893128904,0.475000125452
    ));
#5841 = VECTOR('',#5842,1.);
#5842 = DIRECTION('',(4.371138828675E-08,-1.,-6.169387817334E-28));
#5843 = CYLINDRICAL_SURFACE('',#5844,9.5E-02);
#5844 = AXIS2_PLACEMENT_3D('',#5845,#5846,#5847);
#5845 = CARTESIAN_POINT('',(5.100042392219,5.134893133056,0.475000121299
    ));
#5846 = DIRECTION('',(-4.371138828675E-08,1.,6.169387817334E-28));
#5847 = DIRECTION('',(-1.,-4.371138828675E-08,4.371140912996E-08));
#5848 = ADVANCED_FACE('',(#5849),#5865,.F.);
#5849 = FACE_BOUND('',#5850,.F.);
#5850 = EDGE_LOOP('',(#5851,#5852,#5858,#5859));
#5851 = ORIENTED_EDGE('',*,*,#5136,.F.);
#5852 = ORIENTED_EDGE('',*,*,#5853,.T.);
#5853 = EDGE_CURVE('',#5137,#5023,#5854,.T.);
#5854 = LINE('',#5855,#5856);
#5855 = CARTESIAN_POINT('',(5.005042378942,5.134893128904,0.171253300055
    ));
#5856 = VECTOR('',#5857,1.);
#5857 = DIRECTION('',(4.371138828675E-08,-1.,-6.169387817334E-28));
#5858 = ORIENTED_EDGE('',*,*,#5030,.T.);
#5859 = ORIENTED_EDGE('',*,*,#5860,.T.);
#5860 = EDGE_CURVE('',#5031,#5139,#5861,.T.);
#5861 = LINE('',#5862,#5863);
#5862 = CARTESIAN_POINT('',(4.957696897114,5.134893126834,0.116788558344
    ));
#5863 = VECTOR('',#5864,1.);
#5864 = DIRECTION('',(-4.371138828675E-08,1.,6.169387817334E-28));
#5865 = CYLINDRICAL_SURFACE('',#5866,5.5E-02);
#5866 = AXIS2_PLACEMENT_3D('',#5867,#5868,#5869);
#5867 = CARTESIAN_POINT('',(4.950042378942,5.1348931265,0.171253302459)
  );
#5868 = DIRECTION('',(-4.371138828675E-08,1.,6.169387817334E-28));
#5869 = DIRECTION('',(-1.,-4.371138828675E-08,4.371140912996E-08));
#5870 = ADVANCED_FACE('',(#5871),#5877,.F.);
#5871 = FACE_BOUND('',#5872,.T.);
#5872 = EDGE_LOOP('',(#5873,#5874,#5875,#5876));
#5873 = ORIENTED_EDGE('',*,*,#5853,.T.);
#5874 = ORIENTED_EDGE('',*,*,#5020,.F.);
#5875 = ORIENTED_EDGE('',*,*,#5838,.F.);
#5876 = ORIENTED_EDGE('',*,*,#5147,.T.);
#5877 = PLANE('',#5878);
#5878 = AXIS2_PLACEMENT_3D('',#5879,#5880,#5881);
#5879 = CARTESIAN_POINT('',(5.005042378942,5.134893128904,0.171253300055
    ));
#5880 = DIRECTION('',(1.,4.371138828675E-08,-4.371140912996E-08));
#5881 = DIRECTION('',(-4.371138828675E-08,1.,6.169387817334E-28));
#5882 = ADVANCED_FACE('',(#5883),#5894,.F.);
#5883 = FACE_BOUND('',#5884,.F.);
#5884 = EDGE_LOOP('',(#5885,#5886,#5892,#5893));
#5885 = ORIENTED_EDGE('',*,*,#5165,.F.);
#5886 = ORIENTED_EDGE('',*,*,#5887,.T.);
#5887 = EDGE_CURVE('',#5166,#5073,#5888,.T.);
#5888 = LINE('',#5889,#5890);
#5889 = CARTESIAN_POINT('',(5.095042392219,5.134893132838,0.475000121518
    ));
#5890 = VECTOR('',#5891,1.);
#5891 = DIRECTION('',(4.371138828675E-08,-1.,-6.169387817334E-28));
#5892 = ORIENTED_EDGE('',*,*,#5080,.T.);
#5893 = ORIENTED_EDGE('',*,*,#5113,.T.);
#5894 = CYLINDRICAL_SURFACE('',#5895,5.E-03);
#5895 = AXIS2_PLACEMENT_3D('',#5896,#5897,#5898);
#5896 = CARTESIAN_POINT('',(5.100042392219,5.134893133056,0.475000121299
    ));
#5897 = DIRECTION('',(-4.371138828675E-08,1.,6.169387817334E-28));
#5898 = DIRECTION('',(-1.,-4.371138828675E-08,4.371140912996E-08));
#5899 = ADVANCED_FACE('',(#5900),#5911,.T.);
#5900 = FACE_BOUND('',#5901,.T.);
#5901 = EDGE_LOOP('',(#5902,#5903,#5909,#5910));
#5902 = ORIENTED_EDGE('',*,*,#5072,.F.);
#5903 = ORIENTED_EDGE('',*,*,#5904,.T.);
#5904 = EDGE_CURVE('',#5064,#5175,#5905,.T.);
#5905 = LINE('',#5906,#5907);
#5906 = CARTESIAN_POINT('',(5.095042378942,5.134893132838,0.171253296121
    ));
#5907 = VECTOR('',#5908,1.);
#5908 = DIRECTION('',(-4.371138828675E-08,1.,6.169387817334E-28));
#5909 = ORIENTED_EDGE('',*,*,#5174,.T.);
#5910 = ORIENTED_EDGE('',*,*,#5887,.T.);
#5911 = PLANE('',#5912);
#5912 = AXIS2_PLACEMENT_3D('',#5913,#5914,#5915);
#5913 = CARTESIAN_POINT('',(5.095042378942,5.134893132838,0.171253296121
    ));
#5914 = DIRECTION('',(1.,4.371138828675E-08,-4.371140912996E-08));
#5915 = DIRECTION('',(-4.371138828675E-08,1.,6.169387817334E-28));
#5916 = ADVANCED_FACE('',(#5917),#5928,.T.);
#5917 = FACE_BOUND('',#5918,.T.);
#5918 = EDGE_LOOP('',(#5919,#5920,#5926,#5927));
#5919 = ORIENTED_EDGE('',*,*,#5063,.F.);
#5920 = ORIENTED_EDGE('',*,*,#5921,.T.);
#5921 = EDGE_CURVE('',#5056,#5183,#5922,.T.);
#5922 = LINE('',#5923,#5924);
#5923 = CARTESIAN_POINT('',(4.970222472304,5.134893127382,
    2.76644316093E-02));
#5924 = VECTOR('',#5925,1.);
#5925 = DIRECTION('',(-4.371138828675E-08,1.,6.169387817334E-28));
#5926 = ORIENTED_EDGE('',*,*,#5182,.T.);
#5927 = ORIENTED_EDGE('',*,*,#5904,.F.);
#5928 = CYLINDRICAL_SURFACE('',#5929,0.145);
#5929 = AXIS2_PLACEMENT_3D('',#5930,#5931,#5932);
#5930 = CARTESIAN_POINT('',(4.950042378942,5.1348931265,0.171253302459)
  );
#5931 = DIRECTION('',(-4.371138828675E-08,1.,6.169387817334E-28));
#5932 = DIRECTION('',(-1.,-4.371138828675E-08,4.371140912996E-08));
#5933 = ADVANCED_FACE('',(#5934),#5945,.T.);
#5934 = FACE_BOUND('',#5935,.T.);
#5935 = EDGE_LOOP('',(#5936,#5937,#5943,#5944));
#5936 = ORIENTED_EDGE('',*,*,#5055,.F.);
#5937 = ORIENTED_EDGE('',*,*,#5938,.T.);
#5938 = EDGE_CURVE('',#5048,#5192,#5939,.T.);
#5939 = LINE('',#5940,#5941);
#5940 = CARTESIAN_POINT('',(4.456305159051,5.134893104918,
    -4.456191365555E-02));
#5941 = VECTOR('',#5942,1.);
#5942 = DIRECTION('',(-4.371138828674E-08,1.,1.944579667552E-21));
#5943 = ORIENTED_EDGE('',*,*,#5191,.T.);
#5944 = ORIENTED_EDGE('',*,*,#5921,.F.);
#5945 = PLANE('',#5946);
#5946 = AXIS2_PLACEMENT_3D('',#5947,#5948,#5949);
#5947 = CARTESIAN_POINT('',(4.456305159051,5.134893104918,
    -4.456191365555E-02));
#5948 = DIRECTION('',(0.139173057674,6.083447563045E-09,-0.990268074825)
  );
#5949 = DIRECTION('',(-0.990268074825,-4.328599232664E-08,
    -0.139173057674));
#5950 = ADVANCED_FACE('',(#5951),#5962,.T.);
#5951 = FACE_BOUND('',#5952,.T.);
#5952 = EDGE_LOOP('',(#5953,#5954,#5960,#5961));
#5953 = ORIENTED_EDGE('',*,*,#5047,.F.);
#5954 = ORIENTED_EDGE('',*,*,#5955,.T.);
#5955 = EDGE_CURVE('',#5040,#5200,#5956,.T.);
#5956 = LINE('',#5957,#5958);
#5957 = CARTESIAN_POINT('',(4.44377958386,5.13489310437,
    4.45622130787E-02));
#5958 = VECTOR('',#5959,1.);
#5959 = DIRECTION('',(-4.371138828675E-08,1.,-1.944579050429E-21));
#5960 = ORIENTED_EDGE('',*,*,#5199,.T.);
#5961 = ORIENTED_EDGE('',*,*,#5938,.F.);
#5962 = PLANE('',#5963);
#5963 = AXIS2_PLACEMENT_3D('',#5964,#5965,#5966);
#5964 = CARTESIAN_POINT('',(4.456305159051,5.134893104918,
    -4.456191365555E-02));
#5965 = DIRECTION('',(-0.990268074825,-4.328599232665E-08,
    -0.139173057674));
#5966 = DIRECTION('',(-0.139173057674,-6.083447563043E-09,0.990268074825
    ));
#5967 = ADVANCED_FACE('',(#5968),#5974,.F.);
#5968 = FACE_BOUND('',#5969,.T.);
#5969 = EDGE_LOOP('',(#5970,#5971,#5972,#5973));
#5970 = ORIENTED_EDGE('',*,*,#5955,.F.);
#5971 = ORIENTED_EDGE('',*,*,#5039,.F.);
#5972 = ORIENTED_EDGE('',*,*,#5860,.T.);
#5973 = ORIENTED_EDGE('',*,*,#5207,.T.);
#5974 = PLANE('',#5975);
#5975 = AXIS2_PLACEMENT_3D('',#5976,#5977,#5978);
#5976 = CARTESIAN_POINT('',(4.44377958386,5.13489310437,
    4.45622130787E-02));
#5977 = DIRECTION('',(0.139173057674,6.083447563045E-09,-0.990268074825)
  );
#5978 = DIRECTION('',(-0.990268074825,-4.328599232664E-08,
    -0.139173057674));
#5979 = ADVANCED_FACE('',(#5980),#5992,.F.);
#5980 = FACE_BOUND('',#5981,.F.);
#5981 = EDGE_LOOP('',(#5982,#5983,#5984,#5991));
#5982 = ORIENTED_EDGE('',*,*,#5228,.T.);
#5983 = ORIENTED_EDGE('',*,*,#3521,.F.);
#5984 = ORIENTED_EDGE('',*,*,#5985,.T.);
#5985 = EDGE_CURVE('',#3522,#3541,#5986,.T.);
#5986 = CIRCLE('',#5987,0.15);
#5987 = AXIS2_PLACEMENT_3D('',#5988,#5989,#5990);
#5988 = CARTESIAN_POINT('',(7.125147919732,4.327246377081,1.000000032779
    ));
#5989 = DIRECTION('',(4.371140912996E-08,1.91068637704E-15,1.));
#5990 = DIRECTION('',(1.,4.371138828674E-08,-4.371140912996E-08));
#5991 = ORIENTED_EDGE('',*,*,#3540,.T.);
#5992 = CYLINDRICAL_SURFACE('',#5993,0.15);
#5993 = AXIS2_PLACEMENT_3D('',#5994,#5995,#5996);
#5994 = CARTESIAN_POINT('',(7.125147919732,4.327246377081,1.000000032779
    ));
#5995 = DIRECTION('',(4.371140912996E-08,1.91068637704E-15,1.));
#5996 = DIRECTION('',(1.,4.371138828674E-08,-4.371140912996E-08));
#5997 = ADVANCED_FACE('',(#5998),#6002,.T.);
#5998 = FACE_BOUND('',#5999,.T.);
#5999 = EDGE_LOOP('',(#6000,#6001));
#6000 = ORIENTED_EDGE('',*,*,#5985,.T.);
#6001 = ORIENTED_EDGE('',*,*,#3548,.T.);
#6002 = PLANE('',#6003);
#6003 = AXIS2_PLACEMENT_3D('',#6004,#6005,#6006);
#6004 = CARTESIAN_POINT('',(7.125147919732,4.327246377081,1.000000032779
    ));
#6005 = DIRECTION('',(4.371140912996E-08,1.91068637704E-15,1.));
#6006 = DIRECTION('',(1.,4.371138828674E-08,-4.371140912996E-08));
#6007 = ( GEOMETRIC_REPRESENTATION_CONTEXT(3) 
GLOBAL_UNCERTAINTY_ASSIGNED_CONTEXT((#6011)) 
GLOBAL_UNIT_ASSIGNED_CONTEXT((#6008,#6009,#6010)) REPRESENTATION_CONTEXT
('Context #1','3D Context with UNIT and UNCERTAINTY') );
#6008 = ( LENGTH_UNIT() NAMED_UNIT(*) SI_UNIT(.MILLI.,.METRE.) );
#6009 = ( NAMED_UNIT(*) PLANE_ANGLE_UNIT() SI_UNIT($,.RADIAN.) );
#6010 = ( NAMED_UNIT(*) SI_UNIT($,.STERADIAN.) SOLID_ANGLE_UNIT() );
#6011 = UNCERTAINTY_MEASURE_WITH_UNIT(LENGTH_MEASURE(1.E-07),#6008,
  'distance_accuracy_value','confusion accuracy');
#6012 = PRODUCT_RELATED_PRODUCT_CATEGORY('part',$,(#3511));
#6013 = MECHANICAL_DESIGN_GEOMETRIC_PRESENTATION_REPRESENTATION('',(
    #6014,#6022,#6030,#6037,#6044),#3501);
#6014 = STYLED_ITEM('color',(#6015),#2223);
#6015 = PRESENTATION_STYLE_ASSIGNMENT((#6016));
#6016 = SURFACE_STYLE_USAGE(.BOTH.,#6017);
#6017 = SURFACE_SIDE_STYLE('',(#6018));
#6018 = SURFACE_STYLE_FILL_AREA(#6019);
#6019 = FILL_AREA_STYLE('',(#6020));
#6020 = FILL_AREA_STYLE_COLOUR('',#6021);
#6021 = COLOUR_RGB('',0.752941164258,0.752941164258,0.752941164258);
#6022 = OVER_RIDING_STYLED_ITEM('overriding color',(#6023),#2225,#6014);
#6023 = PRESENTATION_STYLE_ASSIGNMENT((#6024));
#6024 = SURFACE_STYLE_USAGE(.BOTH.,#6025);
#6025 = SURFACE_SIDE_STYLE('',(#6026));
#6026 = SURFACE_STYLE_FILL_AREA(#6027);
#6027 = FILL_AREA_STYLE('',(#6028));
#6028 = FILL_AREA_STYLE_COLOUR('',#6029);
#6029 = COLOUR_RGB('',0.55686275255,0.494117641438,0.286274508045);
#6030 = OVER_RIDING_STYLED_ITEM('overriding color',(#6031),#2265,#6014);
#6031 = PRESENTATION_STYLE_ASSIGNMENT((#6032));
#6032 = SURFACE_STYLE_USAGE(.BOTH.,#6033);
#6033 = SURFACE_SIDE_STYLE('',(#6034));
#6034 = SURFACE_STYLE_FILL_AREA(#6035);
#6035 = FILL_AREA_STYLE('',(#6036));
#6036 = FILL_AREA_STYLE_COLOUR('',#6029);
#6037 = OVER_RIDING_STYLED_ITEM('overriding color',(#6038),#2296,#6014);
#6038 = PRESENTATION_STYLE_ASSIGNMENT((#6039));
#6039 = SURFACE_STYLE_USAGE(.BOTH.,#6040);
#6040 = SURFACE_SIDE_STYLE('',(#6041));
#6041 = SURFACE_STYLE_FILL_AREA(#6042);
#6042 = FILL_AREA_STYLE('',(#6043));
#6043 = FILL_AREA_STYLE_COLOUR('',#6029);
#6044 = OVER_RIDING_STYLED_ITEM('overriding color',(#6045),#2327,#6014);
#6045 = PRESENTATION_STYLE_ASSIGNMENT((#6046));
#6046 = SURFACE_STYLE_USAGE(.BOTH.,#6047);
#6047 = SURFACE_SIDE_STYLE('',(#6048));
#6048 = SURFACE_STYLE_FILL_AREA(#6049);
#6049 = FILL_AREA_STYLE('',(#6050));
#6050 = FILL_AREA_STYLE_COLOUR('',#6029);
#6051 = MECHANICAL_DESIGN_GEOMETRIC_PRESENTATION_REPRESENTATION('',(
    #6052,#6060,#6068,#6076,#6083,#6090,#6097,#6104,#6111,#6118,#6125,
    #6132,#6139,#6146,#6153,#6160,#6167,#6174),#6007);
#6052 = STYLED_ITEM('color',(#6053),#3515);
#6053 = PRESENTATION_STYLE_ASSIGNMENT((#6054));
#6054 = SURFACE_STYLE_USAGE(.BOTH.,#6055);
#6055 = SURFACE_SIDE_STYLE('',(#6056));
#6056 = SURFACE_STYLE_FILL_AREA(#6057);
#6057 = FILL_AREA_STYLE('',(#6058));
#6058 = FILL_AREA_STYLE_COLOUR('',#6059);
#6059 = COLOUR_RGB('',0.701960786465,0.701960786465,0.701960786465);
#6060 = OVER_RIDING_STYLED_ITEM('overriding color',(#6061),#3517,#6052);
#6061 = PRESENTATION_STYLE_ASSIGNMENT((#6062));
#6062 = SURFACE_STYLE_USAGE(.BOTH.,#6063);
#6063 = SURFACE_SIDE_STYLE('',(#6064));
#6064 = SURFACE_STYLE_FILL_AREA(#6065);
#6065 = FILL_AREA_STYLE('',(#6066));
#6066 = FILL_AREA_STYLE_COLOUR('',#6067);
#6067 = COLOUR_RGB('',0.752941164258,1.,1.);
#6068 = OVER_RIDING_STYLED_ITEM('overriding color',(#6069),#3559,#6052);
#6069 = PRESENTATION_STYLE_ASSIGNMENT((#6070));
#6070 = SURFACE_STYLE_USAGE(.BOTH.,#6071);
#6071 = SURFACE_SIDE_STYLE('',(#6072));
#6072 = SURFACE_STYLE_FILL_AREA(#6073);
#6073 = FILL_AREA_STYLE('',(#6074));
#6074 = FILL_AREA_STYLE_COLOUR('',#6075);
#6075 = COLOUR_RGB('',0.501960785193,0.501960785193,0.501960785193);
#6076 = OVER_RIDING_STYLED_ITEM('overriding color',(#6077),#3599,#6052);
#6077 = PRESENTATION_STYLE_ASSIGNMENT((#6078));
#6078 = SURFACE_STYLE_USAGE(.BOTH.,#6079);
#6079 = SURFACE_SIDE_STYLE('',(#6080));
#6080 = SURFACE_STYLE_FILL_AREA(#6081);
#6081 = FILL_AREA_STYLE('',(#6082));
#6082 = FILL_AREA_STYLE_COLOUR('',#6075);
#6083 = OVER_RIDING_STYLED_ITEM('overriding color',(#6084),#3630,#6052);
#6084 = PRESENTATION_STYLE_ASSIGNMENT((#6085));
#6085 = SURFACE_STYLE_USAGE(.BOTH.,#6086);
#6086 = SURFACE_SIDE_STYLE('',(#6087));
#6087 = SURFACE_STYLE_FILL_AREA(#6088);
#6088 = FILL_AREA_STYLE('',(#6089));
#6089 = FILL_AREA_STYLE_COLOUR('',#6075);
#6090 = OVER_RIDING_STYLED_ITEM('overriding color',(#6091),#3654,#6052);
#6091 = PRESENTATION_STYLE_ASSIGNMENT((#6092));
#6092 = SURFACE_STYLE_USAGE(.BOTH.,#6093);
#6093 = SURFACE_SIDE_STYLE('',(#6094));
#6094 = SURFACE_STYLE_FILL_AREA(#6095);
#6095 = FILL_AREA_STYLE('',(#6096));
#6096 = FILL_AREA_STYLE_COLOUR('',#6075);
#6097 = OVER_RIDING_STYLED_ITEM('overriding color',(#6098),#3678,#6052);
#6098 = PRESENTATION_STYLE_ASSIGNMENT((#6099));
#6099 = SURFACE_STYLE_USAGE(.BOTH.,#6100);
#6100 = SURFACE_SIDE_STYLE('',(#6101));
#6101 = SURFACE_STYLE_FILL_AREA(#6102);
#6102 = FILL_AREA_STYLE('',(#6103));
#6103 = FILL_AREA_STYLE_COLOUR('',#6075);
#6104 = OVER_RIDING_STYLED_ITEM('overriding color',(#6105),#3695,#6052);
#6105 = PRESENTATION_STYLE_ASSIGNMENT((#6106));
#6106 = SURFACE_STYLE_USAGE(.BOTH.,#6107);
#6107 = SURFACE_SIDE_STYLE('',(#6108));
#6108 = SURFACE_STYLE_FILL_AREA(#6109);
#6109 = FILL_AREA_STYLE('',(#6110));
#6110 = FILL_AREA_STYLE_COLOUR('',#6075);
#6111 = OVER_RIDING_STYLED_ITEM('overriding color',(#6112),#3726,#6052);
#6112 = PRESENTATION_STYLE_ASSIGNMENT((#6113));
#6113 = SURFACE_STYLE_USAGE(.BOTH.,#6114);
#6114 = SURFACE_SIDE_STYLE('',(#6115));
#6115 = SURFACE_STYLE_FILL_AREA(#6116);
#6116 = FILL_AREA_STYLE('',(#6117));
#6117 = FILL_AREA_STYLE_COLOUR('',#6075);
#6118 = OVER_RIDING_STYLED_ITEM('overriding color',(#6119),#3852,#6052);
#6119 = PRESENTATION_STYLE_ASSIGNMENT((#6120));
#6120 = SURFACE_STYLE_USAGE(.BOTH.,#6121);
#6121 = SURFACE_SIDE_STYLE('',(#6122));
#6122 = SURFACE_STYLE_FILL_AREA(#6123);
#6123 = FILL_AREA_STYLE('',(#6124));
#6124 = FILL_AREA_STYLE_COLOUR('',#6075);
#6125 = OVER_RIDING_STYLED_ITEM('overriding color',(#6126),#3876,#6052);
#6126 = PRESENTATION_STYLE_ASSIGNMENT((#6127));
#6127 = SURFACE_STYLE_USAGE(.BOTH.,#6128);
#6128 = SURFACE_SIDE_STYLE('',(#6129));
#6129 = SURFACE_STYLE_FILL_AREA(#6130);
#6130 = FILL_AREA_STYLE('',(#6131));
#6131 = FILL_AREA_STYLE_COLOUR('',#6075);
#6132 = OVER_RIDING_STYLED_ITEM('overriding color',(#6133),#3961,#6052);
#6133 = PRESENTATION_STYLE_ASSIGNMENT((#6134));
#6134 = SURFACE_STYLE_USAGE(.BOTH.,#6135);
#6135 = SURFACE_SIDE_STYLE('',(#6136));
#6136 = SURFACE_STYLE_FILL_AREA(#6137);
#6137 = FILL_AREA_STYLE('',(#6138));
#6138 = FILL_AREA_STYLE_COLOUR('',#6075);
#6139 = OVER_RIDING_STYLED_ITEM('overriding color',(#6140),#3992,#6052);
#6140 = PRESENTATION_STYLE_ASSIGNMENT((#6141));
#6141 = SURFACE_STYLE_USAGE(.BOTH.,#6142);
#6142 = SURFACE_SIDE_STYLE('',(#6143));
#6143 = SURFACE_STYLE_FILL_AREA(#6144);
#6144 = FILL_AREA_STYLE('',(#6145));
#6145 = FILL_AREA_STYLE_COLOUR('',#6075);
#6146 = OVER_RIDING_STYLED_ITEM('overriding color',(#6147),#4712,#6052);
#6147 = PRESENTATION_STYLE_ASSIGNMENT((#6148));
#6148 = SURFACE_STYLE_USAGE(.BOTH.,#6149);
#6149 = SURFACE_SIDE_STYLE('',(#6150));
#6150 = SURFACE_STYLE_FILL_AREA(#6151);
#6151 = FILL_AREA_STYLE('',(#6152));
#6152 = FILL_AREA_STYLE_COLOUR('',#6075);
#6153 = OVER_RIDING_STYLED_ITEM('overriding color',(#6154),#4736,#6052);
#6154 = PRESENTATION_STYLE_ASSIGNMENT((#6155));
#6155 = SURFACE_STYLE_USAGE(.BOTH.,#6156);
#6156 = SURFACE_SIDE_STYLE('',(#6157));
#6157 = SURFACE_STYLE_FILL_AREA(#6158);
#6158 = FILL_AREA_STYLE('',(#6159));
#6159 = FILL_AREA_STYLE_COLOUR('',#6075);
#6160 = OVER_RIDING_STYLED_ITEM('overriding color',(#6161),#5217,#6052);
#6161 = PRESENTATION_STYLE_ASSIGNMENT((#6162));
#6162 = SURFACE_STYLE_USAGE(.BOTH.,#6163);
#6163 = SURFACE_SIDE_STYLE('',(#6164));
#6164 = SURFACE_STYLE_FILL_AREA(#6165);
#6165 = FILL_AREA_STYLE('',(#6166));
#6166 = FILL_AREA_STYLE_COLOUR('',#6075);
#6167 = OVER_RIDING_STYLED_ITEM('overriding color',(#6168),#5979,#6052);
#6168 = PRESENTATION_STYLE_ASSIGNMENT((#6169));
#6169 = SURFACE_STYLE_USAGE(.BOTH.,#6170);
#6170 = SURFACE_SIDE_STYLE('',(#6171));
#6171 = SURFACE_STYLE_FILL_AREA(#6172);
#6172 = FILL_AREA_STYLE('',(#6173));
#6173 = FILL_AREA_STYLE_COLOUR('',#6067);
#6174 = OVER_RIDING_STYLED_ITEM('overriding color',(#6175),#5997,#6052);
#6175 = PRESENTATION_STYLE_ASSIGNMENT((#6176));
#6176 = SURFACE_STYLE_USAGE(.BOTH.,#6177);
#6177 = SURFACE_SIDE_STYLE('',(#6178));
#6178 = SURFACE_STYLE_FILL_AREA(#6179);
#6179 = FILL_AREA_STYLE('',(#6180));
#6180 = FILL_AREA_STYLE_COLOUR('',#6067);
#6181 = MECHANICAL_DESIGN_GEOMETRIC_PRESENTATION_REPRESENTATION('',(
    #6182,#6190,#6197,#6205,#6212,#6220,#6227,#6234,#6241,#6248,#6255,
    #6262,#6269,#6276,#6283,#6290,#6297,#6304,#6311,#6318,#6325,#6332,
    #6339,#6346,#6353,#6360,#6367,#6374,#6381,#6388,#6395,#6402,#6409,
    #6416),#2209);
#6182 = STYLED_ITEM('color',(#6183),#257);
#6183 = PRESENTATION_STYLE_ASSIGNMENT((#6184));
#6184 = SURFACE_STYLE_USAGE(.BOTH.,#6185);
#6185 = SURFACE_SIDE_STYLE('',(#6186));
#6186 = SURFACE_STYLE_FILL_AREA(#6187);
#6187 = FILL_AREA_STYLE('',(#6188));
#6188 = FILL_AREA_STYLE_COLOUR('',#6189);
#6189 = COLOUR_RGB('',0.941176459967,0.941176459967,0.941176459967);
#6190 = STYLED_ITEM('color',(#6191),#407);
#6191 = PRESENTATION_STYLE_ASSIGNMENT((#6192));
#6192 = SURFACE_STYLE_USAGE(.BOTH.,#6193);
#6193 = SURFACE_SIDE_STYLE('',(#6194));
#6194 = SURFACE_STYLE_FILL_AREA(#6195);
#6195 = FILL_AREA_STYLE('',(#6196));
#6196 = FILL_AREA_STYLE_COLOUR('',#6189);
#6197 = OVER_RIDING_STYLED_ITEM('overriding color',(#6198),#409,#6190);
#6198 = PRESENTATION_STYLE_ASSIGNMENT((#6199));
#6199 = SURFACE_STYLE_USAGE(.BOTH.,#6200);
#6200 = SURFACE_SIDE_STYLE('',(#6201));
#6201 = SURFACE_STYLE_FILL_AREA(#6202);
#6202 = FILL_AREA_STYLE('',(#6203));
#6203 = FILL_AREA_STYLE_COLOUR('',#6204);
#6204 = COLOUR_RGB('',0.250980388104,0.250980388104,0.250980388104);
#6205 = OVER_RIDING_STYLED_ITEM('overriding color',(#6206),#1085,#6190);
#6206 = PRESENTATION_STYLE_ASSIGNMENT((#6207));
#6207 = SURFACE_STYLE_USAGE(.BOTH.,#6208);
#6208 = SURFACE_SIDE_STYLE('',(#6209));
#6209 = SURFACE_STYLE_FILL_AREA(#6210);
#6210 = FILL_AREA_STYLE('',(#6211));
#6211 = FILL_AREA_STYLE_COLOUR('',#6021);
#6212 = OVER_RIDING_STYLED_ITEM('overriding color',(#6213),#1148,#6190);
#6213 = PRESENTATION_STYLE_ASSIGNMENT((#6214));
#6214 = SURFACE_STYLE_USAGE(.BOTH.,#6215);
#6215 = SURFACE_SIDE_STYLE('',(#6216));
#6216 = SURFACE_STYLE_FILL_AREA(#6217);
#6217 = FILL_AREA_STYLE('',(#6218));
#6218 = FILL_AREA_STYLE_COLOUR('',#6219);
#6219 = DRAUGHTING_PRE_DEFINED_COLOUR('white');
#6220 = OVER_RIDING_STYLED_ITEM('overriding color',(#6221),#1181,#6190);
#6221 = PRESENTATION_STYLE_ASSIGNMENT((#6222));
#6222 = SURFACE_STYLE_USAGE(.BOTH.,#6223);
#6223 = SURFACE_SIDE_STYLE('',(#6224));
#6224 = SURFACE_STYLE_FILL_AREA(#6225);
#6225 = FILL_AREA_STYLE('',(#6226));
#6226 = FILL_AREA_STYLE_COLOUR('',#6219);
#6227 = OVER_RIDING_STYLED_ITEM('overriding color',(#6228),#1231,#6190);
#6228 = PRESENTATION_STYLE_ASSIGNMENT((#6229));
#6229 = SURFACE_STYLE_USAGE(.BOTH.,#6230);
#6230 = SURFACE_SIDE_STYLE('',(#6231));
#6231 = SURFACE_STYLE_FILL_AREA(#6232);
#6232 = FILL_AREA_STYLE('',(#6233));
#6233 = FILL_AREA_STYLE_COLOUR('',#6204);
#6234 = OVER_RIDING_STYLED_ITEM('overriding color',(#6235),#1243,#6190);
#6235 = PRESENTATION_STYLE_ASSIGNMENT((#6236));
#6236 = SURFACE_STYLE_USAGE(.BOTH.,#6237);
#6237 = SURFACE_SIDE_STYLE('',(#6238));
#6238 = SURFACE_STYLE_FILL_AREA(#6239);
#6239 = FILL_AREA_STYLE('',(#6240));
#6240 = FILL_AREA_STYLE_COLOUR('',#6219);
#6241 = OVER_RIDING_STYLED_ITEM('overriding color',(#6242),#1300,#6190);
#6242 = PRESENTATION_STYLE_ASSIGNMENT((#6243));
#6243 = SURFACE_STYLE_USAGE(.BOTH.,#6244);
#6244 = SURFACE_SIDE_STYLE('',(#6245));
#6245 = SURFACE_STYLE_FILL_AREA(#6246);
#6246 = FILL_AREA_STYLE('',(#6247));
#6247 = FILL_AREA_STYLE_COLOUR('',#6204);
#6248 = OVER_RIDING_STYLED_ITEM('overriding color',(#6249),#1312,#6190);
#6249 = PRESENTATION_STYLE_ASSIGNMENT((#6250));
#6250 = SURFACE_STYLE_USAGE(.BOTH.,#6251);
#6251 = SURFACE_SIDE_STYLE('',(#6252));
#6252 = SURFACE_STYLE_FILL_AREA(#6253);
#6253 = FILL_AREA_STYLE('',(#6254));
#6254 = FILL_AREA_STYLE_COLOUR('',#6219);
#6255 = OVER_RIDING_STYLED_ITEM('overriding color',(#6256),#1362,#6190);
#6256 = PRESENTATION_STYLE_ASSIGNMENT((#6257));
#6257 = SURFACE_STYLE_USAGE(.BOTH.,#6258);
#6258 = SURFACE_SIDE_STYLE('',(#6259));
#6259 = SURFACE_STYLE_FILL_AREA(#6260);
#6260 = FILL_AREA_STYLE('',(#6261));
#6261 = FILL_AREA_STYLE_COLOUR('',#6204);
#6262 = OVER_RIDING_STYLED_ITEM('overriding color',(#6263),#1374,#6190);
#6263 = PRESENTATION_STYLE_ASSIGNMENT((#6264));
#6264 = SURFACE_STYLE_USAGE(.BOTH.,#6265);
#6265 = SURFACE_SIDE_STYLE('',(#6266));
#6266 = SURFACE_STYLE_FILL_AREA(#6267);
#6267 = FILL_AREA_STYLE('',(#6268));
#6268 = FILL_AREA_STYLE_COLOUR('',#6204);
#6269 = OVER_RIDING_STYLED_ITEM('overriding color',(#6270),#1405,#6190);
#6270 = PRESENTATION_STYLE_ASSIGNMENT((#6271));
#6271 = SURFACE_STYLE_USAGE(.BOTH.,#6272);
#6272 = SURFACE_SIDE_STYLE('',(#6273));
#6273 = SURFACE_STYLE_FILL_AREA(#6274);
#6274 = FILL_AREA_STYLE('',(#6275));
#6275 = FILL_AREA_STYLE_COLOUR('',#6021);
#6276 = OVER_RIDING_STYLED_ITEM('overriding color',(#6277),#1468,#6190);
#6277 = PRESENTATION_STYLE_ASSIGNMENT((#6278));
#6278 = SURFACE_STYLE_USAGE(.BOTH.,#6279);
#6279 = SURFACE_SIDE_STYLE('',(#6280));
#6280 = SURFACE_STYLE_FILL_AREA(#6281);
#6281 = FILL_AREA_STYLE('',(#6282));
#6282 = FILL_AREA_STYLE_COLOUR('',#6204);
#6283 = OVER_RIDING_STYLED_ITEM('overriding color',(#6284),#1499,#6190);
#6284 = PRESENTATION_STYLE_ASSIGNMENT((#6285));
#6285 = SURFACE_STYLE_USAGE(.BOTH.,#6286);
#6286 = SURFACE_SIDE_STYLE('',(#6287));
#6287 = SURFACE_STYLE_FILL_AREA(#6288);
#6288 = FILL_AREA_STYLE('',(#6289));
#6289 = FILL_AREA_STYLE_COLOUR('',#6021);
#6290 = OVER_RIDING_STYLED_ITEM('overriding color',(#6291),#1571,#6190);
#6291 = PRESENTATION_STYLE_ASSIGNMENT((#6292));
#6292 = SURFACE_STYLE_USAGE(.BOTH.,#6293);
#6293 = SURFACE_SIDE_STYLE('',(#6294));
#6294 = SURFACE_STYLE_FILL_AREA(#6295);
#6295 = FILL_AREA_STYLE('',(#6296));
#6296 = FILL_AREA_STYLE_COLOUR('',#6021);
#6297 = OVER_RIDING_STYLED_ITEM('overriding color',(#6298),#1595,#6190);
#6298 = PRESENTATION_STYLE_ASSIGNMENT((#6299));
#6299 = SURFACE_STYLE_USAGE(.BOTH.,#6300);
#6300 = SURFACE_SIDE_STYLE('',(#6301));
#6301 = SURFACE_STYLE_FILL_AREA(#6302);
#6302 = FILL_AREA_STYLE('',(#6303));
#6303 = FILL_AREA_STYLE_COLOUR('',#6021);
#6304 = OVER_RIDING_STYLED_ITEM('overriding color',(#6305),#1619,#6190);
#6305 = PRESENTATION_STYLE_ASSIGNMENT((#6306));
#6306 = SURFACE_STYLE_USAGE(.BOTH.,#6307);
#6307 = SURFACE_SIDE_STYLE('',(#6308));
#6308 = SURFACE_STYLE_FILL_AREA(#6309);
#6309 = FILL_AREA_STYLE('',(#6310));
#6310 = FILL_AREA_STYLE_COLOUR('',#6021);
#6311 = OVER_RIDING_STYLED_ITEM('overriding color',(#6312),#1888,#6190);
#6312 = PRESENTATION_STYLE_ASSIGNMENT((#6313));
#6313 = SURFACE_STYLE_USAGE(.BOTH.,#6314);
#6314 = SURFACE_SIDE_STYLE('',(#6315));
#6315 = SURFACE_STYLE_FILL_AREA(#6316);
#6316 = FILL_AREA_STYLE('',(#6317));
#6317 = FILL_AREA_STYLE_COLOUR('',#6021);
#6318 = OVER_RIDING_STYLED_ITEM('overriding color',(#6319),#1912,#6190);
#6319 = PRESENTATION_STYLE_ASSIGNMENT((#6320));
#6320 = SURFACE_STYLE_USAGE(.BOTH.,#6321);
#6321 = SURFACE_SIDE_STYLE('',(#6322));
#6322 = SURFACE_STYLE_FILL_AREA(#6323);
#6323 = FILL_AREA_STYLE('',(#6324));
#6324 = FILL_AREA_STYLE_COLOUR('',#6021);
#6325 = OVER_RIDING_STYLED_ITEM('overriding color',(#6326),#1936,#6190);
#6326 = PRESENTATION_STYLE_ASSIGNMENT((#6327));
#6327 = SURFACE_STYLE_USAGE(.BOTH.,#6328);
#6328 = SURFACE_SIDE_STYLE('',(#6329));
#6329 = SURFACE_STYLE_FILL_AREA(#6330);
#6330 = FILL_AREA_STYLE('',(#6331));
#6331 = FILL_AREA_STYLE_COLOUR('',#6021);
#6332 = OVER_RIDING_STYLED_ITEM('overriding color',(#6333),#1983,#6190);
#6333 = PRESENTATION_STYLE_ASSIGNMENT((#6334));
#6334 = SURFACE_STYLE_USAGE(.BOTH.,#6335);
#6335 = SURFACE_SIDE_STYLE('',(#6336));
#6336 = SURFACE_STYLE_FILL_AREA(#6337);
#6337 = FILL_AREA_STYLE('',(#6338));
#6338 = FILL_AREA_STYLE_COLOUR('',#6021);
#6339 = OVER_RIDING_STYLED_ITEM('overriding color',(#6340),#2004,#6190);
#6340 = PRESENTATION_STYLE_ASSIGNMENT((#6341));
#6341 = SURFACE_STYLE_USAGE(.BOTH.,#6342);
#6342 = SURFACE_SIDE_STYLE('',(#6343));
#6343 = SURFACE_STYLE_FILL_AREA(#6344);
#6344 = FILL_AREA_STYLE('',(#6345));
#6345 = FILL_AREA_STYLE_COLOUR('',#6021);
#6346 = OVER_RIDING_STYLED_ITEM('overriding color',(#6347),#2042,#6190);
#6347 = PRESENTATION_STYLE_ASSIGNMENT((#6348));
#6348 = SURFACE_STYLE_USAGE(.BOTH.,#6349);
#6349 = SURFACE_SIDE_STYLE('',(#6350));
#6350 = SURFACE_STYLE_FILL_AREA(#6351);
#6351 = FILL_AREA_STYLE('',(#6352));
#6352 = FILL_AREA_STYLE_COLOUR('',#6021);
#6353 = OVER_RIDING_STYLED_ITEM('overriding color',(#6354),#2059,#6190);
#6354 = PRESENTATION_STYLE_ASSIGNMENT((#6355));
#6355 = SURFACE_STYLE_USAGE(.BOTH.,#6356);
#6356 = SURFACE_SIDE_STYLE('',(#6357));
#6357 = SURFACE_STYLE_FILL_AREA(#6358);
#6358 = FILL_AREA_STYLE('',(#6359));
#6359 = FILL_AREA_STYLE_COLOUR('',#6204);
#6360 = OVER_RIDING_STYLED_ITEM('overriding color',(#6361),#2071,#6190);
#6361 = PRESENTATION_STYLE_ASSIGNMENT((#6362));
#6362 = SURFACE_STYLE_USAGE(.BOTH.,#6363);
#6363 = SURFACE_SIDE_STYLE('',(#6364));
#6364 = SURFACE_STYLE_FILL_AREA(#6365);
#6365 = FILL_AREA_STYLE('',(#6366));
#6366 = FILL_AREA_STYLE_COLOUR('',#6204);
#6367 = OVER_RIDING_STYLED_ITEM('overriding color',(#6368),#2088,#6190);
#6368 = PRESENTATION_STYLE_ASSIGNMENT((#6369));
#6369 = SURFACE_STYLE_USAGE(.BOTH.,#6370);
#6370 = SURFACE_SIDE_STYLE('',(#6371));
#6371 = SURFACE_STYLE_FILL_AREA(#6372);
#6372 = FILL_AREA_STYLE('',(#6373));
#6373 = FILL_AREA_STYLE_COLOUR('',#6021);
#6374 = OVER_RIDING_STYLED_ITEM('overriding color',(#6375),#2105,#6190);
#6375 = PRESENTATION_STYLE_ASSIGNMENT((#6376));
#6376 = SURFACE_STYLE_USAGE(.BOTH.,#6377);
#6377 = SURFACE_SIDE_STYLE('',(#6378));
#6378 = SURFACE_STYLE_FILL_AREA(#6379);
#6379 = FILL_AREA_STYLE('',(#6380));
#6380 = FILL_AREA_STYLE_COLOUR('',#6021);
#6381 = OVER_RIDING_STYLED_ITEM('overriding color',(#6382),#2117,#6190);
#6382 = PRESENTATION_STYLE_ASSIGNMENT((#6383));
#6383 = SURFACE_STYLE_USAGE(.BOTH.,#6384);
#6384 = SURFACE_SIDE_STYLE('',(#6385));
#6385 = SURFACE_STYLE_FILL_AREA(#6386);
#6386 = FILL_AREA_STYLE('',(#6387));
#6387 = FILL_AREA_STYLE_COLOUR('',#6021);
#6388 = OVER_RIDING_STYLED_ITEM('overriding color',(#6389),#2134,#6190);
#6389 = PRESENTATION_STYLE_ASSIGNMENT((#6390));
#6390 = SURFACE_STYLE_USAGE(.BOTH.,#6391);
#6391 = SURFACE_SIDE_STYLE('',(#6392));
#6392 = SURFACE_STYLE_FILL_AREA(#6393);
#6393 = FILL_AREA_STYLE('',(#6394));
#6394 = FILL_AREA_STYLE_COLOUR('',#6021);
#6395 = OVER_RIDING_STYLED_ITEM('overriding color',(#6396),#2151,#6190);
#6396 = PRESENTATION_STYLE_ASSIGNMENT((#6397));
#6397 = SURFACE_STYLE_USAGE(.BOTH.,#6398);
#6398 = SURFACE_SIDE_STYLE('',(#6399));
#6399 = SURFACE_STYLE_FILL_AREA(#6400);
#6400 = FILL_AREA_STYLE('',(#6401));
#6401 = FILL_AREA_STYLE_COLOUR('',#6204);
#6402 = OVER_RIDING_STYLED_ITEM('overriding color',(#6403),#2163,#6190);
#6403 = PRESENTATION_STYLE_ASSIGNMENT((#6404));
#6404 = SURFACE_STYLE_USAGE(.BOTH.,#6405);
#6405 = SURFACE_SIDE_STYLE('',(#6406));
#6406 = SURFACE_STYLE_FILL_AREA(#6407);
#6407 = FILL_AREA_STYLE('',(#6408));
#6408 = FILL_AREA_STYLE_COLOUR('',#6204);
#6409 = OVER_RIDING_STYLED_ITEM('overriding color',(#6410),#2180,#6190);
#6410 = PRESENTATION_STYLE_ASSIGNMENT((#6411));
#6411 = SURFACE_STYLE_USAGE(.BOTH.,#6412);
#6412 = SURFACE_SIDE_STYLE('',(#6413));
#6413 = SURFACE_STYLE_FILL_AREA(#6414);
#6414 = FILL_AREA_STYLE('',(#6415));
#6415 = FILL_AREA_STYLE_COLOUR('',#6021);
#6416 = OVER_RIDING_STYLED_ITEM('overriding color',(#6417),#2197,#6190);
#6417 = PRESENTATION_STYLE_ASSIGNMENT((#6418));
#6418 = SURFACE_STYLE_USAGE(.BOTH.,#6419);
#6419 = SURFACE_SIDE_STYLE('',(#6420));
#6420 = SURFACE_STYLE_FILL_AREA(#6421);
#6421 = FILL_AREA_STYLE('',(#6422));
#6422 = FILL_AREA_STYLE_COLOUR('',#6021);
#6423 = MECHANICAL_DESIGN_GEOMETRIC_PRESENTATION_REPRESENTATION('',(
    #6424),#243);
#6424 = STYLED_ITEM('color',(#6425),#15);
#6425 = PRESENTATION_STYLE_ASSIGNMENT((#6426));
#6426 = SURFACE_STYLE_USAGE(.BOTH.,#6427);
#6427 = SURFACE_SIDE_STYLE('',(#6428));
#6428 = SURFACE_STYLE_FILL_AREA(#6429);
#6429 = FILL_AREA_STYLE('',(#6430));
#6430 = FILL_AREA_STYLE_COLOUR('',#6431);
#6431 = COLOUR_RGB('',0.,0.501960785193,0.);
ENDSEC;
END-ISO-10303-21;
